city_id,city,province,region,degurba,mean_residents,mean_area_km2,total_collisions,total_fatalities,total_injuries,total_accidents,years_recorded,harmful_accidents,severity_index,fatality_rate,per_capita_accidents_rate,collision_density,resident_density,frequency_subscore,severity_subscore,risk_score_equal,risk_score_frequency_heavy,risk_score_severity_heavy
1008,Alpignano,TO,Piemonte,2,16515.0,11.9193,100.0,1.0,137.0,238.0,4,138.0,0.5798319327731093,0.004201680672268907,144.11141386618226,19.967615547892912,1385.5679444262666,0.5734577507471323,0.1429404959750056,0.35819912336106896,0.4443025743154943,0.2720956724066436
1013,Avigliana,TO,Piemonte,2,12261.75,23.2173,133.0,2.0,183.0,318.0,4,185.0,0.5817610062893082,0.006289308176100629,259.34307908740595,13.69668307684356,528.1298859040456,0.6428554387205273,0.16203068380573848,0.4024430612631329,0.49860801224609064,0.3062781102801751
1024,Beinasco,TO,Piemonte,2,17411.5,6.7366,114.0,1.0,143.0,258.0,4,144.0,0.5581395348837209,0.003875968992248062,148.17792838066794,38.29825134340765,2584.6124157586914,0.6254485376188726,0.10261938738546852,0.36403396250217057,0.4685997925488514,0.2594681324554897
1028,Borgaro Torinese,TO,Piemonte,2,11739.25,11.1093,64.0,2.0,89.0,155.0,4,91.0,0.5870967741935483,0.012903225806451613,132.03569222906063,13.952274220697975,1056.7047428730884,0.5336190759093447,0.2209425227160928,0.37728079931271874,0.4398161099513691,0.3147454886740684
1059,Carmagnola,TO,Piemonte,2,28179.25,95.7163,258.0,7.0,365.0,630.0,4,372.0,0.5904761904761905,0.011111111111111112,223.56876070158006,6.581951036552812,294.4038789631442,0.5685365940871534,0.2134343749994425,0.39098548454329796,0.46200592836084015,0.31996504072575577
1063,Caselle Torinese,TO,Piemonte,2,13801.25,23.5512,114.0,2.0,169.0,285.0,4,171.0,0.6,0.007017543859649123,206.50303414545786,12.101294201569345,586.0104792961718,0.5968276652582077,0.19934469423067963,0.3980861797444437,0.4775827739499493,0.318589585538938
1078,Chieri,TO,Piemonte,2,35868.5,54.1967,218.0,5.0,296.0,519.0,4,301.0,0.5799614643545279,0.009633911368015413,144.69520610005995,9.576228810979266,661.8207381630247,0.5224366034499834,0.18401141205516344,0.35322400775257345,0.4209090460315374,0.28553896947360946
1082,Chivasso,TO,Piemonte,2,26173.75,51.2027,268.0,3.0,381.0,652.0,4,384.0,0.588957055214724,0.004601226993865031,249.10454176417213,12.733703496104697,511.1790979772551,0.6311319881214335,0.16188051346587104,0.39650625079365226,0.4903565457247647,0.30265595586253974
1086,Ciriè,TO,Piemonte,2,18129.0,17.7329,132.0,1.0,170.0,303.0,4,171.0,0.5643564356435643,0.0033003300330033004,167.1355287109052,17.08688370204535,1022.337011994654,0.5865435240077259,0.10912870729215014,0.34783611564993805,0.4433190789930531,0.25235315230682287
1090,Collegno,TO,Piemonte,2,48194.5,18.1075,542.0,2.0,804.0,1348.0,4,806.0,0.5979228486646885,0.001483679525222552,279.6999657637282,74.44429103962446,2661.5766947397483,0.778780838354346,0.1539994242760124,0.4663901313151792,0.5913464141308459,0.34143384849951247
1115,Giaveno,TO,Piemonte,2,16266.0,71.7379,80.0,2.0,97.0,179.0,4,99.0,0.553072625698324,0.0111731843575419,110.04549366777326,2.495194311514555,226.74207078824443,0.3941085057898087,0.14860951605905576,0.27135901092443226,0.3204588088705828,0.22225921297828163
1120,Grugliasco,TO,Piemonte,2,36797.25,13.1375,190.0,1.0,259.0,450.0,4,260.0,0.5777777777777777,0.0022222222222222222,122.29174734524999,34.25309229305424,2800.9324452902,0.5858666004763994,0.1244164256213181,0.35514151304885877,0.447431548019875,0.2628514780778425
1125,Ivrea,TO,Piemonte,2,22497.5,30.1076,222.0,3.0,277.0,502.0,4,280.0,0.5577689243027888,0.00597609561752988,223.13590398933215,16.673530935710584,747.2365781397388,0.6321295332779249,0.11779453630549515,0.37496203479171003,0.47782903418619593,0.27209503539722407
1130,Leini,TO,Piemonte,2,16269.75,31.9192,147.0,3.0,214.0,364.0,4,217.0,0.5961538461538461,0.008241758241758242,223.72808432827796,11.403794581317827,509.7167222236146,0.6058256687401241,0.2018293711682633,0.4038275199541937,0.4846267794685658,0.3230282604398216
1156,Moncalieri,TO,Piemonte,2,55864.0,47.5444,560.0,3.0,768.0,1331.0,4,771.0,0.5792637114951165,0.002253944402704733,238.25719604754406,27.994884781383295,1174.9859079092384,0.6802637222912297,0.12724982241200516,0.40375677235161744,0.5143595523274622,0.2931539923757725
1164,Nichelino,TO,Piemonte,2,46140.75,20.6222,460.0,6.0,680.0,1146.0,4,686.0,0.5986038394415357,0.005235602094240838,248.37047512231595,55.57118057239286,2237.4310209386003,0.737554685042356,0.18349874695903698,0.4605267160006965,0.5713379036173603,0.34971552838403264
1171,Orbassano,TO,Piemonte,2,22976.5,22.2081,268.0,7.0,375.0,650.0,4,382.0,0.5876923076923077,0.010769230769230769,282.8977433464627,29.268600195424188,1034.5999882925598,0.7116766288745586,0.20601462416241806,0.45884562651848837,0.5599780274609164,0.3577132255760602
1189,Pianezza,TO,Piemonte,2,15496.0,16.4634,120.0,2.0,187.0,309.0,4,189.0,0.6116504854368932,0.006472491909385114,199.40629839958697,18.76890557236051,941.2393551757231,0.6221662298368732,0.21558222399526342,0.4188742269160683,0.5001910280843902,0.33755742574774633
1191,Pinerolo,TO,Piemonte,2,35431.75,50.3375,288.0,6.0,399.0,693.0,4,405.0,0.5844155844155844,0.008658008658008658,195.58729105957227,13.767072262229949,703.8837844549292,0.5969691093601017,0.18446471224611405,0.3907169108031079,0.4732177902259054,0.30821603138031034
1194,Piossasco,TO,Piemonte,2,18026.5,40.1458,98.0,0.0,127.0,225.0,4,127.0,0.5644444444444444,0.0,124.81624275372369,5.604571337474904,449.0258009555171,0.46272706255160156,0.08433676452336743,0.2735319135374845,0.3492099731431313,0.1978538539318377
1197,Poirino,TO,Piemonte,2,10183.75,75.619,79.0,1.0,117.0,197.0,4,118.0,0.5989847715736041,0.005076142131979695,193.44544003927825,2.6051653684920457,134.6718417328978,0.4886828120419139,0.18296260703741185,0.33582270953966287,0.39696675054056324,0.27467866853876244
1214,Rivalta di Torino,TO,Piemonte,2,20162.0,25.1076,210.0,1.0,321.0,532.0,4,322.0,0.6052631578947368,0.0018796992481203006,263.8627120325365,21.18880339020854,803.0237856266627,0.6767999587527813,0.16980549097376435,0.4233027248632728,0.5247016184190763,0.3219038313074694
1217,Rivarolo Canavese,TO,Piemonte,2,12317.75,32.246,105.0,2.0,134.0,241.0,4,136.0,0.5643153526970954,0.008298755186721992,195.6526151285746,7.473795199404576,381.993115425169,0.5550795655155355,0.14668180560462513,0.35088068556008034,0.43256023754226236,0.2692011335778982
1219,Rivoli,TO,Piemonte,2,47009.5,29.5,655.0,10.0,905.0,1570.0,4,915.0,0.5828025477707006,0.006369426751592357,333.97504759676235,53.220338983050844,1593.542372881356,0.7829382526619085,0.1644515025960087,0.4736948776289586,0.5973922276421386,0.3499975276157786
1248,San Maurizio Canavese,TO,Piemonte,2,10259.0,17.3443,70.0,1.0,105.0,176.0,4,106.0,0.6022727272727273,0.005681818181818182,171.5566819378107,10.14742595550123,591.491152712995,0.5542678736021807,0.1932629074694425,0.3737653905358116,0.4459663837623592,0.30156439730926393
1249,San Mauro Torinese,TO,Piemonte,2,18534.25,12.5489,93.0,0.0,121.0,214.0,4,121.0,0.5654205607476636,0.0,115.46191510311989,17.053287539146858,1476.962124170246,0.5259452531373152,0.08604062023082673,0.30599293668407096,0.39397386326536865,0.21801201010277327
1257,Santena,TO,Piemonte,2,10483.25,16.1984,52.0,1.0,74.0,127.0,4,75.0,0.5905511811023622,0.007874015748031496,121.1456370877352,7.840280521532991,647.1781163571711,0.47986998868392367,0.18928774960616776,0.3345788691450457,0.39269531696059684,0.2764624213294945
1265,Settimo Torinese,TO,Piemonte,2,45797.0,31.3902,441.0,2.0,639.0,1082.0,4,641.0,0.5924214417744916,0.0018484288354898336,236.2600170316833,34.46935667819893,1458.9585284579264,0.6941042178032504,0.14715338047115403,0.4206287991372022,0.5300189666036215,0.3112386316707829
1272,Torino,TO,Piemonte,1,850135.25,130.040725,11614.0,85.0,16500.0,28199.0,4,16585.0,0.5881414234547324,0.0030142912869250684,331.7001618271916,216.8474529805951,6537.453939909978,0.8868419714334052,0.14848771715986572,0.5176648442966354,0.6653356951513433,0.3699939934419275
1280,Trofarello,TO,Piemonte,2,10564.5,12.3476,37.0,0.0,48.0,85.0,4,48.0,0.5647058823529412,0.0,80.45813810402764,6.88392886066928,855.5913699828307,0.40452285422979717,0.08479311636491474,0.24465798529735594,0.30860393287033244,0.18071203772437947
1292,Venaria Reale,TO,Piemonte,2,32217.75,20.4469,285.0,2.0,391.0,678.0,4,393.0,0.5796460176991151,0.0029498525073746312,210.44300114067556,33.15906078672073,1575.6789537778343,0.6722945724733274,0.13317218366934425,0.4027333780713358,0.5105578558321324,0.2949089003105392
1309,Vinovo,TO,Piemonte,2,15257.5,17.6327,56.0,0.0,69.0,125.0,4,69.0,0.552,0.0,81.92692118630181,7.089101498919621,865.295728958129,0.4094052582849406,0.06261441686571681,0.23600983757532873,0.30536800585917345,0.16665166929148395
1314,Volpiano,TO,Piemonte,2,15147.75,32.4806,125.0,2.0,175.0,302.0,4,177.0,0.5860927152317881,0.006622516556291391,199.36954333151786,9.297857798193382,466.3629982204762,0.5728852047050853,0.17209840969526996,0.3724918072001776,0.4526491662021407,0.2923344481982145
2016,Borgosesia,VC,Piemonte,2,12092.75,41.0898,106.0,0.0,142.0,248.0,4,142.0,0.5725806451612904,0.0,205.08155713133903,6.035561136827145,294.3005320055099,0.5487439156092637,0.09853887546313345,0.3236413955361986,0.41368240356542463,0.23360038750697254
2158,Vercelli,VC,Piemonte,2,45542.25,79.7747,622.0,6.0,833.0,1461.0,4,839.0,0.5742642026009582,0.004106776180698152,320.80101444263295,18.314077019405904,570.8858823662139,0.6983811347092468,0.13250622124149639,0.4154436779753716,0.5286186606689216,0.3022686952818215
3008,Arona,NO,Piemonte,2,13697.75,15.1698,121.0,0.0,148.0,269.0,4,148.0,0.550185873605948,0.0,196.38261758317972,17.73260029796042,902.9618056928898,0.6155969525055114,0.059447776168942895,0.33752236433722715,0.4487521996045408,0.22629252906991343
3024,Borgomanero,NO,Piemonte,2,21252.5,32.2544,249.0,5.0,319.0,573.0,4,324.0,0.5654450261780105,0.008726003490401396,269.6153393718386,17.76501810605685,658.9023513071086,0.6676813046742109,0.15186108513702654,0.40977119490561875,0.5129352388130556,0.30660715099818187
3032,Cameri,NO,Piemonte,2,10716.5,39.9852,77.0,4.0,104.0,185.0,4,108.0,0.5837837837837838,0.021621621621621623,172.63098959548358,4.626711883396857,268.01166431579685,0.5036594149097777,0.2800465776367396,0.39185299627325865,0.43657556372786627,0.3471304288186511
3068,Galliate,NO,Piemonte,2,15639.25,29.3663,140.0,4.0,154.0,298.0,4,158.0,0.5302013422818792,0.013422818791946308,190.54622184567674,10.14768629347245,532.5577277355336,0.5714589102434827,0.1255116568526089,0.3484852835480458,0.43767473422622055,0.259295832869871
3106,Novara,NO,Piemonte,1,101895.5,103.0499,1608.0,19.0,2099.0,3726.0,4,2118.0,0.5684380032206119,0.005099302200751476,365.66874886525903,36.15724032725893,988.797660162698,0.769284417638251,0.12981628067737438,0.44955034915781267,0.5774439765499879,0.3216567217656373
3108,Oleggio,NO,Piemonte,2,14226.0,37.7945,127.0,4.0,160.0,291.0,4,164.0,0.563573883161512,0.013745704467353952,204.55504006748208,7.699533000833455,376.403974123219,0.5643545654801942,0.18617675133152162,0.3752656584058579,0.4509012212355924,0.2996300955761234
3149,Trecate,NO,Piemonte,2,20754.0,38.2225,182.0,3.0,253.0,438.0,4,256.0,0.5844748858447488,0.00684931506849315,211.04365423532812,11.45921904637321,542.9786120740403,0.5965967720478296,0.17098001096044202,0.3837883915041358,0.46891174372161326,0.2986650392866583
4003,Alba,CN,Piemonte,2,31114.25,53.5852,224.0,3.0,271.0,498.0,4,274.0,0.5502008032128514,0.006024096385542169,160.05528013691477,9.293610922418877,580.650067555967,0.5368934597285765,0.10494527935820523,0.32091936954339084,0.4073090056174651,0.2345297334693166
4025,Borgo San Dalmazzo,CN,Piemonte,2,12521.25,22.3398,74.0,1.0,94.0,169.0,4,95.0,0.5621301775147929,0.005917159763313609,134.9705500648897,7.564973724026177,560.4906937394247,0.49513449686456795,0.12496373948549788,0.3100491181750329,0.3840832696508469,0.2360149666992189
4029,Bra,CN,Piemonte,2,29627.75,59.5299,304.0,8.0,410.0,722.0,4,418.0,0.5789473684210527,0.0110803324099723,243.69045911350003,12.128359026304429,497.6952758193782,0.6241245640151403,0.19307982065615148,0.4086021923356459,0.4948111410074436,0.3223932436638481
4034,Busca,CN,Piemonte,2,10149.25,76.7645,86.0,2.0,132.0,220.0,4,134.0,0.6090909090909091,0.00909090909090909,216.76478557528878,2.865908069485244,132.21280670101413,0.5126042435525827,0.23078526877413957,0.3716947561633611,0.4280585511190498,0.31533096120767246
4078,Cuneo,CN,Piemonte,2,55766.5,119.669,833.0,7.0,1090.0,1930.0,4,1097.0,0.5683937823834196,0.003626943005181347,346.0859117929223,16.127819234722445,466.0062338617353,0.7017625705960301,0.11864032351776069,0.4102014470568954,0.5268258964725492,0.2935769976412415
4089,Fossano,CN,Piemonte,2,24192.75,130.1431,235.0,7.0,329.0,571.0,4,336.0,0.5884413309982487,0.012259194395796848,236.02112203036035,4.387478091423978,185.89345113186945,0.5516179852800671,0.21847414701096346,0.3850460661455153,0.451674833799336,0.31841729849169453
4130,Mondovì,CN,Piemonte,2,22060.5,87.0516,174.0,2.0,267.0,443.0,4,269.0,0.6072234762979684,0.004514672686230248,200.81140499988666,5.088935757642594,253.41866203493103,0.5343839149098724,0.19311306094987887,0.36374848792987563,0.43200265872187427,0.2954943171378769
4203,Saluzzo,CN,Piemonte,2,17502.5,79.9307,169.0,5.0,232.0,406.0,4,237.0,0.583743842364532,0.012315270935960592,231.96686187687473,5.0794000302762266,218.97093357120605,0.5579021163019987,0.21069386615328778,0.38429799122764324,0.4537396412573854,0.31485634119790107
4215,Savigliano,CN,Piemonte,2,21665.25,110.7878,193.0,12.0,277.0,482.0,4,289.0,0.5995850622406639,0.024896265560165973,222.47608497478683,4.350659549156134,195.5562796625621,0.5414117305360546,0.331857158521334,0.4366344445286943,0.4785453589316384,0.3947235301257502
5005,Asti,AT,Piemonte,1,73563.75,151.3147,1069.0,17.0,1384.0,2470.0,4,1401.0,0.5672064777327935,0.006882591093117409,335.7631985862603,16.32359579075926,486.1639351629419,0.6976499169056037,0.1410874277226999,0.4193686723141518,0.5306811701507326,0.30805617447757105
5017,Canelli,AT,Piemonte,2,10089.666666666666,23.4325,40.0,1.0,47.0,88.0,3,48.0,0.5454545454545454,0.011363636363636364,87.21794575308071,3.755467833137736,430.5843024289626,0.37947172622523107,0.1367376480833603,0.2581046871542957,0.3066515027826698,0.20955787152592154
5080,Nizza Monferrato,AT,Piemonte,2,10105.0,30.3635,50.0,7.0,57.0,114.0,4,64.0,0.5614035087719298,0.06140350877192982,112.8154379020287,3.7545078795264053,332.80089581240634,0.4214021807182183,0.5301988000205663,0.4758004903693923,0.4540411665089227,0.49755981422986184
6001,Acqui Terme,AL,Piemonte,2,19007.5,33.2966,136.0,2.0,163.0,301.0,4,165.0,0.5481727574750831,0.006644518272425249,158.35854268052083,9.03996203816606,570.8540811974797,0.5332655484900393,0.10607286362233324,0.31966920605618626,0.40510774302972746,0.23423066908264503
6003,Alessandria,AL,Piemonte,1,91631.0,203.721,1479.0,28.0,1891.0,3398.0,4,1919.0,0.564743967039435,0.00824014125956445,370.8351976951032,16.679674653079456,449.78671810957144,0.71549770738271,0.14698984672708007,0.43124377705489503,0.544945349186021,0.31754220492376906
6039,Casale Monferrato,AL,Piemonte,2,32341.75,86.2099,366.0,5.0,495.0,866.0,4,500.0,0.5773672055427251,0.005773672055427252,267.7653497414333,10.045250023489182,375.15122973115615,0.6265278854828868,0.15048064139640155,0.38850426343964417,0.48371371225694126,0.29329481462234713
6114,Novi Ligure,AL,Piemonte,2,27387.75,55.1949,371.0,4.0,512.0,887.0,4,516.0,0.5817361894024803,0.004509582863585118,323.86742247902805,16.07032533802942,496.2007359375595,0.6906166715876546,0.1485854726972978,0.4196010721424762,0.5280073119205475,0.3111948323644048
6121,Ovada,AL,Piemonte,2,10823.25,35.3721,93.0,0.0,130.0,223.0,4,130.0,0.5829596412556054,0.0,206.03792760954428,6.304403753240548,305.98268126574334,0.5523381307881278,0.11665588844066015,0.33449700961439394,0.4216334580838874,0.2473605611449004
6174,Tortona,AL,Piemonte,2,26456.0,98.8665,399.0,5.0,555.0,959.0,4,560.0,0.583941605839416,0.005213764337851929,362.48866041729667,9.69994892101976,267.5931685656921,0.6738365610316223,0.1577406730358811,0.4157886170337517,0.5190077946328999,0.31256943943460347
6177,Valenza,AL,Piemonte,2,18114.25,48.4945,118.0,4.0,142.0,264.0,4,146.0,0.553030303030303,0.015151515151515152,145.7416122665857,5.443916320407468,373.53205002629164,0.4861978409616587,0.17826421367789783,0.33223102731977827,0.3938177527765304,0.27064430186302607
7003,Aosta,AO,Valle d'Aosta,2,33142.75,21.3922,403.0,2.0,500.0,905.0,4,502.0,0.554696132596685,0.0022099447513812156,273.0612275686236,42.30513925636447,1549.2913304849433,0.7329184134576777,0.08403361009966077,0.40847601177866927,0.5382529724502726,0.27869905110706583
8008,Bordighera,IM,Liguria,2,10188.5,10.6993,215.0,2.0,267.0,484.0,4,269.0,0.5557851239669421,0.004132231404958678,475.04539431712226,45.23660426383035,952.2585589711477,0.828774363338634,0.10044207340181115,0.46460821837022254,0.610274676357587,0.318941760382858
8031,Imperia,IM,Liguria,2,42314.25,45.4686,852.0,4.0,1064.0,1920.0,4,1068.0,0.55625,0.0020833333333333333,453.7478509012921,42.226943429091726,930.6257505179398,0.8161556960392945,0.0857894385462483,0.4509725672927714,0.5970458187913806,0.30489931579416213
8055,Sanremo,IM,Liguria,2,52985.75,56.0067,1327.0,9.0,1595.0,2931.0,4,1604.0,0.5472534970999658,0.0030706243602865915,553.1675969482361,52.33302444171858,946.0609177116309,0.8645752412172641,0.0775411717768949,0.4710582064970795,0.6284650203851533,0.31365139260900565
8059,Taggia,IM,Liguria,2,13787.25,31.3633,217.0,2.0,267.0,486.0,4,269.0,0.5534979423868313,0.00411522633744856,352.4995920143611,15.495818360950539,439.59819279221256,0.7019379296326475,0.09632147704529048,0.39912970333896897,0.5202529938564403,0.2780064128214976
8065,Ventimiglia,IM,Liguria,2,22974.75,53.8308,461.0,10.0,599.0,1070.0,4,609.0,0.569158878504673,0.009345794392523364,465.7286803991338,19.87709638348306,426.7956262957266,0.7654744707041374,0.16299418391653148,0.4642343273103344,0.5847303846678557,0.34373826995281326
9001,Alassio,SV,Liguria,2,10101.666666666666,17.2553,177.0,3.0,224.0,404.0,3,227.0,0.5618811881188119,0.007425742574257425,399.9340042897212,23.413096266074774,585.4239953328349,0.7522728330542222,0.13587486556928108,0.44407384931175164,0.5673534428087398,0.3207942558147634
9002,Albenga,SV,Liguria,2,23496.75,36.5893,573.0,7.0,706.0,1286.0,4,713.0,0.5544323483670296,0.005443234836702955,547.3097343249599,35.14688720472925,642.1754447338429,0.8334518056224671,0.10795901939728722,0.4707054125098772,0.6158039697549131,0.3256068552648412
9015,Cairo Montenotte,SV,Liguria,2,12745.75,100.4025,94.0,3.0,132.0,229.0,4,135.0,0.5895196506550219,0.013100436681222707,179.66773238138202,2.2808197007046638,126.94654017579244,0.4694634787899144,0.22664567905516275,0.34805457892253855,0.3966181388694889,0.2994910189755882
9029,Finale Ligure,SV,Liguria,2,11096.25,35.5308,290.0,5.0,358.0,653.0,4,363.0,0.555895865237366,0.007656967840735069,588.487101498254,18.378420975604264,312.2994697558175,0.7982938442649412,0.12716470744283787,0.46272927585388957,0.5969551032183102,0.3285034484894689
9034,Loano,SV,Liguria,2,10741.0,13.5303,235.0,1.0,283.0,519.0,4,284.0,0.5472061657032755,0.0019267822736030828,483.1952332185085,38.35835125606971,793.8478821607798,0.8194059920922245,0.0688201395881092,0.44411306584016685,0.5942302363409898,0.2939958953393438
9056,Savona,SV,Liguria,1,58548.0,65.374,1449.0,8.0,1765.0,3222.0,4,1773.0,0.5502793296089385,0.002482929857231533,550.31768805083,49.28564872885245,895.5854009239148,0.8592831793383977,0.07838580278186512,0.4688344910601314,0.6250139663714379,0.31265501574882487
9065,Varazze,SV,Liguria,2,12537.5,48.0095,235.0,2.0,313.0,550.0,4,315.0,0.5727272727272728,0.0036363636363636364,438.68394815553336,11.456065986940084,261.14623147502056,0.716645789963538,0.1262756946155198,0.4214607422895289,0.5395347613591325,0.30338672321992527
10001,Arenzano,GE,Liguria,2,11136.25,24.305,100.0,2.0,120.0,222.0,4,122.0,0.5495495495495496,0.009009009009009009,199.34897294870356,9.133923061098539,458.1876157169307,0.5716564372809733,0.1262385970143589,0.3489475171476661,0.43803108520098893,0.2598639490943432
10015,Chiavari,GE,Liguria,2,27360.75,12.2802,616.0,8.0,716.0,1340.0,4,724.0,0.5402985074626866,0.005970149253731343,489.75265663404696,109.11874399439748,2228.0378169736646,0.8993174283971688,0.08725437122740905,0.49328589981228893,0.6556985112462408,0.33087328837833696
10025,Genova,GE,Liguria,1,562224.0,240.6542,15035.0,56.0,17834.0,32925.0,4,17890.0,0.5433561123766135,0.00170083523158694,585.6206778792794,136.81456629470833,2336.2318214267607,0.945638422447908,0.06039215350706384,0.5030152879774858,0.6800645417656547,0.325966034189317
10028,Lavagna,GE,Liguria,2,12333.0,13.8679,359.0,2.0,448.0,809.0,4,450.0,0.5562422744128553,0.002472187886279357,655.9636746939107,58.336157601367184,889.3199402937719,0.9006461058603352,0.0887132698321102,0.49467968784622274,0.6570662550518677,0.3322931206405777
10046,Rapallo,GE,Liguria,2,29319.75,33.6304,560.0,2.0,669.0,1231.0,4,671.0,0.545085296506905,0.0016246953696181965,419.85351171138905,36.60378704981207,871.8228150720776,0.7928786292026322,0.06283502770728576,0.427856828454959,0.5738655487540282,0.2818481081558897
10059,Sestri Levante,GE,Liguria,2,17372.5,33.6243,397.0,5.0,478.0,880.0,4,483.0,0.5488636363636363,0.005681818181818182,506.54770470571304,26.171548552683625,516.6650309448821,0.7991788585480805,0.10003489347607535,0.4496068760120779,0.5894356690264789,0.30977808299767684
11002,Arcola,SP,Liguria,2,10177.0,16.5379,105.0,3.0,139.0,247.0,4,142.0,0.5748987854251012,0.012145748987854251,242.7041367790115,14.935390829549096,615.374382479033,0.6380924953475685,0.19398647574287525,0.41603948554522185,0.5048606894661605,0.32721828162428324
11015,La Spezia,SP,Liguria,1,92514.25,51.5856,1828.0,9.0,2212.0,4049.0,4,2221.0,0.5485305013583601,0.002222771054581378,437.66230607717193,78.49089668434603,1793.4123088613876,0.8562302469154666,0.07336811126409636,0.46479917908978147,0.6213716062200555,0.3082267519595074
11026,Santo Stefano di Magra,SP,Liguria,2,10075.0,13.8525,43.0,0.0,62.0,105.0,2,62.0,0.5904761904761905,0.0,104.21836228287842,7.579859231185707,727.3055405161524,0.4530511124115302,0.1297763693174328,0.29141374086448146,0.35606868948330095,0.226758792245662
11027,Sarzana,SP,Liguria,2,21715.0,34.5435,280.0,4.0,378.0,662.0,4,382.0,0.5770392749244713,0.006042296072507553,304.8583928160258,19.164242187386918,628.6276723551464,0.6932684947482668,0.1519300237741094,0.42259925926118813,0.5308669534560195,0.3143315650663566
12026,Busto Arsizio,VA,Lombardia,1,83296.25,30.6597,1528.0,8.0,1944.0,3480.0,4,1952.0,0.5609195402298851,0.0022988505747126436,417.78591473205574,113.50404602784762,2716.799251134225,0.8761573330913428,0.09556844263003979,0.4858628878606913,0.6419806659529518,0.3297451097684307
12032,Cardano al Campo,VA,Lombardia,1,14722.5,9.4198,95.0,0.0,119.0,214.0,4,119.0,0.5560747663551402,0.0,145.35574800475462,22.71810441835283,1562.931272426166,0.5841718469352248,0.06972710813813175,0.3269494775366783,0.4298384252960969,0.22406052977725965
12034,Caronno Pertusella,VA,Lombardia,1,18255.75,8.5453,174.0,1.0,231.0,406.0,4,232.0,0.5714285714285714,0.0024630541871921183,222.39568355175766,47.51149754835992,2136.349806326285,0.7078377668105964,0.11515266594704318,0.4114952163788198,0.5300322365515304,0.29295819620610913
12040,Cassano Magnago,VA,Lombardia,1,21357.5,12.3236,236.0,1.0,303.0,540.0,4,304.0,0.562962962962963,0.001851851851851852,252.83858129462718,43.818364763543116,1733.0568989580966,0.7228918325013163,0.09575812439025162,0.40932497844578397,0.5347517200679969,0.283898236823571
12042,Castellanza,VA,Lombardia,1,13964.5,6.9206,248.0,2.0,314.0,564.0,4,316.0,0.5602836879432624,0.0035460992907801418,403.88127036413766,81.49582406149756,2017.816374302806,0.845838524881706,0.10387390408323297,0.47485621448246945,0.623249138642164,0.3264632903227749
12050,Cislago,VA,Lombardia,2,10431.75,11.1335,49.0,0.0,63.0,112.0,4,63.0,0.5625,0.0,107.3645361516524,10.059729644765797,936.9695064445143,0.4770754578120637,0.08094264770185955,0.27900905275696164,0.3582356147790024,0.19978249073492077
12067,Fagnano Olona,VA,Lombardia,1,12440.0,8.6812,94.0,1.0,109.0,204.0,4,110.0,0.5392156862745098,0.004901960784313725,163.9871382636656,23.499055430124866,1432.9816154448692,0.6063470189070449,0.07732075590613895,0.34183388740659193,0.4476391400067731,0.23602863480641073
12070,Gallarate,VA,Lombardia,1,52832.25,20.9848,1174.0,10.0,1477.0,2661.0,4,1487.0,0.5588124765125893,0.003757985719654265,503.6696336044746,126.80606915481683,2517.64372307575,0.9151702128115653,0.10290418624758804,0.5090371995295767,0.6714904048423721,0.3465839942167812
12075,Gerenzano,VA,Lombardia,2,10850.25,9.7868,59.0,1.0,85.0,145.0,4,86.0,0.593103448275862,0.006896551724137931,133.6374737909265,14.815874443127479,1108.6616667347857,0.5398299612806514,0.1863967480682241,0.3631133546744377,0.4337999973169232,0.29242671203195225
12083,Induno Olona,VA,Lombardia,2,10331.25,12.3656,67.0,1.0,86.0,154.0,4,87.0,0.564935064935065,0.006493506493506494,149.06231094978827,12.453904379892604,835.483114446529,0.5454732998951248,0.1341963942584616,0.33983484707679323,0.42209022820412584,0.2575794659494606
12090,Lonate Pozzolo,VA,Lombardia,2,11349.25,29.2578,163.0,7.0,206.0,376.0,4,213.0,0.5664893617021277,0.018617021276595744,331.29942507214133,12.851273848341297,387.9051056470411,0.678560226928974,0.227559252101655,0.45305973951531453,0.5432599344807783,0.3628595445498507
12092,Luino,VA,Lombardia,2,14155.5,20.9338,129.0,2.0,156.0,287.0,4,158.0,0.5505226480836237,0.006968641114982578,202.74804846172864,13.70988544841357,676.203078275325,0.602566621252108,0.11261204051626081,0.35758933088418443,0.45558024703135386,0.25959841473701495
12096,Malnate,VA,Lombardia,2,16481.25,9.0011,92.0,1.0,141.0,234.0,4,142.0,0.6068376068376068,0.004273504273504274,141.97952218430035,25.996822610569822,1831.0262079079225,0.5901073624329516,0.19062161668754365,0.3903644895602476,0.4702616387093292,0.310467340411166
12108,Olgiate Olona,VA,Lombardia,1,12695.5,7.2066,189.0,1.0,272.0,462.0,4,273.0,0.5909090909090909,0.0021645021645021645,363.9084715056516,64.10790109066689,1761.6490439319514,0.8108491249874799,0.14690169345252735,0.4788754092200036,0.611664895526994,0.3460859229130131
12118,Samarate,VA,Lombardia,1,16091.75,16.0203,132.0,3.0,173.0,308.0,4,176.0,0.5714285714285714,0.00974025974025974,191.4024267093386,19.22560751047109,1004.4599664176077,0.6171805427511176,0.16991429247010478,0.3935474176106112,0.48300066766681365,0.3040941675544086
12119,Saronno,VA,Lombardia,2,38594.25,11.0575,495.0,4.0,595.0,1094.0,4,599.0,0.5475319926873857,0.003656307129798903,283.46191466345374,98.93737282387521,3490.3233099706085,0.8022045231093449,0.08244662258936285,0.44232557284935387,0.5862771529533501,0.2983739927453574
12120,Sesto Calende,VA,Lombardia,2,10975.5,25.0378,77.0,3.0,96.0,176.0,4,99.0,0.5625,0.017045454545454544,160.35715912714684,7.029371590155685,438.35720390769154,0.5184418390770305,0.20890579215797933,0.3636738156175049,0.4255810250013151,0.30176660623369467
12123,Somma Lombardo,VA,Lombardia,2,17804.75,30.505,229.0,1.0,289.0,519.0,4,290.0,0.558766859344894,0.0019267822736030828,291.49524705485896,17.013604327159484,583.6666120308147,0.6773960930892156,0.0889998597490151,0.38319797641911535,0.5008772230871553,0.2655187297510752
12127,Tradate,VA,Lombardia,2,18936.0,21.4984,93.0,2.0,118.0,213.0,4,120.0,0.5633802816901409,0.009389671361502348,112.48415716096324,9.907714062441856,880.8097346779296,0.4836305727352749,0.15323648687800828,0.3184335298066416,0.38451234697809483,0.25235471263518827
12130,Uboldo,VA,Lombardia,2,10844.5,10.7362,77.0,0.0,105.0,182.0,4,105.0,0.5769230769230769,0.0,167.82700908294527,16.951994187887706,1010.0873679700452,0.5866539391639527,0.10611878896029736,0.34638636406212503,0.44249339410285604,0.25027933402139396
12133,Varese,VA,Lombardia,1,78839.25,54.8393,1324.0,17.0,1697.0,3038.0,4,1714.0,0.5641869651086241,0.005595786701777485,385.341057912144,55.39822718378973,1437.6414359774833,0.8094009659866475,0.1261347757421568,0.46776787086440214,0.6044211089133003,0.331114632815504
13041,Cantù,CO,Lombardia,2,39844.5,23.2534,452.0,11.0,567.0,1030.0,4,578.0,0.5611650485436893,0.010679611650485437,258.5049379462661,44.294597779249486,1713.49136040321,0.7273248899802821,0.15903877400171407,0.4431818319909981,0.5568390551867116,0.32952460879528445
13075,Como,CO,Lombardia,1,83443.25,37.1193,1451.0,14.0,1795.0,3260.0,4,1809.0,0.5549079754601227,0.004294478527607362,390.6846868979816,87.82493204343831,2247.974773231176,0.845965058947105,0.10013418518078014,0.4730496220639426,0.6222157968172075,0.3238834473106776
13095,Erba,CO,Lombardia,2,16190.75,17.8017,170.0,1.0,242.0,413.0,4,243.0,0.5883777239709443,0.002421307506053269,255.0839213748591,23.200031457669773,909.5058337125106,0.6778028307703563,0.1444228949062218,0.4111128628382891,0.517788850011116,0.3044368756654621
13102,Fino Mornasco,CO,Lombardia,2,10032.5,7.2966,71.0,1.0,90.0,162.0,2,91.0,0.5617283950617284,0.006172839506172839,161.47520558185894,22.20212153605789,1374.955458706795,0.5997135681844149,0.12618652285924056,0.36295004552182775,0.4576554545868626,0.26824463645679286
13133,Lomazzo,CO,Lombardia,2,10015.0,9.477,34.0,0.0,55.0,89.0,1,55.0,0.6179775280898876,0.0,88.86669995007489,9.391157539305688,1056.7690197319826,0.44154974233050115,0.17778121351615062,0.3096654779233259,0.36241918368619597,0.25691177216045574
13143,Mariano Comense,CO,Lombardia,1,25327.75,13.8027,257.0,5.0,311.0,573.0,4,316.0,0.5514834205933682,0.008726003490401396,226.23407132493017,41.513616901041104,1834.9851840581916,0.7006760563995369,0.127490463232407,0.41408325981597194,0.5287203784493979,0.299446141182546
13165,Olgiate Comasco,CO,Lombardia,2,11936.5,10.9517,92.0,2.0,111.0,205.0,4,113.0,0.551219512195122,0.00975609756097561,171.74213546684538,18.718555110165543,1089.9221125487365,0.597516459569675,0.13475720423363963,0.36613683190165736,0.4586886829688644,0.2735849808344502
14045,Morbegno,SO,Lombardia,2,12281.25,14.8161,111.0,1.0,149.0,261.0,4,150.0,0.5747126436781609,0.0038314176245210726,212.51908396946567,17.615971814445096,828.9124668435013,0.6280633031883806,0.1312125054045997,0.37963790429649014,0.47900806385324624,0.2802677447397339
14061,Sondrio,SO,Lombardia,2,21237.5,20.8693,206.0,1.0,250.0,457.0,4,251.0,0.5492341356673961,0.002188183807439825,215.18540317834018,21.89819495622757,1017.6431408815821,0.6457416335683308,0.07433505432979501,0.3600383439490629,0.47431965979677,0.24575702810135575
15002,Abbiategrasso,MI,Lombardia,2,32533.75,47.7777,360.0,3.0,446.0,809.0,4,449.0,0.5550061804697157,0.003708281829419036,248.66484804241747,16.932585704209284,680.9400619954497,0.650987930056213,0.09588521499307817,0.37343657252464557,0.48445711553727255,0.2624160295120186
15009,Arese,MI,Lombardia,1,19531.75,6.5849,176.0,2.0,220.0,398.0,4,222.0,0.5577889447236181,0.005025125628140704,203.77078346794323,60.441312700268796,2966.1422345062188,0.711348540252127,0.11066910118236462,0.4110088207172458,0.5311447085311982,0.2908729329032933
15010,Arluno,MI,Lombardia,2,12409.25,12.3585,106.0,2.0,144.0,252.0,4,146.0,0.5793650793650794,0.007936507936507936,203.07431956000565,20.390824129141887,1004.1064854148967,0.6311071492542576,0.17023131255296955,0.40066923090361356,0.49284439824387116,0.30849406356335596
15012,Bareggio,MI,Lombardia,1,17201.5,11.3841,170.0,1.0,204.0,375.0,4,205.0,0.5466666666666666,0.0026666666666666666,218.0042438159463,32.94068042269481,1511.0109714426262,0.6775950674214131,0.0734672279932447,0.37553114770732887,0.4963567155929625,0.2547055798216952
15027,Bollate,MI,Lombardia,1,36283.25,13.0991,303.0,3.0,369.0,675.0,4,372.0,0.5511111111111111,0.0044444444444444444,186.03625639930272,51.53025780397127,2769.9040392088004,0.6846006166691894,0.09463703296710937,0.38961882481814936,0.5076115415585654,0.27162610807773335
15032,Bresso,MI,Lombardia,1,26237.25,3.3825,210.0,0.0,248.0,458.0,4,248.0,0.5414847161572053,0.0,174.56097723656254,135.40280857354028,7756.7627494456765,0.746236975780463,0.044259507382068713,0.39524824158126587,0.5356437352609447,0.25485274790158696
15036,Buccinasco,MI,Lombardia,1,26703.5,12.0057,291.0,2.0,371.0,664.0,4,373.0,0.5617469879518072,0.0030120481927710845,248.65654314977436,55.30706247865598,2224.235154968057,0.7373900470764421,0.1023980898979172,0.41989406848717964,0.5468924599228846,0.2928956770514747
15041,Busto Garolfo,MI,Lombardia,2,14038.5,12.9872,77.0,1.0,100.0,178.0,4,101.0,0.5674157303370787,0.0056179775280898875,126.79417316664886,13.705802636442035,1080.9489343353457,0.5257458047429817,0.1319378027031583,0.32884180372307004,0.4076034041310347,0.2500802033151053
15046,Canegrate,MI,Lombardia,1,12575.5,5.2538,62.0,1.0,72.0,135.0,4,73.0,0.5407407407407407,0.007407407407407408,107.35159635799769,25.695686931363966,2393.6008222619816,0.5436015070872975,0.0988354534760784,0.3212184802816879,0.41017169100393175,0.2322652695594441
15051,Carugate,MI,Lombardia,1,15705.0,5.3712,74.0,0.0,102.0,176.0,4,102.0,0.5795454545454546,0.0,112.06622094874243,32.76735180220435,2923.927613941019,0.5683601394655423,0.11069626918910443,0.3395282043273234,0.4310609783826109,0.2479954302720358
15059,Cassano d'Adda,MI,Lombardia,2,19404.75,18.5697,162.0,1.0,206.0,369.0,4,207.0,0.5609756097560976,0.0027100271002710027,190.15962586480114,19.871080308244075,1044.9684162910548,0.6184859946811757,0.09877154390195816,0.35862876929156695,0.4625716594474104,0.2546858791357234
15060,Cassina de' Pecchi,MI,Lombardia,1,13926.5,7.1469,36.0,1.0,49.0,86.0,4,50.0,0.5813953488372093,0.011627906976744186,61.75277348939073,12.033189214904365,1948.6070883879725,0.39953053258864124,0.2014520126390761,0.30049127261385866,0.34010697660377165,0.2608755686239457
15062,Castano Primo,MI,Lombardia,2,10847.5,19.1728,93.0,0.0,129.0,222.0,4,129.0,0.581081081081081,0.0,204.65545056464623,11.57890344654928,565.7754735875825,0.5922823203473015,0.11337677562939658,0.3528295479883491,0.44861065693193003,0.25704843904476804
15070,Cernusco sul Naviglio,MI,Lombardia,1,34877.75,13.3101,360.0,6.0,473.0,839.0,4,479.0,0.5709177592371871,0.007151370679380214,240.55450824666153,63.03483820557321,2620.397292281801,0.741670466364329,0.1495863828882898,0.44562842462630936,0.5640452413215171,0.32721160793110154
15072,Cerro Maggiore,MI,Lombardia,1,14985.5,10.1211,214.0,1.0,303.0,518.0,4,304.0,0.5868725868725869,0.0019305019305019305,345.6674785626105,51.18020768493543,1480.6196954876445,0.785690825530876,0.13808780143126187,0.46188931348106893,0.5914099183009917,0.3323687086611461
15074,Cesano Boscone,MI,Lombardia,1,23379.75,3.9495,191.0,7.0,223.0,421.0,4,230.0,0.5463182897862233,0.0166270783847981,180.0703600337899,106.59577161666034,5919.673376376756,0.7334091372687193,0.1775448076327731,0.4554769724507462,0.5666498383779354,0.3443041065235569
15076,Cesate,MI,Lombardia,1,14272.0,5.7681,29.0,1.0,38.0,68.0,4,39.0,0.5735294117647058,0.014705882352941176,47.6457399103139,11.788977306218687,2474.2982957993104,0.35617765209140584,0.21072209968215222,0.28344987588677906,0.3125409863686297,0.2543587654049283
15077,Cinisello Balsamo,MI,Lombardia,1,74637.0,12.724,1196.0,8.0,1558.0,2762.0,4,1566.0,0.5669804489500362,0.002896451846488052,370.0577461580717,217.07010374096197,5865.844074190506,0.9048842935744785,0.11066073684875946,0.507772515211619,0.6666172265567628,0.34892780386647515
15081,Cologno Monzese,MI,Lombardia,1,46851.75,8.4029,557.0,4.0,651.0,1212.0,4,655.0,0.5404290429042904,0.0033003300330033004,258.68830940146313,144.23591855192848,5575.664353973033,0.8154324825909509,0.06736234753667782,0.44139741506381436,0.5910114420746689,0.2917833880529597
15085,Corbetta,MI,Lombardia,2,18901.0,18.6867,94.0,1.0,132.0,227.0,4,133.0,0.5859030837004405,0.004405286343612335,120.09946563673878,12.147677224978194,1011.4680494683386,0.5084288038915569,0.15507285551696254,0.33175082970425973,0.40242201937917854,0.2610796400293408
15086,Cormano,MI,Lombardia,1,20519.5,4.4733,374.0,3.0,502.0,879.0,4,505.0,0.5745164960182025,0.0034129692832764505,428.37301103828065,196.49922875729328,4587.105716137974,0.9214344855538046,0.12771349367351525,0.5245739896136599,0.6833181879897177,0.36582979123760206
15087,Cornaredo,MI,Lombardia,1,20672.25,11.0674,107.0,0.0,146.0,253.0,4,146.0,0.5770750988142292,0.0,122.38629080046923,22.859930968429804,1867.8506243562174,0.5565141946800939,0.10638415013298191,0.33144917240653793,0.4214751813159603,0.2414231634971155
15093,Corsico,MI,Lombardia,1,34544.75,5.366,410.0,1.0,520.0,931.0,4,521.0,0.5596133190118152,0.0010741138560687433,269.5054964936785,173.49981364144617,6437.70965337309,0.8360139921737979,0.0840315360212089,0.4600227640975034,0.6104192553280211,0.3096262728669856
15098,Cusano Milanino,MI,Lombardia,1,18923.75,3.0817,199.0,1.0,242.0,442.0,4,243.0,0.5497737556561086,0.0022624434389140274,233.5689279344739,143.4273290716163,6140.685336015835,0.7982613153409817,0.0758379550253505,0.4370496351831661,0.5815343072462922,0.2925649631200398
15105,Garbagnate Milanese,MI,Lombardia,1,26852.75,8.9162,308.0,1.0,410.0,719.0,4,411.0,0.5716272600834492,0.0013908205841446453,267.7565612460549,80.63973441600682,3011.680985173056,0.7775820943365932,0.10739724672477555,0.4424896705306844,0.5765266400530479,0.30845270100832084
15108,Gorgonzola,MI,Lombardia,1,21153.75,10.5799,184.0,3.0,240.0,427.0,4,243.0,0.5690866510538641,0.00702576112412178,201.8554629793772,40.359549712190095,1999.4281609467007,0.6799129089947815,0.14544580689508904,0.41267935794493527,0.5195727783648737,0.3057859375249968
15114,Inzago,MI,Lombardia,2,11305.25,12.1607,101.0,1.0,142.0,244.0,4,143.0,0.5860655737704918,0.004098360655737705,215.82892903739412,20.064634437162333,929.6545429128257,0.6399280889463027,0.15304260166291836,0.39648534530461055,0.4938624427612873,0.29910824784793366
15116,Lainate,MI,Lombardia,1,26267.0,12.871,347.0,3.0,487.0,837.0,4,490.0,0.5854241338112306,0.0035842293906810036,318.6507785434195,65.02991220573382,2040.7893714552092,0.7901094573460397,0.14804536002003674,0.4690774086830382,0.5974902281482387,0.3406645892178376
15118,Legnano,MI,Lombardia,1,60287.25,17.6972,1103.0,5.0,1402.0,2510.0,4,1407.0,0.5605577689243028,0.00199203187250996,416.34010508026154,141.83034604344192,3406.598218927288,0.8922809682404316,0.09261901129059173,0.49244998976551163,0.6523823811554796,0.3325175983755436
15125,Locate di Triulzi,MI,Lombardia,2,10304.5,12.6104,98.0,1.0,141.0,240.0,4,142.0,0.5916666666666667,0.004166666666666667,232.90795283613954,19.031910169384002,817.1429930850726,0.6486149337427325,0.1633345804334033,0.4059747570880679,0.5030308277499337,0.308918686426202
15130,Magenta,MI,Lombardia,2,24434.75,21.9919,323.0,0.0,398.0,721.0,4,398.0,0.5520110957004161,0.0,295.07156815600734,32.784798039278094,1111.079533828364,0.7268889249894666,0.06263378491890857,0.39476135495418757,0.5276123829682992,0.261910326940076
15139,Mediglia,MI,Lombardia,2,12284.5,21.9542,54.0,3.0,78.0,135.0,4,81.0,0.6,0.022222222222222223,109.89458260409458,6.149165080030245,559.5512475972707,0.4479256968488696,0.3128023128918128,0.3803640048703412,0.40738868166175257,0.3533393280789298
15140,Melegnano,MI,Lombardia,2,18017.0,4.9986,212.0,3.0,270.0,485.0,4,273.0,0.5628865979381443,0.006185567010309278,269.19020924682246,97.02716760692995,3604.4092345856843,0.7922724049666842,0.12830398683344235,0.46028819590006326,0.5930818795267115,0.32749451227341486
15142,Melzo,MI,Lombardia,2,18397.25,9.8205,114.0,2.0,150.0,266.0,4,152.0,0.5714285714285714,0.007518796992481203,144.5868268355325,27.086197240466372,1873.3516623389849,0.5960700808294632,0.1532395475261674,0.3746548141778153,0.46322092083847444,0.28608870751715615
15146,Milano,MI,Lombardia,1,1361386.75,181.845,30803.0,163.0,38445.0,69411.0,4,38608.0,0.5562230770338995,0.0023483309561885004,509.8551164832477,381.70419863070197,7486.522862877726,1.0,0.08774429722538911,0.5438721486126945,0.7263232891676167,0.36142100805777233
15154,Nerviano,MI,Lombardia,1,16925.0,13.243,170.0,3.0,229.0,402.0,4,232.0,0.5771144278606966,0.007462686567164179,237.51846381093057,30.35565959374764,1278.033678169599,0.6856657719238932,0.16274281830628776,0.4242042951150905,0.5287888858386116,0.3196197043915694
15157,Novate Milanese,MI,Lombardia,1,20060.0,5.4619,273.0,0.0,372.0,645.0,4,372.0,0.5767441860465117,0.0,321.5353938185444,118.09077427268899,3672.714623116498,0.8361273710077439,0.10580652674313862,0.47096694887544127,0.6170311177283623,0.32490278002252015
15159,Opera,MI,Lombardia,2,14295.75,7.6168,131.0,1.0,175.0,307.0,4,176.0,0.5732899022801303,0.003257328990228013,214.74913873004215,40.30564016384834,1876.8708644049996,0.6899601378037908,0.1243979866594123,0.40717906223160155,0.5202914924604772,0.29406663200272587
15166,Paderno Dugnano,MI,Lombardia,1,47334.0,14.1139,494.0,6.0,611.0,1111.0,4,617.0,0.5553555355535553,0.0054005400540054005,234.71500401402795,78.71672606437626,3353.7151318912565,0.7541837300838774,0.10924898700824132,0.4317163585460594,0.5607033071611865,0.3027294099309321
15168,Parabiago,MI,Lombardia,1,28059.75,14.3077,318.0,6.0,378.0,702.0,4,384.0,0.5470085470085471,0.008547008547008548,250.18041857108494,49.064489750274326,1961.1642681912535,0.7295179989971945,0.11833580435624991,0.4239269016767222,0.5461633406049111,0.3016904627485333
15169,Paullo,MI,Lombardia,2,11119.0,8.8211,87.0,1.0,126.0,214.0,4,127.0,0.5934579439252337,0.004672897196261682,192.46335102077524,24.26001292355829,1260.5003911076851,0.6348714998964339,0.17027712943646175,0.40257431466644783,0.49549318875844217,0.3096554405744534
15170,Pero,MI,Lombardia,1,11658.0,5.0025,200.0,5.0,262.0,467.0,4,267.0,0.5717344753747323,0.010706638115631691,400.5832904443301,93.35332333833082,2330.4347826086955,0.8546338884901878,0.1776906443324627,0.5161622664113252,0.6515509152428702,0.38077361757978023
15171,Peschiera Borromeo,MI,Lombardia,2,24283.0,23.2213,167.0,1.0,206.0,374.0,4,207.0,0.553475935828877,0.00267379679144385,154.01721368858873,16.105902770301405,1045.7209544685268,0.5689577542247352,0.08540695735695161,0.32718235579084337,0.4238925151644001,0.23047219641728667
15173,Pieve Emanuele,MI,Lombardia,2,15705.0,12.9138,111.0,0.0,143.0,254.0,4,143.0,0.562992125984252,0.0,161.73193250557148,19.668881351732256,1216.140872554941,0.5912425555796144,0.08180167614374849,0.3365221158616814,0.43841029174885454,0.23463393997450824
15175,Pioltello,MI,Lombardia,1,36583.5,13.0918,239.0,2.0,300.0,541.0,4,302.0,0.5582255083179297,0.0036968576709796672,147.8808752579715,41.323576589926525,2794.3827433966303,0.63072109147303,0.10141852624989084,0.36606980886146046,0.47193032190608825,0.2602092958168326
15181,Rescaldina,MI,Lombardia,2,14219.75,8.0299,65.0,1.0,94.0,160.0,4,95.0,0.59375,0.00625,112.51955906397791,19.925528337837335,1770.850197387265,0.5328817949795545,0.1826622744618891,0.3577720347207218,0.42781593882425484,0.2877281306171887
15182,Rho,MI,Lombardia,1,50740.25,22.241,727.0,16.0,980.0,1723.0,4,996.0,0.5780615206035984,0.009286128845037725,339.57262725351177,77.46953824018705,2281.38348095859,0.8135822897192402,0.1780865965908316,0.4958344431550359,0.6229335817807176,0.36873530452935416
15189,Rozzano,MI,Lombardia,1,41425.0,12.2435,657.0,4.0,802.0,1463.0,4,806.0,0.5509227614490773,0.002734107997265892,353.1683765841883,119.49197533385062,3383.4279413566383,0.8524146310783653,0.08140565770248441,0.4669101443904249,0.621111939065601,0.3127083497152487
15192,San Donato Milanese,MI,Lombardia,1,32133.0,12.8132,374.0,3.0,519.0,896.0,4,522.0,0.5825892857142857,0.0033482142857142855,278.8410668160458,69.92788686666874,2507.8044516592263,0.7736145023230487,0.1413163112472223,0.45746540678513553,0.5839250450003007,0.3310057685699702
15195,San Giuliano Milanese,MI,Lombardia,1,39614.25,30.9043,484.0,7.0,672.0,1163.0,4,679.0,0.5838349097162511,0.0060189165950128975,293.5812239282581,37.63230359529256,1281.8361846086143,0.7361833405162157,0.16361617117216817,0.44989975584419195,0.5644131897130014,0.33538632197538243
15204,Sedriano,MI,Lombardia,1,12788.0,7.7527,79.0,2.0,102.0,183.0,4,104.0,0.5683060109289617,0.01092896174863388,143.1029089771661,23.604679659989422,1649.489855147239,0.5843891630174548,0.1733712950353594,0.3788802290264071,0.46108380262282617,0.296676655429988
15205,Segrate,MI,Lombardia,1,36920.25,17.3217,392.0,2.0,468.0,862.0,4,470.0,0.5452436194895591,0.002320185614849188,233.47620885557384,49.76416864395527,2131.444950553352,0.7192358084892517,0.06836655992776124,0.39380118420850646,0.5239750339208046,0.26362733449620834
15206,Senago,MI,Lombardia,1,21453.5,8.5991,92.0,1.0,113.0,206.0,4,114.0,0.5533980582524272,0.0048543689320388345,96.02162817255925,23.955995394866903,2494.854112639695,0.5203281124254796,0.10171816820719201,0.3110231403163358,0.39474512915999327,0.22730115147267826
15209,Sesto San Giovanni,MI,Lombardia,1,78968.0,11.6989,947.0,4.0,1123.0,2074.0,4,1127.0,0.5433944069431051,0.0019286403085824494,262.63803059467125,177.2816247681406,6750.036328201797,0.8333993052067851,0.0621805801833641,0.4477899426950746,0.6020336876997587,0.29354619769039036
15211,Settimo Milanese,MI,Lombardia,1,19965.5,10.7192,139.0,1.0,170.0,310.0,4,171.0,0.5516129032258065,0.0032258064516129032,155.26783701885753,28.920068661840435,1862.5923576386297,0.6125031928985067,0.08632190698380532,0.349412549941156,0.4546488071240963,0.24417629275821573
15213,Solaro,MI,Lombardia,2,14005.0,6.676,154.0,2.0,202.0,358.0,4,204.0,0.5698324022346368,0.00558659217877095,255.6229917886469,53.624925104853205,2097.8130617136007,0.739630899090156,0.13591992033856806,0.437775409714362,0.5585176054646797,0.31703321396404444
15220,Trezzano sul Naviglio,MI,Lombardia,2,21575.75,10.7661,271.0,5.0,359.0,635.0,4,364.0,0.573228346456693,0.007874015748031496,294.3119010926619,58.98143245929352,2004.045104541106,0.769815021544271,0.1590499484516766,0.4644324849979738,0.5865854996164925,0.3422794703794549
15221,Trezzo sull'Adda,MI,Lombardia,2,12055.75,13.0531,136.0,4.0,182.0,322.0,4,186.0,0.577639751552795,0.012422360248447204,267.09246625054436,24.668469558955344,923.5928629980617,0.6897965929150517,0.20083976060447384,0.44531817675976276,0.5431095432218783,0.3475268102976472
15242,Vimodrone,MI,Lombardia,1,16802.0,4.742,137.0,1.0,160.0,298.0,4,161.0,0.540268456375839,0.003355704697986577,177.35983811451018,62.84268241248419,3543.2307043441588,0.6915086269004036,0.06749988585194694,0.37950425637617524,0.5043060045858666,0.25470250816648393
15250,Baranzate,MI,Lombardia,1,11843.0,2.7721,91.0,4.0,138.0,233.0,4,142.0,0.6094420600858369,0.017167381974248927,196.7406907033691,84.05180188304895,4272.212402149995,0.7301535479348388,0.29175289140136945,0.5109532196681041,0.5986333509747979,0.4232730883614102
16004,Albino,BG,Lombardia,2,17507.75,31.8066,180.0,2.0,234.0,416.0,4,236.0,0.5673076923076923,0.004807692307692308,237.60905884536848,13.079046487207059,550.4439330201908,0.6252605893430208,0.12564638300636294,0.3754534861746919,0.47537632744202335,0.2755306449073603
16008,Alzano Lombardo,BG,Lombardia,1,13436.0,13.6844,77.0,2.0,86.0,165.0,4,88.0,0.5333333333333333,0.012121212121212121,122.80440607323608,12.057525357341206,981.8479436438572,0.5115462830456551,0.1212485347202283,0.3163974088829417,0.394456958548027,0.23833785921785633
16024,Bergamo,BG,Lombardia,1,119957.75,40.243,3562.0,19.0,4407.0,7988.0,4,4426.0,0.5540811216825238,0.0023785678517776665,665.9011193524386,198.49414805059263,2980.835176303953,0.9946883154516151,0.08423379900394448,0.5394610572277798,0.7215519605173139,0.35737015393824567
16030,Bonate Sopra,BG,Lombardia,1,10414.5,6.151,104.0,2.0,141.0,247.0,4,143.0,0.5789473684210527,0.008097165991902834,237.16933122089392,40.156072183384815,1693.1393269387092,0.7059637019682203,0.1707088430610049,0.4383362725146126,0.5453872442960557,0.33128530073316953
16053,Caravaggio,BG,Lombardia,2,16266.5,33.3882,146.0,2.0,199.0,347.0,4,201.0,0.579250720461095,0.005763688760806916,213.32185780592016,10.392893297632098,487.19308019000727,0.5915995998030203,0.1536932532059077,0.372646426504464,0.4602276958238865,0.2850651571850415
16062,Castelli Calepio,BG,Lombardia,2,10384.0,10.1527,88.0,1.0,126.0,215.0,4,127.0,0.5906976744186047,0.004651162790697674,207.04930662557783,21.17663281688615,1022.7821170723059,0.6370077194289141,0.16529516560261087,0.4011514425157625,0.4954939532810231,0.30680893175050183
16079,Cologno al Serio,BG,Lombardia,2,11106.0,18.5186,81.0,2.0,105.0,188.0,4,107.0,0.5691489361702128,0.010638297872340425,169.2778678191968,10.151955331396541,599.7213612260106,0.552109763532246,0.17266552879431324,0.36238764616327956,0.43827649311086614,0.28649879921569305
16091,Dalmine,BG,Lombardia,2,23494.0,11.8076,211.0,1.0,275.0,487.0,4,276.0,0.5667351129363449,0.002053388090349076,207.28696688516217,41.244622107794974,1989.735424641756,0.6858622714891449,0.10386543668015726,0.3948638540846511,0.5112632210464486,0.27846448712285354
16133,Martinengo,BG,Lombardia,2,10878.75,22.0512,60.0,2.0,88.0,150.0,4,90.0,0.6,0.013333333333333334,137.88348845225784,6.802350892468437,493.34049847627335,0.4915819467118275,0.24667986219539784,0.36913090445361263,0.4181113213568986,0.3201504875503267
16144,Nembro,BG,Lombardia,1,11246.75,15.2349,115.0,2.0,168.0,285.0,4,170.0,0.5964912280701754,0.007017543859649123,253.4065396670149,18.707047634050767,738.2227648360016,0.6612111700343957,0.19321997214675554,0.4272155710905756,0.5208138106681036,0.33361733151304757
16153,Osio Sotto,BG,Lombardia,2,12655.0,7.5856,163.0,3.0,207.0,373.0,4,210.0,0.5630026809651475,0.00804289544235925,294.745160015804,49.17211558742881,1668.2925543134359,0.7565707416038052,0.1424690693762302,0.4495199054900177,0.5723402399355326,0.32669957104450265
16170,Ponte San Pietro,BG,Lombardia,1,11746.5,4.5806,92.0,2.0,128.0,222.0,4,130.0,0.5855855855855856,0.009009009009009009,188.99246584088877,48.46526655896608,2564.4020434004283,0.682642506253216,0.18914114814655208,0.43589182719988406,0.5345920988212167,0.33719155557855124
16183,Romano di Lombardia,BG,Lombardia,2,20738.5,19.3832,127.0,2.0,175.0,304.0,4,177.0,0.5822368421052632,0.006578947368421052,146.58726523133302,15.683684840480417,1069.9213752115234,0.5589836994629331,0.1650401085021279,0.3620119039825305,0.4408006221746915,0.2832231857903695
16194,Scanzorosciate,BG,Lombardia,2,10053.0,10.6892,10.0,1.0,11.0,22.0,1,12.0,0.5454545454545454,0.045454545454545456,21.884014721973543,2.0581521535755716,940.4819818134192,0.12396730487255558,0.38773209734546976,0.2558497011090127,0.20309674261442984,0.30860265960359545
16198,Seriate,BG,Lombardia,1,25412.75,12.5534,317.0,3.0,378.0,698.0,4,381.0,0.5458452722063037,0.004297994269340974,274.66527628847723,55.602466264119684,2024.3718833144806,0.7541015115640544,0.08434132535222315,0.41922141845813876,0.553173455700505,0.2852693812157725
16207,Stezzano,BG,Lombardia,2,13567.75,9.3738,152.0,4.0,209.0,365.0,4,213.0,0.5835616438356165,0.010958904109589041,269.02028707781324,38.938317437965395,1447.4119353943972,0.7243606860857219,0.20022493962624166,0.4622928128559818,0.5671199621478777,0.3574656635640857
16219,Treviglio,BG,Lombardia,2,30962.75,32.2199,513.0,2.0,680.0,1195.0,4,682.0,0.5707112970711297,0.0016736401673640166,385.94763062066517,37.088879853754975,960.9821880266543,0.7800173329568271,0.1079363348150165,0.4439768338859218,0.5783930335142838,0.30956063425755964
16220,Treviolo,BG,Lombardia,2,10836.25,8.4155,106.0,1.0,147.0,254.0,4,148.0,0.5826771653543307,0.003937007874015748,234.39843119160224,30.182401521002912,1287.6537341809756,0.6830794502864519,0.14591127048440683,0.41449536038542933,0.5219289963458383,0.30706172442502033
16222,Urgnano,BG,Lombardia,2,10110.5,14.7781,35.0,0.0,54.0,89.0,2,54.0,0.6067415730337079,0.0,88.02729835319717,6.0224250749419745,684.1542552831555,0.4104132411493906,0.1581683394271804,0.2842907902882855,0.33473977063272753,0.23384180994384346
17009,Bagnolo Mella,BS,Lombardia,2,12472.25,31.3456,83.0,1.0,114.0,198.0,4,115.0,0.5808080808080808,0.005050505050505051,158.75243039547797,6.316676024705221,397.8947603491399,0.5097768393256931,0.1510412411140552,0.33040904021987416,0.40215615986220166,0.25866192057754656
17014,Bedizzole,BS,Lombardia,2,12225.5,26.4435,96.0,1.0,143.0,240.0,4,144.0,0.6,0.004166666666666667,196.31098932558996,9.075954393329173,462.32533514852423,0.5687075375642413,0.17788079538272294,0.3732941664734821,0.45145951490978575,0.29512881803717844
17023,Botticino,BS,Lombardia,2,10727.75,18.4824,30.0,0.0,32.0,62.0,4,32.0,0.5161290322580645,0.0,57.79403882454382,3.3545427000822405,580.4305717872138,0.3060133176770082,0.0,0.1530066588385041,0.21420932237390572,0.09180399530310245
17029,Brescia,BS,Lombardia,1,197813.5,90.3504,3315.0,28.0,4104.0,7447.0,4,4132.0,0.554854303746475,0.0037599033167718546,376.4657113897686,82.42354212045548,2189.403699374878,0.8351392388117093,0.09600947813082988,0.4655743584712696,0.6134003106074455,0.3177484063350937
17032,Calcinato,BS,Lombardia,2,12958.0,33.2958,195.0,5.0,320.0,520.0,4,325.0,0.625,0.009615384615384616,401.296496372897,15.617585401161708,389.1782146697181,0.7237828163343701,0.26248931011795695,0.49313606322616355,0.5853947644694462,0.40087736198288093
17039,Carpenedolo,BS,Lombardia,2,12980.25,29.8419,101.0,3.0,142.0,246.0,4,145.0,0.5894308943089431,0.012195121951219513,189.51869185878544,8.243442944316548,434.96727755270274,0.5564274996259402,0.21972224400517457,0.3880748718155574,0.45541592293971045,0.3207338206914042
17042,Castel Mella,BS,Lombardia,2,10935.25,7.5282,44.0,1.0,54.0,99.0,4,55.0,0.5555555555555556,0.010101010101010102,90.53290962712329,13.150553917271061,1452.5716638771553,0.467894228230816,0.14491161807680308,0.30640292315380957,0.3709994451846121,0.24180640112300694
17043,Castenedolo,BS,Lombardia,2,11636.25,26.195,169.0,3.0,250.0,422.0,4,253.0,0.5995260663507109,0.0071090047393364926,362.65979159952735,16.109944645924795,444.21645352166445,0.709363726670937,0.19920501250123307,0.454284369586085,0.5563161124200258,0.3522526267521442
17046,Cazzago San Martino,BS,Lombardia,2,10759.0,22.3414,82.0,0.0,117.0,199.0,4,117.0,0.5879396984924623,0.0,184.96142764197418,8.907230522706724,481.5723276070434,0.5576785211679023,0.12534880640392843,0.34151366378591536,0.4279796067387101,0.25504772083312055
17052,Chiari,BS,Lombardia,2,19313.75,37.9591,145.0,1.0,204.0,350.0,4,205.0,0.5857142857142857,0.002857142857142857,181.2180441395379,9.220450432175683,508.8042129555232,0.5566810205781205,0.14306475323984755,0.34987288690898405,0.43259614037663857,0.2671496334413294
17061,Concesio,BS,Lombardia,2,15663.0,19.0745,82.0,2.0,101.0,185.0,4,103.0,0.5567567567567567,0.010810810810810811,118.11274979250462,9.6988125507877,821.148653962096,0.49014016060121,0.15232664424115056,0.32123340242118026,0.3887961056931921,0.2536706991491684
17065,Darfo Boario Terme,BS,Lombardia,2,15706.5,36.0712,158.0,6.0,225.0,389.0,4,231.0,0.5938303341902313,0.015424164524421594,247.66816286250915,10.784226751535853,435.43048193572713,0.6186225919433305,0.2515156750748391,0.43506913350908477,0.508490516882783,0.36164775013538647
17067,Desenzano del Garda,BS,Lombardia,2,29214.5,59.2622,477.0,15.0,649.0,1141.0,4,664.0,0.581945661700263,0.013146362839614373,390.559482448784,19.25341954905488,492.9702238526413,0.7342710381357229,0.21376813620015975,0.47401958716794135,0.5781201675550539,0.3699190067808287
17075,Gardone Val Trompia,BS,Lombardia,2,11399.75,26.6562,42.0,0.0,61.0,103.0,4,61.0,0.5922330097087378,0.0,90.35285861532051,3.8640166265259115,427.65848095377436,0.38692531824344967,0.13284297773948067,0.2598841479914652,0.31070061609225896,0.20906767989067138
17077,Gavardo,BS,Lombardia,2,12283.5,29.7959,59.0,2.0,88.0,149.0,4,90.0,0.6040268456375839,0.013422818791946308,121.30093214474702,5.0006880141227485,412.25470618440795,0.4508201962188743,0.25437745371906517,0.35259882496896977,0.39188737346893154,0.3133102764690079
17078,Ghedi,BS,Lombardia,2,18510.0,60.84,167.0,5.0,211.0,383.0,4,216.0,0.5639686684073107,0.013054830287206266,206.9151809832523,6.295200525969756,304.2406311637081,0.5529390664906014,0.18170444192570243,0.36732175420815194,0.44156867912113174,0.29307482929517215
17081,Gussago,BS,Lombardia,2,16575.0,25.089,41.0,1.0,56.0,98.0,4,57.0,0.5816326530612245,0.01020408163265306,59.12518853695324,3.906094304276775,660.6480927896688,0.3187055618908438,0.19120289474466828,0.25495422831775605,0.28045476174699113,0.22945369488852094
17088,Leno,BS,Lombardia,2,14360.25,58.4516,104.0,2.0,156.0,262.0,4,158.0,0.6030534351145038,0.007633587786259542,182.4480771574311,4.482340945329127,245.67762045863586,0.5107517305177491,0.20930473846519254,0.3600282344914708,0.4203176329019821,0.2997388360809595
17092,Lonato del Garda,BS,Lombardia,2,16947.5,68.1952,310.0,8.0,460.0,778.0,4,468.0,0.6015424164524421,0.010282776349614395,459.0647588139844,11.408427572615082,248.51455820937545,0.7238165658047543,0.22654605291927235,0.4751813093620133,0.5746354119391097,0.3757272067849169
17096,Lumezzane,BS,Lombardia,2,21526.0,31.7179,67.0,2.0,84.0,153.0,4,86.0,0.5620915032679739,0.013071895424836602,71.07683731301681,4.823774587851024,678.6704037783081,0.3615050387807939,0.1785552978810283,0.2700301683309111,0.3066201165108642,0.23344022015095797
17103,Manerbio,BS,Lombardia,2,13365.75,27.8838,146.0,6.0,235.0,387.0,4,241.0,0.6227390180878553,0.015503875968992248,289.5460411873632,13.87902653153444,479.33746476448687,0.6618581257518139,0.3025714095023958,0.48221476762710486,0.5540721108769885,0.4103574243772212
17107,Mazzano,BS,Lombardia,2,12640.75,15.7266,108.0,6.0,150.0,264.0,4,156.0,0.5909090909090909,0.022727272727272728,208.84836738326445,16.78684521765671,803.7814912314169,0.6217675779944555,0.300673390060108,0.4612204840272818,0.5254393216141512,0.39700164644041225
17113,Montichiari,BS,Lombardia,2,26177.25,81.6612,309.0,6.0,413.0,728.0,4,419.0,0.5755494505494505,0.008241758241758242,278.10407892349275,8.91488246560178,320.5592129432338,0.6245893266418917,0.1658634550847805,0.3952263908633361,0.48697156517475837,0.30348121655191385
17117,Nave,BS,Lombardia,2,10596.75,27.2115,54.0,0.0,73.0,127.0,4,73.0,0.5748031496062992,0.0,119.84806662420081,4.667144405857817,389.42175183286474,0.4445338473797548,0.10241835874908345,0.27347610306441916,0.3418992007905534,0.20505300533828485
17125,Orzinuovi,BS,Lombardia,2,12422.0,47.8683,71.0,4.0,83.0,158.0,4,87.0,0.5506329113924051,0.02531645569620253,127.1936886169699,3.300723025467794,259.50367988836035,0.43341357913337697,0.24951227206920465,0.3414629256012908,0.37824318701412524,0.30468266418845635
17127,Ospitaletto,BS,Lombardia,2,14779.0,9.2899,70.0,2.0,88.0,160.0,4,90.0,0.5625,0.0125,108.2617227146627,17.223005629769965,1590.8675012648146,0.5161446671875367,0.1749932047486567,0.3455689359680967,0.4137992284558727,0.27733864348032067
17133,Palazzolo sull'Oglio,BS,Lombardia,2,20180.5,23.0394,197.0,0.0,256.0,453.0,4,256.0,0.565121412803532,0.0,224.47412105745644,19.66197036381156,875.9125671675478,0.6449075326041969,0.08551844379518858,0.3652129881996927,0.47709080596149434,0.25333517043789106
17161,Rezzato,BS,Lombardia,2,13433.0,18.2064,264.0,9.0,382.0,655.0,4,391.0,0.5969465648854961,0.013740458015267175,487.6051514925929,35.97635996133228,737.8174707795062,0.8161841917959181,0.24439111328720334,0.5302876525415607,0.6446462682433036,0.41592903683981775
17166,Rovato,BS,Lombardia,2,19409.75,26.0941,211.0,3.0,276.0,490.0,4,279.0,0.5693877551020409,0.006122448979591836,252.45044372029523,18.778191238632488,743.836729375606,0.6608633861361691,0.13917711230008145,0.4000202492181253,0.5043575039853428,0.29568299445090773
17170,Salò,BS,Lombardia,2,10400.0,27.3048,158.0,2.0,201.0,361.0,4,203.0,0.5623268698060941,0.00554016620498615,347.1153846153846,13.221118631156427,380.885412088717,0.6882056798974253,0.12246912465887841,0.40533740227815185,0.5184847133258612,0.2921900912304425
17174,Sarezzo,BS,Lombardia,2,13184.0,17.6791,71.0,0.0,84.0,155.0,4,84.0,0.5419354838709678,0.0,117.56674757281553,8.767414630835281,745.739319309241,0.4825054769717654,0.045046343068861044,0.2637759100203132,0.351267736800894,0.17628408323973233
17188,Travagliato,BS,Lombardia,2,13822.75,17.736,104.0,3.0,137.0,244.0,4,140.0,0.5737704918032787,0.012295081967213115,176.52059105460202,13.757329724853404,779.3611862877763,0.5801224102627406,0.1931339338879662,0.3866281720753534,0.46402586735030826,0.3092304768003985
17199,Villa Carcina,BS,Lombardia,2,10688.75,14.2195,36.0,0.0,56.0,92.0,4,56.0,0.6086956521739131,0.0,86.07180446731377,6.469988396216463,751.6966138049861,0.41142239401905134,0.16157927405134917,0.28650083403520027,0.3364694580287407,0.2365322100416598
18102,Mortara,PV,Lombardia,2,15448.25,51.9695,103.0,5.0,142.0,250.0,4,147.0,0.588,0.02,161.83062806466754,4.810513859090428,297.25608289477486,0.4955131936008051,0.27537921174657287,0.385446202673689,0.4294729990445354,0.3414194063028425
18110,Pavia,PV,Lombardia,1,71047.75,63.2096,1357.0,11.0,1766.0,3134.0,4,1777.0,0.5670070197830249,0.0035098915124441607,441.1117874950297,49.58107629220878,1124.0025249329215,0.8233808858213567,0.1153366233265023,0.4693587545739295,0.6109676070729003,0.3277499020749586
18153,Stradella,PV,Lombardia,2,11482.0,18.835,124.0,3.0,194.0,321.0,4,197.0,0.6137071651090342,0.009345794392523364,279.5680195087964,17.04273958056809,609.6097690469869,0.6706636869876672,0.240755258225044,0.45570947260635564,0.5416911583588802,0.36972778685383095
18177,Vigevano,PV,Lombardia,1,62468.75,81.3639,763.0,14.0,944.0,1721.0,4,958.0,0.5566531086577571,0.008134805345729227,275.4977488744372,21.151886770422756,767.7698586228045,0.6837523828259413,0.13207586404997543,0.40791412343795835,0.5182494271931515,0.29757881968276517
18182,Voghera,PV,Lombardia,2,38879.25,63.4413,526.0,4.0,713.0,1243.0,4,717.0,0.5768302493966211,0.003218020917135961,319.7078132937235,19.592915025385672,612.838166935419,0.7026625370389394,0.13028118476156308,0.41647186090025123,0.5309481313557265,0.301995590444776
19021,Casalmaggiore,CR,Lombardia,2,15069.0,64.5302,157.0,5.0,219.0,381.0,4,224.0,0.5879265091863517,0.013123359580052493,252.83695002986263,5.9042122912992685,233.51856959997028,0.5816356174562594,0.224036080200242,0.4028358488282507,0.47435575627945414,0.3313159413770472
19035,Crema,CR,Lombardia,2,33956.0,34.51,536.0,2.0,671.0,1209.0,4,673.0,0.5566583953680728,0.0016542597187758478,356.0490045941807,35.03332367429731,983.9466821211244,0.7625877610007702,0.08325986625584549,0.42292381362830783,0.5587893925772928,0.2870582346793229
19036,Cremona,CR,Lombardia,1,70820.75,70.4899,1317.0,12.0,1685.0,3014.0,4,1697.0,0.5630391506303916,0.003981420039814201,425.581485652157,42.75789864931004,1004.6935802150379,0.8065504146631179,0.11196713375808633,0.4592587742106021,0.5981754303916084,0.3203421180295958
20015,Castel Goffredo,MN,Lombardia,2,12674.0,42.4042,46.0,2.0,54.0,102.0,4,56.0,0.5490196078431373,0.0196078431372549,80.4797222660565,2.405422104414185,298.8854877582881,0.34117242662467134,0.20442579951902348,0.2727991130718474,0.30014843849297695,0.24544978765071784
20017,Castiglione delle Stiviere,MN,Lombardia,2,23655.75,42.0226,250.0,2.0,355.0,607.0,4,357.0,0.5881383855024712,0.0032948929159802307,256.59723323082125,14.444608377396925,562.9292333173103,0.6448582904375709,0.1506001608737761,0.3977292256556735,0.49658085156843246,0.29887759974291456
20021,Curtatone,MN,Lombardia,2,14689.5,67.4705,124.0,4.0,168.0,296.0,4,172.0,0.581081081081081,0.013513513513513514,201.50447598624868,4.387102511467975,217.7173727777325,0.525700025712686,0.21500209316842617,0.37035105944055613,0.43249064594940806,0.30821147293170414
20026,Goito,MN,Lombardia,2,10059.0,78.8766,73.0,1.0,103.0,177.0,4,104.0,0.5875706214689266,0.005649717514124294,175.96182523113632,2.2440115319372285,127.52831638280556,0.46519912091584775,0.16735804446259767,0.3162785826892227,0.37584679797987275,0.25671036739857267
20030,Mantova,MN,Lombardia,2,48979.0,63.8077,931.0,6.0,1175.0,2112.0,4,1181.0,0.5591856060606061,0.002840909090909091,431.2052103962923,33.099453514231044,767.6032829893571,0.7898732953801426,0.09663517182063384,0.44325423360038824,0.5819018583122899,0.30460660888848645
20045,Porto Mantovano,MN,Lombardia,2,16627.5,37.4412,105.0,1.0,132.0,238.0,4,133.0,0.5588235294117647,0.004201680672268907,143.13637047060593,6.3566338685725885,444.09634306592733,0.49325207270074833,0.10626936585067019,0.29976071927570924,0.3771572606457249,0.22236417790569363
20057,San Giorgio Bigarello,MN,Lombardia,2,11842.25,51.5351,115.0,2.0,174.0,291.0,4,176.0,0.6048109965635738,0.006872852233676976,245.7303299626338,5.646636952290769,229.7899877947263,0.5740891470584562,0.206654608411876,0.3903718777351661,0.4638587854644821,0.31688497000585003
20065,Suzzara,MN,Lombardia,2,21057.75,61.0989,238.0,6.0,313.0,557.0,4,319.0,0.5727109515260324,0.010771992818671455,264.5106908382899,9.116367070438256,344.65023101888903,0.6178880116346475,0.17988466949091353,0.3988863405627805,0.4864870089915273,0.3112856721340337
20066,Viadana,MN,Lombardia,2,19799.25,103.8407,205.0,3.0,277.0,485.0,4,280.0,0.5773195876288659,0.006185567010309278,244.95877369092264,4.670615664185623,190.66945812191173,0.5615802372658619,0.1534974312817485,0.35753883427380523,0.4391553954706279,0.2759222730769825
20071,Borgo Virgilio,MN,Lombardia,2,14981.0,69.9869,159.0,2.0,228.0,389.0,4,230.0,0.5912596401028277,0.005141388174807198,259.6622388358588,5.558183031395875,214.05434445589103,0.582121155130924,0.1699695015056479,0.37604532831828597,0.45847565904334114,0.29361499759323073
21004,Appiano sulla strada del vino/Eppan an der Weinstraße,BZ,Trentino-Alto Adige/Südtirol,2,14878.75,59.4501,205.0,3.0,286.0,494.0,4,289.0,0.5850202429149798,0.006072874493927126,332.0171385365034,8.309489807418322,250.27291795976794,0.6489089515389201,0.16609128333051854,0.40750011743471937,0.5040636510763996,0.310936583793039
21008,Bolzano/Bozen,BZ,Trentino-Alto Adige/Südtirol,1,106484.0,52.2909,2542.0,15.0,3090.0,5647.0,4,3105.0,0.5498494775987249,0.002656277669559058,530.314413433004,107.99202155633198,2036.3772664077305,0.9116156613340047,0.07894452419925829,0.49528009276663154,0.6618143201935807,0.3287458653396822
21011,Bressanone/Brixen,BZ,Trentino-Alto Adige/Südtirol,2,22926.75,84.6986,162.0,5.0,204.0,371.0,4,209.0,0.5633423180592992,0.013477088948787063,161.81970841920463,4.380237689879172,270.6862923354105,0.4896920739582712,0.18376617264484374,0.33672912330155746,0.39791430356424295,0.275543943038872
21013,Brunico/Bruneck,BZ,Trentino-Alto Adige/Südtirol,2,17071.25,44.9974,146.0,1.0,193.0,340.0,4,194.0,0.5705882352941176,0.0029411764705882353,199.1652632349711,7.555992123989387,379.38303101957,0.55872349614697,0.11729591656527175,0.3380097063561209,0.42629522227246053,0.24972419043978122
21040,Laives/Leifers,BZ,Trentino-Alto Adige/Südtirol,2,18376.25,24.1083,138.0,4.0,162.0,304.0,4,166.0,0.5460526315789473,0.013157894736842105,165.43092306645804,12.609765101645491,762.2374866747136,0.5633885645800072,0.15120138274196587,0.3572949736609865,0.43973241002859476,0.27485753729337825
21041,Lana/Lana,BZ,Trentino-Alto Adige/Südtirol,2,12548.0,36.1238,130.0,3.0,170.0,303.0,4,173.0,0.570957095709571,0.009900990099009901,241.47274466050368,8.38782187920429,347.36101960480346,0.59729976360477,0.17029636078564844,0.38379806219520923,0.4691987427590335,0.2983973816313849
21051,Merano/Meran,BZ,Trentino-Alto Adige/Südtirol,2,41198.75,26.3397,605.0,3.0,689.0,1297.0,4,692.0,0.5335389360061681,0.002313030069390902,314.81537668011777,49.24125939171668,1564.1313302733136,0.7674851387302395,0.04788144967729767,0.4076832942037686,0.5516040320143569,0.2637625563931802
22006,Arco,TN,Trentino-Alto Adige/Südtirol,2,17714.25,63.2175,266.0,4.0,313.0,583.0,4,317.0,0.5437392795883362,0.00686106346483705,329.1135667612233,9.222129948194725,280.21117570293035,0.6545296214243784,0.09996248598668013,0.37724605370552927,0.48815948079306887,0.2663326266179896
22123,Mori,TN,Trentino-Alto Adige/Südtirol,2,10165.0,34.4832,88.0,0.0,124.0,212.0,4,124.0,0.5849056603773585,0.0,208.55878012788983,6.147921306607276,294.78122680029696,0.5526952812653831,0.12005275393352091,0.336374017599452,0.42290252306582443,0.24984551213307957
22139,Pergine Valsugana,TN,Trentino-Alto Adige/Südtirol,2,21588.0,54.3035,171.0,6.0,214.0,391.0,4,220.0,0.5626598465473146,0.015345268542199489,181.11914026310916,7.2002725422854885,397.5434364267497,0.5399608377827657,0.19651789251602483,0.36823936514939526,0.43692795420274344,0.2995507760960471
22153,Riva del Garda,TN,Trentino-Alto Adige/Südtirol,2,17802.5,40.7247,240.0,2.0,281.0,523.0,4,283.0,0.5411089866156787,0.0038240917782026767,293.7789636287038,12.842329102485715,437.14256949713564,0.658785473137893,0.07250053087024387,0.36564300200406846,0.48289999045759824,0.2483860135505386
22161,Rovereto,TN,Trentino-Alto Adige/Südtirol,2,40007.0,50.9842,440.0,9.0,553.0,1002.0,4,562.0,0.5608782435129741,0.008982035928143712,250.45617017022022,19.65314744567925,784.6940816958979,0.6628317772136698,0.1458109592801252,0.4043213682468975,0.5077255318336064,0.30091720466018856
22205,Trento,TN,Trentino-Alto Adige/Südtirol,1,118317.0,157.8398,1399.0,19.0,1821.0,3239.0,4,1840.0,0.5680765668416178,0.005866008027168879,273.7560959118301,20.52080653928857,749.601811456933,0.6805293684233998,0.13495843423771947,0.40774390133055965,0.5168580881676956,0.29862971449342357
23012,Bovolone,VR,Veneto,2,16146.0,41.2728,133.0,3.0,163.0,299.0,4,166.0,0.5551839464882943,0.010033444816053512,185.18518518518516,7.244480626465857,391.20195382915625,0.5440022965610395,0.14375652093068966,0.3438794087458646,0.4239285638719345,0.2638302536197946
23015,Bussolengo,VR,Veneto,2,20797.25,24.2257,208.0,3.0,245.0,456.0,4,248.0,0.543859649122807,0.006578947368421052,219.259757900684,18.82298550712673,858.4788055659899,0.6379248289558332,0.09805096070920837,0.3679878948325208,0.47596266848184576,0.2600131211831958
23021,Castel d'Azzano,VR,Veneto,2,12105.75,9.7317,67.0,0.0,86.0,153.0,4,86.0,0.5620915032679739,0.0,126.3862214237036,15.72181633219273,1243.9501834211906,0.5349213208638748,0.08022959794944193,0.30757545940665837,0.39851380398954495,0.2166371148237718
23022,Castelnuovo del Garda,VR,Veneto,2,13272.0,34.4299,167.0,3.0,250.0,420.0,4,253.0,0.6023809523809524,0.007142857142857143,316.45569620253167,12.198699386289242,385.47890060674,0.6673919366845523,0.2044428289963804,0.4359173828404663,0.5285072043781007,0.34332756130283193
23025,Cerea,VR,Veneto,2,16891.0,70.2946,196.0,4.0,268.0,468.0,4,272.0,0.5811965811965812,0.008547008547008548,277.0706293292286,6.657694901173063,240.28872772588505,0.6044703417270822,0.17801258363551015,0.3912414626812962,0.4765330142996106,0.30594991106298175
23038,Grezzana,VR,Veneto,2,10731.0,49.4895,55.0,4.0,61.0,120.0,4,65.0,0.5416666666666666,0.03333333333333333,111.8255521386637,2.4247567665868517,216.83387385202923,0.39518936794771103,0.29282795655994187,0.3440086622538264,0.36448094453138025,0.3235363799762726
23040,Isola della Scala,VR,Veneto,2,11669.0,69.8295,130.0,5.0,159.0,294.0,4,164.0,0.5578231292517006,0.017006802721088437,251.9496100779844,4.210254978196894,167.10702496795767,0.5598005630449606,0.2004543671736791,0.38012746510931983,0.45199670428357613,0.3082582259350635
23044,Legnago,VR,Veneto,2,25561.5,79.2725,359.0,7.0,466.0,832.0,4,473.0,0.5685096153846154,0.008413461538461538,325.48950570193455,10.495442934182725,322.45103913715354,0.6615776156086012,0.15486432519920929,0.40822097040390526,0.5095636284857835,0.30687831232202684
23052,Negrar di Valpolicella,VR,Veneto,2,16556.5,40.4501,97.0,3.0,119.0,219.0,4,122.0,0.5570776255707762,0.0136986301369863,132.27433334339986,5.414078086333532,409.3067755085896,0.46999822330883223,0.17448566211662528,0.32224194271272877,0.3813444549511701,0.26313943047428734
23055,Oppeano,VR,Veneto,3,10306.25,46.7256,115.0,5.0,160.0,280.0,4,165.0,0.5892857142857143,0.017857142857142856,271.67980594299576,5.992432413922988,220.5696663071207,0.5943838868738559,0.26170134974538517,0.42804261830962054,0.49457912573531465,0.36150611088392637
23058,Pescantina,VR,Veneto,2,17486.25,19.7213,100.0,5.0,141.0,246.0,4,146.0,0.5934959349593496,0.02032520325203252,140.68196440060046,12.473822719597592,886.6682216689569,0.5361236924648723,0.2873860614893825,0.4117548769771274,0.46150240317222535,0.36200735078202945
23059,Peschiera del Garda,VR,Veneto,2,10946.75,18.2598,227.0,3.0,359.0,589.0,4,362.0,0.6146010186757216,0.0050933786078098476,538.0592413273346,32.256651222904964,599.4999945234888,0.8243570676949828,0.21035131817899116,0.517354192936987,0.6401553428401853,0.39455304303378863
23069,San Bonifacio,VR,Veneto,2,21384.75,33.792,272.0,6.0,374.0,652.0,4,380.0,0.5828220858895705,0.009202453987730062,304.8901670583009,19.294507575757574,632.8346946022727,0.6937718906882574,0.18576868387800277,0.43977028728313006,0.541370928645181,0.3381696459210791
23071,San Giovanni Lupatoto,VR,Veneto,2,25372.75,19.0111,208.0,1.0,250.0,459.0,4,251.0,0.5468409586056645,0.002178649237472767,180.90274014444628,24.143789680765448,1334.628190899001,0.6243786074314942,0.07008562547740325,0.34723211645444874,0.4580907128452669,0.23637352006363052
23073,San Martino Buon Albergo,VR,Veneto,2,16322.0,34.7085,211.0,3.0,294.0,508.0,4,297.0,0.5846456692913385,0.005905511811023622,311.23636809214554,14.636184220003745,470.25944653326997,0.677460495826634,0.16417789336333075,0.4208191945949824,0.523475715087643,0.3181626741023217
23076,San Pietro in Cariano,VR,Veneto,2,12950.75,20.231,122.0,1.0,164.0,287.0,4,165.0,0.5749128919860628,0.003484320557491289,221.60878713588016,14.186149967871089,640.1438386634372,0.6195490501991523,0.12894376297134588,0.3742464065852491,0.4723674640308103,0.2761253491396878
23077,Sant'Ambrogio di Valpolicella,VR,Veneto,2,11907.75,23.4999,90.0,1.0,112.0,203.0,4,113.0,0.5566502463054187,0.0049261083743842365,170.47721022023472,8.638334631211196,506.7149221911583,0.5422498218310916,0.10793550558249211,0.32509266370679185,0.4119555269565117,0.23822980045707196
23082,Sommacampagna,VR,Veneto,2,14505.0,40.8235,216.0,0.0,308.0,524.0,4,308.0,0.5877862595419847,0.0,361.2547397449155,12.835744117971265,355.3100542579641,0.6926860391384736,0.125080971689299,0.4088835054138863,0.5224045189037212,0.2953624919240514
23083,Sona,VR,Veneto,3,17584.75,41.1199,172.0,6.0,241.0,419.0,4,247.0,0.5894988066825776,0.014319809069212411,238.27464137960447,10.189713496384961,427.64573843807983,0.6083733030629862,0.23571627306375256,0.42204478806336937,0.4965761940632161,0.34751338206352267
23089,Valeggio sul Mincio,VR,Veneto,2,15989.75,63.9591,125.0,7.0,167.0,299.0,4,174.0,0.5819397993311036,0.023411371237458192,186.99479353961132,4.674862529335154,249.99960912520658,0.5173890517804267,0.2900795835547987,0.4037343176676127,0.4491962113127383,0.35827242402248705
23091,Verona,VR,Veneto,1,255592.75,198.8971,4781.0,54.0,5843.0,10678.0,4,5897.0,0.552256976961978,0.005057126802772055,417.77397833076253,53.68605173227765,1285.0501591023701,0.8203448159938748,0.10125386289848337,0.46079933944617907,0.6046175300652573,0.31698114882710077
23094,Vigasio,VR,Veneto,2,10283.0,30.7626,81.0,3.0,113.0,197.0,4,116.0,0.5888324873096447,0.015228426395939087,191.57833317125352,6.40388003614779,334.2695350848108,0.5414396625515082,0.24133214610783715,0.3913859043296727,0.45140740761840686,0.33136440104093845
23096,Villafranca di Verona,VR,Veneto,2,32963.75,57.3351,422.0,5.0,558.0,985.0,4,563.0,0.5715736040609137,0.005076142131979695,298.8130901368928,17.179703183564694,574.9314119971884,0.6821576959823642,0.13511515887924358,0.40863642743080386,0.518044934851428,0.2992279200101797
23097,Zevio,VR,Veneto,2,15646.0,54.8718,154.0,3.0,215.0,372.0,4,218.0,0.5860215053763441,0.008064516129032258,237.76044995526013,6.779438618744054,285.137356529219,0.5805675513805207,0.1828118633563254,0.38168970736842306,0.4612408449732621,0.302138569763584
24004,Altavilla Vicentina,VI,Veneto,2,11821.5,16.7237,151.0,1.0,187.0,339.0,4,188.0,0.5545722713864307,0.0029498525073746312,286.7656388783149,20.270633890825593,706.8710871398075,0.6872631648528567,0.08940481125546207,0.38833398805415936,0.5079056587736382,0.2687623173346804
24008,Arzignano,VI,Veneto,2,25428.75,34.1902,288.0,3.0,359.0,650.0,4,362.0,0.556923076923077,0.004615384615384616,255.6161824706287,19.01129563442156,743.7438213289189,0.6637919754999952,0.10607043267485855,0.38493120408742687,0.4964755126524542,0.27338689552239953
24012,Bassano del Grappa,VI,Veneto,2,42377.0,47.0587,536.0,5.0,680.0,1221.0,4,685.0,0.561015561015561,0.004095004095004095,288.1279939589872,25.946318109085034,900.5136138482363,0.7059022177438774,0.10929134851390244,0.4075967831288899,0.5269189569748849,0.28827460928289494
24018,Caldogno,VI,Veneto,2,11328.75,15.8631,67.0,1.0,76.0,144.0,4,77.0,0.5347222222222222,0.006944444444444444,127.11022840119166,9.077670820961854,714.1573841178584,0.497612774115376,0.0848497468661896,0.2912312604907828,0.3737838659406201,0.20867865504094552
24021,Camisano Vicentino,VI,Veneto,2,11141.25,30.0208,78.0,2.0,97.0,177.0,4,99.0,0.559322033898305,0.011299435028248588,158.86906765398854,5.895912167563822,371.11769173373125,0.5054242807075403,0.16046336383193885,0.33294382226973956,0.4019360056448598,0.26395163889461926
24026,Cassola,VI,Veneto,2,15213.25,12.723,164.0,3.0,203.0,370.0,4,206.0,0.5567567567567567,0.008108108108108109,243.20904474717761,29.081191542875107,1195.7282087557965,0.6864141120417682,0.13205629081931378,0.409235201430541,0.5201067656750318,0.2983636371860501
24029,Chiampo,VI,Veneto,2,12547.25,22.6041,105.0,2.0,147.0,254.0,4,149.0,0.5866141732283464,0.007874015748031496,202.43479646934588,11.23689950053309,555.0873514097001,0.5884131879699476,0.1824155220710561,0.3854143550205018,0.4666138882002801,0.3042148218407235
24034,Cornedo Vicentino,VI,Veneto,2,11694.0,23.5599,103.0,1.0,153.0,257.0,4,154.0,0.5992217898832685,0.0038910505836575876,219.77082264409097,10.908365485422264,496.35185208765745,0.5998224165997864,0.1744440854053988,0.3871332510025926,0.47220891724147007,0.3020575847637151
24036,Creazzo,VI,Veneto,2,11189.0,10.5283,70.0,0.0,84.0,154.0,4,84.0,0.5454545454545454,0.0,137.63517740638127,14.627242764738847,1062.7546707445647,0.5437413285861985,0.05118902621461466,0.29746517740040657,0.39597563787472334,0.19895471692608982
24038,Dueville,VI,Veneto,2,13622.25,20.0176,107.0,3.0,141.0,251.0,4,144.0,0.5737051792828686,0.01195219123505976,184.2573730477711,12.538965710175045,680.513647989769,0.5806387607064322,0.1904550077308661,0.38554688421864913,0.4635836348137623,0.3075101336235359
24048,Isola Vicentina,VI,Veneto,2,10298.25,26.479,53.0,2.0,64.0,119.0,4,66.0,0.5546218487394958,0.01680672268907563,115.55361347801812,4.494127421730428,388.9214094187847,0.43623514097484994,0.193376769600828,0.31480595528783895,0.36337762956264336,0.2662342810130346
24052,Lonigo,VI,Veneto,2,15909.25,49.4233,149.0,1.0,201.0,351.0,4,202.0,0.5754985754985755,0.002849002849002849,220.62636516491978,7.101913469962549,321.8977688661016,0.5713741944351629,0.1251713107916217,0.3482727526133923,0.4375133293421005,0.2590321758846841
24055,Malo,VI,Veneto,2,14695.5,30.5281,114.0,1.0,144.0,259.0,4,145.0,0.5598455598455598,0.003861003861003861,176.244428566568,8.483986884214872,481.3761747373731,0.546476976312784,0.10548446809789831,0.3259807222053412,0.4141792238483183,0.23778222056236403
24057,Marostica,VI,Veneto,2,14000.5,36.5245,149.0,1.0,188.0,338.0,4,189.0,0.5591715976331361,0.0029585798816568047,241.41994928752544,9.254062341715834,383.31804679051044,0.6039291677872882,0.09749902592675573,0.350714096857022,0.45200012522912847,0.24942806848491547
24061,Montecchio Maggiore,VI,Veneto,2,23507.0,30.5401,315.0,9.0,382.0,706.0,4,391.0,0.5538243626062322,0.012747875354107648,300.33607010677673,23.11714761903203,769.7093329753341,0.7043345885773742,0.16170274441594357,0.4330186664966589,0.541545035328945,0.3244922976643727
24086,Romano d'Ezzelino,VI,Veneto,2,14162.25,21.3597,142.0,1.0,175.0,318.0,4,176.0,0.5534591194968553,0.0031446540880503146,224.5405920669385,14.887849548448713,663.0359976965968,0.6251144809753978,0.0889321105179046,0.3570232957466512,0.46425976983814976,0.24978682165515256
24087,Rosà,VI,Veneto,2,14629.5,24.3246,216.0,5.0,281.0,502.0,4,286.0,0.5697211155378487,0.0099601593625498,343.1422810075532,20.63754388561374,601.4281838139168,0.7180107698620138,0.16858246481595596,0.4432966173389849,0.5531822783481964,0.3334109563297733
24100,Schio,VI,Veneto,2,38701.75,66.2059,402.0,7.0,494.0,903.0,4,501.0,0.5548172757475083,0.007751937984496124,233.3227825615121,13.639267799395522,584.5664812350561,0.6252228220147105,0.1259954991667755,0.375609160590743,0.47545462516032994,0.27576369602115597
24104,Tezze sul Brenta,VI,Veneto,2,12996.5,17.9505,109.0,2.0,153.0,264.0,4,155.0,0.5871212121212122,0.007575757575757576,203.1316123571731,14.707111222528619,724.0188295590651,0.6078297819009448,0.1810597871309222,0.3944447845159335,0.47979878346993804,0.309090785561929
24105,Thiene,VI,Veneto,2,23919.25,19.7034,295.0,1.0,382.0,678.0,4,383.0,0.5648967551622419,0.0014749262536873156,283.4537036069275,34.41030482048784,1213.9656099962444,0.7238468865031196,0.0962846927850994,0.4100657896441095,0.5355782283877135,0.28455335090050543
24108,Torri di Quartesolo,VI,Veneto,2,11752.75,18.6733,100.0,0.0,141.0,241.0,4,141.0,0.5850622406639004,0.0,205.0583905894365,12.906128000942521,629.3879496393246,0.60017967608797,0.1203260719941048,0.3602528740410374,0.4562235948598104,0.26428215322226434
24111,Valdagno,VI,Veneto,2,25741.0,50.2157,166.0,5.0,189.0,360.0,4,194.0,0.5388888888888889,0.013888888888888888,139.854706499359,7.169072620714239,512.6086064716812,0.4973709072022142,0.14415723428988486,0.3207640707460495,0.3914068053285154,0.2501213361635837
24116,Vicenza,VI,Veneto,1,110335.75,80.5165,1775.0,17.0,2189.0,3981.0,4,2206.0,0.5541321276061291,0.004270283848279327,360.8078070797543,49.44328181180256,1370.3495556811338,0.7901722738457739,0.09859751106103713,0.4443848924534055,0.5826998450103529,0.30606993989645814
25006,Belluno,BL,Veneto,2,35508.25,147.2211,371.0,4.0,499.0,874.0,4,503.0,0.5755148741418764,0.004576659038901602,246.13998155358263,5.936649026532202,241.18995171208473,0.5775874831901866,0.13823141718169035,0.35790945018593845,0.44578066338763767,0.27003823698423923
25021,Feltre,BL,Veneto,2,20513.5,99.7877,222.0,6.0,280.0,508.0,4,286.0,0.562992125984252,0.011811023622047244,247.64179686547882,5.090807784927401,205.57142814194535,0.5687647530526099,0.17069865615846067,0.3697317046055353,0.44934492398436504,0.2901184852267054
25053,Sedico,BL,Veneto,2,10139.0,91.2029,80.0,3.0,118.0,201.0,4,121.0,0.6019900497512438,0.014925373134328358,198.2444028010652,2.2038772889897142,111.1697106122722,0.48378535087734514,0.2620389447214341,0.37291214779938964,0.4172614290305718,0.3285628665682074
25074,Borgo Valbelluna,BL,Veneto,3,13484.25,167.6917,85.0,5.0,119.0,209.0,4,124.0,0.5933014354066986,0.023923444976076555,154.99564306505738,1.2463347917636949,80.41095653511772,0.4166830371662255,0.31369910121661715,0.3651910691914213,0.385787856381343,0.34459428200149966
26008,Carbonera,TV,Veneto,2,11254.75,19.8602,102.0,2.0,139.0,243.0,4,141.0,0.5802469135802469,0.00823045267489712,215.90883849041515,12.23552632903999,566.6987240813285,0.6048962805961604,0.17397819698830458,0.38943723879223247,0.4756208555138036,0.3032536220706613
26009,Casale sul Sile,TV,Veneto,2,13130.0,26.9182,113.0,4.0,155.0,272.0,4,159.0,0.5845588235294118,0.014705882352941176,207.15917745620715,10.104687534827738,487.77407107458896,0.5848610539969942,0.22997444299742842,0.4074177484972113,0.4783950706971244,0.3364404262972981
26010,Casier,TV,Veneto,2,11407.25,13.4065,73.0,0.0,95.0,168.0,4,95.0,0.5654761904761905,0.0,147.27475947314207,12.53123484876739,850.874575765487,0.5439331085224675,0.0861377244694737,0.31503541649597055,0.4065944933065693,0.2234763396853718
26012,Castelfranco Veneto,TV,Veneto,2,33082.0,51.609,362.0,3.0,453.0,818.0,4,456.0,0.5574572127139364,0.003667481662591687,247.2643733752494,15.849948652366836,641.0122265496328,0.6453591389153491,0.09985584206712593,0.37260749049123754,0.4817081498608822,0.2635068311215929
26021,Conegliano,TV,Veneto,2,34417.25,36.3933,417.0,3.0,553.0,973.0,4,556.0,0.5714285714285714,0.003083247687564234,282.7070727614786,26.735690360588347,945.7029178447681,0.70496644433594,0.11983514878890045,0.41240079656242024,0.5294270556718281,0.29537453745301234
26043,Mogliano Veneto,TV,Veneto,2,27836.5,46.2565,290.0,6.0,385.0,681.0,4,391.0,0.5741556534508077,0.00881057268722467,244.64282506780665,14.722255250613426,601.7856949834077,0.6383801963092165,0.16770058971454238,0.40304039301187944,0.4971763143308143,0.3089044716929446
26046,Montebelluna,TV,Veneto,2,31176.0,48.9883,381.0,10.0,519.0,910.0,4,529.0,0.5813186813186814,0.01098901098901099,291.89119835771106,18.575864032840492,636.3968539426761,0.6838996502035095,0.1965352099607789,0.4402174300821442,0.5376903181306903,0.34274454203359805
26049,Motta di Livenza,TV,Veneto,2,10664.5,37.7773,47.0,3.0,65.0,115.0,4,68.0,0.591304347826087,0.02608695652173913,107.83440386328472,3.044156146680679,282.2991584893574,0.40181397584909595,0.32619339519027846,0.3640036855196872,0.37912780165145066,0.34887956938792364
26051,Oderzo,TV,Veneto,2,20129.0,42.3532,126.0,2.0,165.0,293.0,4,167.0,0.5699658703071673,0.006825938566552901,145.56113070694025,6.918013278807741,475.2651511574096,0.5015521910624127,0.14547807898642454,0.3235151350244186,0.39472995743961625,0.252300312609221
26055,Paese,TV,Veneto,2,22091.0,38.0826,156.0,5.0,218.0,379.0,4,223.0,0.5883905013192612,0.013192612137203167,171.56307998732515,9.952051593116016,580.0811919354246,0.5529386848341277,0.22536349966385302,0.38915109224899036,0.45466612928304523,0.32363605521493544
26057,Pieve di Soligo,TV,Veneto,2,11579.0,19.0375,71.0,2.0,93.0,166.0,4,95.0,0.572289156626506,0.012048192771084338,143.36298471370583,8.71963230466185,608.220617202889,0.5145458759499035,0.18870148171244686,0.3516236788311752,0.41679255767866646,0.28645479998368384
26059,Ponzano Veneto,TV,Veneto,2,12999.5,22.2843,92.0,0.0,127.0,219.0,4,127.0,0.5799086757990868,0.0,168.46801800069235,9.827546748159017,583.3479175922062,0.5490954571545195,0.11133028852064386,0.33021287283758166,0.41776590656435675,0.24265983911080652
26063,Preganziol,TV,Veneto,2,16780.0,23.0246,186.0,7.0,273.0,466.0,4,280.0,0.6008583690987125,0.015021459227467811,277.71156138259835,20.239222396914606,728.7857335198006,0.681888096187911,0.2607802775409714,0.4713341868644412,0.5555557505938291,0.38711262313505324
26064,Quinto di Treviso,TV,Veneto,2,10042.5,19.0993,38.0,1.0,56.0,95.0,2,57.0,0.6,0.010526315789473684,94.59795867562859,4.974004282879477,525.8046106401805,0.40992662680793623,0.22567853810353117,0.3178025824557337,0.3546522001966147,0.28095296471485265
26068,Riese Pio X,TV,Veneto,3,10929.0,30.6437,130.0,3.0,169.0,302.0,4,172.0,0.5695364238410596,0.009933774834437087,276.32903284838505,9.855206779860135,356.64753277182587,0.6303814068021544,0.16806228786720295,0.3992218473346787,0.49168567112166894,0.30675802354768833
26069,Roncade,TV,Veneto,2,14634.75,61.7761,106.0,9.0,173.0,288.0,4,182.0,0.6319444444444444,0.03125,196.7918823348537,4.661997115389285,236.89986904320602,0.5255816932476869,0.4351324865563554,0.48035708990202114,0.4984469312402874,0.4622672485637548
26071,San Biagio di Callalta,TV,Veneto,2,12697.0,48.5044,146.0,8.0,212.0,366.0,4,220.0,0.6010928961748634,0.02185792349726776,288.25706859888163,7.5457071935741915,261.7700662207965,0.6192496412711969,0.3120113952980115,0.46563051828460417,0.5270781674792412,0.40418286908996703
26081,Silea,TV,Veneto,2,10403.0,18.9333,116.0,1.0,164.0,281.0,4,165.0,0.5871886120996441,0.0035587188612099642,270.11439007978464,14.841575425308848,549.4551927028041,0.6551952004212303,0.15093288549621656,0.4030640429587234,0.5039165059437261,0.30221157997372067
26082,Spresiano,TV,Veneto,2,12323.75,25.6847,91.0,6.0,139.0,236.0,4,145.0,0.614406779661017,0.025423728813559324,191.500152145248,9.188349484323352,479.808991345042,0.5654811871087291,0.3616245465944818,0.46355286685160546,0.5043241949544549,0.4227815387487559
26083,Susegana,TV,Veneto,2,11743.25,44.0817,160.0,4.0,216.0,380.0,4,220.0,0.5789473684210527,0.010526315789473684,323.5901475315607,8.620357200380203,266.3973939299074,0.6471695904196602,0.18893020559998677,0.41804989800982345,0.5096977749737581,0.3264020210458888
26085,Trevignano,TV,Veneto,2,10706.25,26.4946,66.0,2.0,100.0,168.0,4,102.0,0.6071428571428571,0.011904761904761904,156.91768826619966,6.340914752440121,404.09177719233355,0.5081247510053183,0.24846715238246841,0.37829595169389335,0.4302274714184633,0.32636443196932335
26086,Treviso,TV,Veneto,1,85080.75,55.5281,1246.0,18.0,1489.0,2753.0,4,1507.0,0.5474028332727933,0.006538321830730113,323.5749567322808,49.57850169553793,1532.210718537101,0.7724947724353924,0.10393018019796642,0.4382124763166794,0.5719253947641646,0.3044995578691942
26087,Valdobbiadene,TV,Veneto,2,10002.0,62.8941,15.0,0.0,17.0,32.0,1,17.0,0.53125,0.0,31.99360127974405,0.5087917626613625,159.02922531684212,0.13085251635231188,0.026394341641910707,0.07862342899711129,0.09951506393919152,0.05773179405503105
26089,Vedelago,TV,Veneto,2,16542.75,61.8489,122.0,5.0,183.0,310.0,4,188.0,0.6064516129032258,0.016129032258064516,187.39326895467804,5.012215253626176,267.4703996352401,0.5220985871085944,0.2788003447525724,0.4004494659305834,0.44910911440178775,0.351789817459379
26091,Villorba,TV,Veneto,2,17577.25,30.6239,257.0,7.0,352.0,616.0,4,359.0,0.5827922077922078,0.011363636363636364,350.45300032712737,20.11500821253988,573.971636532251,0.7196255965734518,0.20191224753161086,0.46076892205253134,0.5643115918608995,0.35722625224416316
26092,Vittorio Veneto,TV,Veneto,2,27255.0,82.8021,311.0,7.0,410.0,728.0,4,417.0,0.5728021978021978,0.009615384615384616,267.1069528526876,8.792047544687877,329.1583184484452,0.6170294534453701,0.1713756560398006,0.39420255474258536,0.4833333142236992,0.30507179526147143
26093,Volpago del Montello,TV,Veneto,2,10046.25,44.822,80.0,3.0,103.0,186.0,4,106.0,0.5698924731182796,0.016129032258064516,185.143710339679,4.149747891660345,224.1365847128642,0.5084271893584963,0.21498469207168613,0.3617059407150912,0.42039444017245325,0.30301744125772917
26095,Zero Branco,TV,Veneto,2,11597.75,26.0604,78.0,1.0,107.0,186.0,4,108.0,0.5806451612903226,0.005376344086021506,160.3759349873898,7.137265736519777,445.03346072968947,0.5194690051723455,0.1532109816372675,0.3363399934048065,0.4095915981118221,0.2630883886977909
27003,Campolongo Maggiore,VE,Veneto,2,10723.5,23.6148,48.0,2.0,66.0,116.0,4,68.0,0.5862068965517241,0.017241379310344827,108.17363733855551,4.912173721564443,454.1008181310026,0.4310035734531924,0.25174560579656335,0.3413745896248779,0.37722618315620365,0.30552299609355205
27004,Camponogara,VE,Veneto,2,12987.5,21.2991,96.0,2.0,140.0,238.0,4,142.0,0.5966386554621849,0.008403361344537815,183.2531280076997,11.174181068683653,609.7675488635671,0.5717197225697015,0.2038890221188404,0.38780437234427095,0.4613705124344431,0.31423823225409875
27005,Caorle,VE,Veneto,2,11112.5,154.7905,150.0,4.0,201.0,355.0,4,205.0,0.5774647887323944,0.011267605633802818,319.46006749156356,2.2934223999534855,71.7905814633327,0.564109532549066,0.19189408251132387,0.37800180753019497,0.45244489753774336,0.3035587175226465
27006,Cavarzere,VE,Veneto,2,12862.0,140.4374,148.0,5.0,206.0,359.0,4,211.0,0.5877437325905293,0.013927576601671309,279.1167781060488,2.5562991055089315,91.58528995837291,0.5477559084009211,0.22972448694484765,0.38874019767288437,0.45234648196409905,0.32513391338166964
27008,Chioggia,VE,Veneto,2,47621.0,188.4467,906.0,21.0,1217.0,2144.0,4,1238.0,0.5774253731343284,0.009794776119402986,450.2215409168224,11.377222312728215,252.70275361680518,0.7204308868540029,0.18079073400243828,0.4506108104282206,0.5585388409985336,0.3426827798579076
27011,Concordia Sagittaria,VE,Veneto,2,10244.25,66.8348,60.0,4.0,76.0,140.0,4,80.0,0.5714285714285714,0.02857142857142857,136.662029919223,2.094717123414748,153.27718493958238,0.42029399195702466,0.30980881226943313,0.3650514021132289,0.38714843805074717,0.3429543661757106
27012,Dolo,VE,Veneto,2,14963.5,24.2839,144.0,5.0,187.0,336.0,4,192.0,0.5714285714285714,0.01488095238095238,224.54639623082835,13.836327772721845,616.1901506759623,0.6199475642821195,0.2083611149366415,0.41415433960938053,0.4964716294784761,0.3318370497402849
27013,Eraclea,VE,Veneto,3,11959.25,95.3753,112.0,2.0,180.0,294.0,4,182.0,0.6190476190476191,0.006802721088435374,245.8348140560654,3.082559111216426,125.39147976467703,0.5373524233237841,0.23097792987883164,0.3841651766013079,0.44544007529029833,0.3228902779123174
27019,Jesolo,VE,Veneto,2,26798.5,96.9423,664.0,10.0,933.0,1607.0,4,943.0,0.5868077162414437,0.006222775357809583,599.6604287553408,16.57687098408022,276.4376335201455,0.7940165809894417,0.17033936068902253,0.48217797083923214,0.6069134148993159,0.3574425267791483
27020,Marcon,VE,Veneto,2,17651.0,25.5477,113.0,2.0,130.0,245.0,4,132.0,0.5387755102040817,0.00816326530612245,138.8023341453742,9.58990437495352,690.9036821318554,0.5157365308238584,0.1010834251645335,0.30840997799419595,0.3913405991260609,0.22547935686233095
27021,Martellago,VE,Veneto,2,21270.75,20.1697,121.0,2.0,157.0,280.0,4,159.0,0.5678571428571428,0.007142857142857143,131.6361670368934,13.882209452793052,1054.589309707135,0.5327691854025052,0.144179938492056,0.3384745619472806,0.4161924113293704,0.26075671256519073
27023,Mira,VE,Veneto,2,37609.25,99.1083,380.0,7.0,537.0,924.0,4,544.0,0.5887445887445888,0.007575757575757576,245.68423991438277,9.323134389349832,379.47629007863117,0.6073071304862595,0.18389346536780268,0.3956002979270311,0.4802830309507224,0.3109175649033397
27024,Mirano,VE,Veneto,2,27106.0,45.6766,293.0,8.0,410.0,711.0,4,418.0,0.5879043600562588,0.011251758087201125,262.3035490297351,15.565957185955172,593.4329612974695,0.6537587008278902,0.20999818689658922,0.4318784438622397,0.5206305466484998,0.3431263410759795
27025,Musile di Piave,VE,Veneto,2,11398.0,44.9537,146.0,6.0,236.0,388.0,4,242.0,0.6237113402061856,0.015463917525773196,340.41059835058786,8.63110266785604,253.54976342325548,0.6555720719847717,0.30397073084240767,0.4797714014135897,0.5500916696420625,0.4094511331851169
27026,Noale,VE,Veneto,2,16167.5,24.6976,103.0,3.0,150.0,256.0,4,153.0,0.59765625,0.01171875,158.3423534869337,10.365379632029022,654.6182625032392,0.5426129274051521,0.2305159943718802,0.38656446088851615,0.4489838474951705,0.3241450742818618
27028,Pianiga,VE,Veneto,2,12223.0,20.0735,100.0,0.0,154.0,254.0,4,154.0,0.6062992125984252,0.0,207.80495786631758,12.65349839340424,608.9122474904725,0.6009751846545542,0.15739617902997682,0.37918568184226553,0.467901482967181,0.29046988071735
27029,Portogruaro,VE,Veneto,2,24426.25,102.311,429.0,21.0,591.0,1041.0,4,612.0,0.5878962536023055,0.020172910662824207,426.1808505194207,10.174859008317776,238.74510072230746,0.7036992534585053,0.27648144209247444,0.4900903477754899,0.575533910048696,0.40464678550228367
27032,Salzano,VE,Veneto,2,12798.0,17.1835,83.0,2.0,123.0,208.0,4,125.0,0.6009615384615384,0.009615384615384616,162.52539459290514,12.104635260569733,744.7842406960166,0.5576326623255597,0.22052907468722704,0.3890808685063934,0.4565015860340599,0.3216601509787268
27033,San Donà di Piave,VE,Veneto,2,41758.5,78.9025,618.0,11.0,871.0,1500.0,4,882.0,0.588,0.007333333333333333,359.20830489600917,19.010804473875986,529.2417857482336,0.7196206858992089,0.1807719450792859,0.45019631548924743,0.557966063653232,0.3424265673252628
27034,San Michele al Tagliamento,VE,Veneto,3,11413.0,115.005,249.0,5.0,353.0,607.0,4,358.0,0.5897858319604613,0.008237232289950576,531.8496451415053,5.278031389939568,99.23916351462981,0.6965462035122383,0.19067972494689372,0.443612964229566,0.5447862599426349,0.3424396685164971
27035,Santa Maria di Sala,VE,Veneto,2,17431.25,27.9683,143.0,2.0,220.0,365.0,4,222.0,0.6082191780821918,0.005479452054794521,209.3940480458946,13.050489303961985,623.2502511772257,0.6043878909099585,0.2021191039722613,0.4032534974411099,0.4837072548286493,0.3227997400535704
27036,San Stino di Livenza,VE,Veneto,2,12729.5,67.9667,146.0,5.0,202.0,353.0,4,207.0,0.5864022662889519,0.014164305949008499,277.30861384971917,5.19371986575779,187.2902465472062,0.5885881718194987,0.22915034202470405,0.4088692569221014,0.48075682288106025,0.33698169096314246
27037,Scorzè,VE,Veneto,2,19017.0,33.2873,173.0,4.0,237.0,414.0,4,241.0,0.5821256038647343,0.00966183574879227,217.69995267392335,12.43717573969652,571.2989638691032,0.6073921023344239,0.18799841118134092,0.3976952567578824,0.48157399498849895,0.3138165185272658
27038,Spinea,VE,Veneto,2,27719.5,14.9761,205.0,5.0,266.0,476.0,4,271.0,0.569327731092437,0.01050420168067227,171.72026912462346,31.78397580144363,1850.9157924960437,0.6358873797351872,0.17197300501358295,0.40393019237438504,0.49671306731870585,0.3111473174300642
27042,Venezia,VE,Veneto,1,250659.25,418.3949,2621.0,49.0,3335.0,6005.0,4,3384.0,0.5635303913405495,0.008159866777685262,239.56825850232937,14.35246940151517,599.0972882317639,0.6331459344183658,0.14426868194437395,0.38870730818136984,0.4864827586761682,0.2909318576865715
27044,Cavallino-Treporti,VE,Veneto,3,13290.25,45.1263,171.0,6.0,219.0,396.0,4,225.0,0.5681818181818182,0.015151515151515152,297.96279227253063,8.775370460241588,294.51229105865093,0.6348357953019054,0.20471187722211562,0.4197738362620105,0.5057986198779684,0.33374905264605254
28001,Abano Terme,PD,Veneto,2,20320.0,21.4081,207.0,3.0,244.0,454.0,4,247.0,0.5440528634361234,0.006607929515418502,223.42519685039372,21.20692635030666,949.1734436965447,0.649585362724263,0.09860621090279871,0.3740957868135309,0.4842916171778237,0.263899956449238
28003,Albignasego,PD,Veneto,2,27004.25,21.1552,240.0,3.0,304.0,547.0,4,307.0,0.5612431444241316,0.005484460694698354,202.56070803669792,25.856527000453788,1276.48285055211,0.647876110050712,0.1201579995364119,0.38401705479356196,0.48956067689642196,0.2784734326907019
28016,Cadoneghe,PD,Veneto,2,15800.0,12.925,141.0,4.0,181.0,326.0,4,185.0,0.5674846625766872,0.012269938650306749,206.32911392405063,25.222437137330754,1222.4371373307542,0.6490917996924963,0.18197368148145193,0.4155327405869741,0.508956364229183,0.32210911694476524
28017,Campodarsego,PD,Veneto,2,15056.25,25.7182,147.0,1.0,206.0,354.0,4,207.0,0.5847457627118644,0.002824858757062147,235.11830635118307,13.764571393021285,585.4317176163185,0.6271232453726917,0.1411304223893525,0.3841268338810221,0.4813253984776899,0.2869282692843542
28019,Camposampiero,PD,Veneto,2,11852.0,21.1246,127.0,4.0,191.0,322.0,4,195.0,0.6055900621118012,0.012422360248447204,271.6841039487006,15.242892173106236,561.052043588991,0.6580349840834545,0.24962830763945915,0.45383164586145686,0.5355129811502558,0.37215031057265774
28032,Cittadella,PD,Veneto,2,20046.25,36.6612,176.0,6.0,228.0,410.0,4,234.0,0.5707317073170731,0.014634146341463415,204.52703124025692,11.183485537843824,546.7974316170775,0.5897674610528204,0.20530331934080479,0.3975353901968126,0.4744282185392157,0.3206425618544094
28034,Conselve,PD,Veneto,2,10011.5,24.2862,32.0,0.0,41.0,73.0,2,41.0,0.5616438356164384,0.0,72.91614643160365,3.0058222364964466,412.22999069430375,0.3373950313368198,0.07944817356323085,0.20842160245002533,0.2600109740047431,0.15683223089530754
28037,Este,PD,Veneto,2,15947.5,32.8074,154.0,5.0,191.0,350.0,4,196.0,0.56,0.014285714285714285,219.47013638501332,10.668324829154397,486.09460060839933,0.5980602338123067,0.1839702643862583,0.3910152490992825,0.4738332429844921,0.3081972552140728
28054,Mestrino,PD,Veneto,2,11782.25,19.218,96.0,1.0,135.0,232.0,4,136.0,0.5862068965517241,0.004310344827586207,196.90636338560122,12.072015818503486,613.084087834322,0.5888625485692913,0.15488749396098603,0.37187502126513866,0.4586700321867997,0.28508001034347763
28055,Monselice,PD,Veneto,2,17175.25,50.5709,244.0,8.0,330.0,582.0,4,338.0,0.5807560137457045,0.013745704467353952,338.85969636540955,11.508594863844621,339.6271373457858,0.674564210042203,0.21616894710331488,0.44536657857275896,0.5370456311605365,0.3536875259849813
28057,Montegrotto Terme,PD,Veneto,2,11452.5,15.3701,108.0,2.0,128.0,238.0,4,130.0,0.5462184873949579,0.008403361344537815,207.81488757913118,15.484609729279574,745.1155164898081,0.615212955311896,0.11587830982043554,0.3655456325661658,0.4654125616644579,0.26567870346787364
28058,Noventa Padovana,PD,Veneto,2,11433.5,7.0779,117.0,1.0,142.0,260.0,4,143.0,0.55,0.0038461538461538464,227.4019329164298,36.734059537433424,1615.3802681586346,0.6925137053437621,0.08818659505799822,0.39035015020088015,0.5112155722580329,0.26948472814372737
28060,Padova,PD,Veneto,1,207169.25,93.0257,4160.0,42.0,5275.0,9477.0,4,5317.0,0.5610425240054869,0.004431782209559987,457.4520591255701,101.87507323245082,2227.010922788004,0.8829692649483424,0.11187732712244822,0.4974232960353953,0.6516416836005741,0.34320490847021645
28063,Piazzola sul Brenta,PD,Veneto,2,11092.25,40.9329,123.0,4.0,171.0,298.0,4,175.0,0.587248322147651,0.013422818791946308,268.6560436340688,7.280207363758738,270.9861749350767,0.6053134608678007,0.22508977261305232,0.4152016167404265,0.4912463543913762,0.33915687908947684
28065,Piove di Sacco,PD,Veneto,2,20175.25,35.725,273.0,4.0,346.0,623.0,4,350.0,0.5617977528089888,0.006420545746388443,308.79419090221927,17.438768369489154,564.737578726382,0.6886181267831774,0.1281712323375514,0.40839467956036435,0.5204840584494895,0.29630530067123917
28069,Ponte San Nicolò,PD,Veneto,2,13209.75,13.521,112.0,0.0,143.0,255.0,4,143.0,0.5607843137254902,0.0,193.03923238517007,18.859551808298203,976.9802529398712,0.6171959788412668,0.07794783874170551,0.34757190879148614,0.4554215368113984,0.23972228077157387
28072,Rubano,PD,Veneto,2,16929.75,14.5126,211.0,2.0,267.0,480.0,4,269.0,0.5604166666666667,0.004166666666666667,283.5245647454924,33.074707495555586,1166.5552692143378,0.7209844238678373,0.10878627437345449,0.4148853491206459,0.5373249790195225,0.2924457192217693
28075,San Giorgio delle Pertiche,PD,Veneto,2,10103.25,18.858,80.0,2.0,125.0,207.0,4,127.0,0.6135265700483091,0.00966183574879227,204.8845668473016,10.976773783009863,535.7540566337893,0.5887613535380714,0.24281023562805265,0.415785794583062,0.4849760181650657,0.34659557100105826
28077,San Martino di Lupari,PD,Veneto,2,13217.75,24.1222,70.0,0.0,86.0,156.0,4,86.0,0.5512820512820513,0.0,118.02311285960167,6.467071825952857,547.9496065864639,0.46285773196596164,0.06136120450085235,0.262109468233407,0.3424087737264288,0.1818101627403851
28085,Saonara,PD,Veneto,2,10542.5,13.5443,73.0,1.0,87.0,161.0,4,88.0,0.546583850931677,0.006211180124223602,152.71520037941664,11.886919220631558,778.3717135621627,0.5461815733411763,0.10003951698698718,0.3231105451640818,0.4123389564349196,0.23388213389324392
28086,Selvazzano Dentro,PD,Veneto,2,22913.0,19.5169,214.0,4.0,257.0,475.0,4,261.0,0.5494736842105263,0.008421052631578947,207.30589621612185,24.337881528316483,1174.0081672806646,0.6472742693966028,0.12169322784372176,0.38448374862016227,0.4895999569307385,0.27936754030958605
28093,Trebaseleghe,PD,Veneto,2,12957.25,30.6561,88.0,1.0,126.0,215.0,4,127.0,0.5906976744186047,0.004651162790697674,165.93027069787186,7.013286099666951,422.6646572786493,0.5238809969593683,0.16529516560261087,0.3445880812809896,0.41630524755234105,0.2728709150096381
28099,Vigodarzere,PD,Veneto,2,13162.25,19.916,98.0,1.0,129.0,228.0,4,130.0,0.5701754385964912,0.0043859649122807015,173.2226632984482,11.448081944165494,660.8882305683873,0.5641838225521151,0.12747388891961928,0.3458288557358672,0.4331708424623663,0.258486869009368
28100,Vigonza,PD,Veneto,2,23179.5,33.3229,294.0,3.0,431.0,728.0,4,434.0,0.5961538461538461,0.004120879120879121,314.0706227485494,21.84683806031288,695.6027236525033,0.7075865297025185,0.1708219320015902,0.43920423085205434,0.54655715039224,0.3318513113118687
28103,Villafranca Padovana,PD,Veneto,2,10545.5,23.9549,82.0,3.0,120.0,205.0,4,123.0,0.6,0.014634146341463415,194.39571381157842,8.557748101641002,440.22308588222035,0.5631142400311048,0.2563924645286593,0.4097533522798821,0.4710977073803711,0.34840899717939294
29001,Adria,RO,Veneto,2,18701.25,113.3885,169.0,5.0,238.0,412.0,4,243.0,0.5898058252427184,0.012135922330097087,220.30612926943385,3.633525445702166,164.93074694523696,0.5289380734523985,0.21993389145228107,0.3744359824523398,0.43623681885236326,0.3126351460523163
29004,Badia Polesine,RO,Veneto,2,10146.25,44.5342,81.0,5.0,110.0,196.0,4,115.0,0.5867346938775511,0.025510204081632654,193.1748182826167,4.401111954408073,227.83052126231078,0.5189806453878388,0.31396009632318134,0.4164703708555101,0.45747448066844154,0.3754662610425786
29029,Lendinara,RO,Veneto,2,11450.5,55.0548,96.0,5.0,123.0,224.0,4,128.0,0.5714285714285714,0.022321428571428572,195.62464521199945,4.068673394508744,207.98368171349273,0.5162475570218619,0.26366430079887593,0.3899559289103689,0.44047258015496604,0.3394392776657717
29033,Occhiobello,RO,Veneto,2,12043.5,32.3261,140.0,5.0,190.0,335.0,4,195.0,0.582089552238806,0.014925373134328358,278.15834267447167,10.36314309489855,372.56272795047965,0.6349173014048467,0.22730171499171542,0.4311095081982811,0.5126326254809073,0.3495863909156548
29041,Rovigo,RO,Veneto,2,50072.75,108.7778,724.0,13.0,945.0,1682.0,4,958.0,0.5695600475624257,0.0077288941736028535,335.9112491325122,15.462713899343433,460.321407493073,0.6938730282896711,0.1515565584927197,0.42271479339119544,0.5311780873505857,0.31425149943180514
29052,Porto Viro,RO,Veneto,2,13756.75,134.1786,102.0,3.0,157.0,262.0,4,160.0,0.6106870229007634,0.011450381679389313,190.45195994693512,1.9526213569078827,102.52566355588746,0.4710494504924275,0.2512532640951058,0.3611513572937667,0.40511059457323095,0.3171921200143023
30023,Cervignano del Friuli,UD,Friuli-Venezia Giulia,2,13651.5,29.1667,87.0,3.0,109.0,199.0,4,112.0,0.5628140703517588,0.01507537688442211,145.7715269384317,6.822849345315034,468.05089365612156,0.5008752528690429,0.19477436914708995,0.3478248110080664,0.40904498775245696,0.28660463426367583
30026,Cividale del Friuli,UD,Friuli-Venezia Giulia,2,10810.0,50.6356,90.0,2.0,120.0,212.0,4,122.0,0.5754716981132075,0.009433962264150943,196.11470860314523,4.18677768210508,213.48616388469773,0.5183968408877517,0.17467480657046014,0.34653582372910596,0.4152802305925642,0.27779141686564757
30027,Codroipo,UD,Friuli-Venezia Giulia,2,15873.75,75.2019,126.0,2.0,161.0,289.0,4,163.0,0.5640138408304498,0.006920415224913495,182.0615796519411,3.8429880096114597,211.08176788086473,0.5010402469694275,0.1357989364614408,0.31841959171543416,0.3914678538170315,0.2453713296138368
30043,Gemona del Friuli,UD,Friuli-Venezia Giulia,2,10493.25,56.0573,87.0,2.0,117.0,206.0,4,119.0,0.5776699029126213,0.009708737864077669,196.31667977032856,3.67481130914261,187.18793092068296,0.5107173463228689,0.18057246954636277,0.34564490793461583,0.41167388328991705,0.2796159325793146
30046,Latisana,UD,Friuli-Venezia Giulia,2,13197.25,37.7996,144.0,0.0,193.0,337.0,4,193.0,0.5727002967359051,0.0,255.3562295175131,8.915438258605912,349.1372924581213,0.6105961554326141,0.09874773276593782,0.354671944099276,0.4570416286326112,0.2523022595659407
30118,Tavagnacco,UD,Friuli-Venezia Giulia,2,14669.0,15.3442,71.0,2.0,93.0,166.0,4,95.0,0.572289156626506,0.012048192771084338,113.16381484763787,10.818419989311922,955.9964025494975,0.4906693887648551,0.18870148171244686,0.33968543523865097,0.4000790166491326,0.27929185382816935
30129,Udine,UD,Friuli-Venezia Giulia,1,98089.75,57.1924,1370.0,17.0,1722.0,3109.0,4,1739.0,0.5593438404631714,0.005467996140238018,316.95462573816326,54.36036955959184,1715.083647477637,0.7759239287711263,0.11671870371599768,0.44632131624356197,0.5781623612545876,0.31448027123253625
31007,Gorizia,GO,Friuli-Venezia Giulia,2,33606.75,41.2683,368.0,3.0,461.0,832.0,4,464.0,0.5576923076923077,0.003605769230769231,247.56931271247592,20.16075292658045,814.347816604997,0.662764259802968,0.09980068095345895,0.3812824703782135,0.49387518614811526,0.2686897546083117
31012,Monfalcone,GO,Friuli-Venezia Giulia,2,29765.25,20.6567,492.0,6.0,595.0,1093.0,4,601.0,0.5498627630375115,0.0054894784995425435,367.20672596400163,52.91261430915877,1440.9489415056617,0.7980817565618676,0.10033080502558249,0.44920628079372504,0.5887564711009821,0.309656090486468
31016,Ronchi dei Legionari,GO,Friuli-Venezia Giulia,2,11826.0,17.1085,109.0,2.0,138.0,249.0,4,140.0,0.5622489959839357,0.008032128514056224,210.55301877219685,14.554168980331415,691.2353508489932,0.6129703640226151,0.14107261157214568,0.3770214877973804,0.47140103828747426,0.2826419373072865
32003,Muggia,TS,Friuli-Venezia Giulia,2,12832.5,13.9145,63.0,1.0,77.0,141.0,4,78.0,0.5531914893617021,0.0070921985815602835,109.8772647574518,10.133314168672968,922.2393905638004,0.48135034947563626,0.118199544670238,0.2997749470729371,0.3724051080340167,0.22714478611185746
32006,Trieste,TS,Friuli-Venezia Giulia,1,198819.5,85.0934,3321.0,23.0,3971.0,7315.0,4,3994.0,0.5460013670539986,0.0031442241968557758,367.9216575838889,85.9643638637074,2336.485555871548,0.8345087880770243,0.07591101761689675,0.45520990284696056,0.606929456938986,0.303490348754935
33013,Castel San Giovanni,PC,Emilia-Romagna,2,14115.25,44.0397,200.0,5.0,257.0,462.0,4,262.0,0.5670995670995671,0.010822510822510822,327.3055737588778,10.490534676666734,320.5119471749353,0.662458637918198,0.17046812590710342,0.41646338191265075,0.5148614843148697,0.3180652795104318
33021,Fiorenzuola d'Arda,PC,Emilia-Romagna,2,14898.75,59.769,203.0,5.0,303.0,511.0,4,308.0,0.6027397260273972,0.009784735812133072,342.9817937746455,8.549582559520822,249.2721979621543,0.6561654442357373,0.22490281828330014,0.44053413125951874,0.5267866564500061,0.35428160606903125
33032,Piacenza,PC,Emilia-Romagna,1,102846.25,118.2281,2138.0,17.0,2642.0,4797.0,4,2659.0,0.554304773816969,0.0035438815926620805,466.4243956391215,40.574110554089934,869.8968350163793,0.8177383065912763,0.09342070485706044,0.4555795057241684,0.6004430260710115,0.3107159853773252
33039,Rottofreno,PC,Emilia-Romagna,2,12260.0,35.1736,176.0,5.0,218.0,399.0,4,223.0,0.5588972431077694,0.012531328320802004,325.4486133768352,11.343735074032796,348.55687219960424,0.6669337121832806,0.1689386816190633,0.41793619690117195,0.5175352030140153,0.31833719078832845
34009,Collecchio,PR,Emilia-Romagna,2,14723.75,58.831,200.0,5.0,288.0,493.0,4,293.0,0.5943204868154158,0.010141987829614604,334.83317768910774,8.379935748159983,250.27196546038653,0.6508646420215812,0.21288471340217813,0.4318746777118797,0.5194706634357602,0.34427869198799904
34014,Fidenza,PR,Emilia-Romagna,2,27174.75,95.1168,346.0,5.0,483.0,834.0,4,488.0,0.5851318944844125,0.005995203836930456,306.90254740154006,8.768167137666532,285.6987409164312,0.639631198354448,0.16570166083989976,0.4026664295971739,0.4974523371000835,0.3078805220942642
34018,Langhirano,PR,Emilia-Romagna,2,10816.75,70.8424,99.0,4.0,132.0,235.0,4,136.0,0.5787234042553191,0.01702127659574468,217.2556451799293,3.317222454349373,152.68751482163225,0.5213132996780143,0.23704450237464258,0.37917890102632845,0.4360326604870028,0.32232514156565406
34020,Medesano,PR,Emilia-Romagna,3,10735.0,88.7682,92.0,3.0,146.0,241.0,4,149.0,0.6182572614107884,0.012448132780082987,224.49930135072194,2.7149362046318393,120.93294670839333,0.51534227292286,0.27193221062244854,0.39363724177265424,0.4423192542327365,0.34495522931257194
34023,Montechiarugolo,PR,Emilia-Romagna,3,11247.75,48.2016,89.0,3.0,111.0,203.0,4,114.0,0.5615763546798029,0.014778325123152709,180.48054055255494,4.211478457146651,233.3480631348337,0.505149962126585,0.19039798536150304,0.34777397374404406,0.4107243690970604,0.2848235783910276
34025,Noceto,PR,Emilia-Romagna,2,13239.25,79.1728,152.0,6.0,223.0,381.0,4,229.0,0.6010498687664042,0.015748031496062992,287.7806522272787,4.812258755532203,167.21967645453995,0.5898691379327248,0.26653206082551956,0.42820059937912214,0.4928680148005632,0.3635331839576811
34027,Parma,PR,Emilia-Romagna,1,197317.0,260.5978,2989.0,30.0,3715.0,6734.0,4,3745.0,0.5561330561330561,0.004455004455004455,341.2782476927989,25.840586528359026,757.1706284550369,0.7333895506362645,0.10348266334932611,0.4184361069927953,0.544417484450183,0.29245472953540763
34032,Salsomaggiore Terme,PR,Emilia-Romagna,2,20195.25,81.4988,114.0,2.0,138.0,254.0,4,140.0,0.5511811023622047,0.007874015748031496,125.77214939156485,3.1166103059186145,247.7981270889878,0.42827351760875204,0.12056547425505126,0.2744194959319016,0.3359611046026418,0.21287788726116147
34051,Sorbolo Mezzani,PR,Emilia-Romagna,2,12890.5,66.9713,76.0,2.0,99.0,177.0,4,101.0,0.5706214689265536,0.011299435028248588,137.31042240409604,2.6429231626084606,192.47797190736927,0.4333838496233983,0.180187045119152,0.30678544737127517,0.3574248082721244,0.2561460864704259
35004,Bibbiano,RE,Emilia-Romagna,2,10198.5,28.1621,83.0,2.0,108.0,193.0,4,110.0,0.5699481865284974,0.010362694300518135,189.24351620336324,6.853182113549771,362.1356361919033,0.5438804426346217,0.17199575234692377,0.3579380974907727,0.4323150355483123,0.2835611594332331
35008,Cadelbosco di Sopra,RE,Emilia-Romagna,2,10683.75,43.5956,121.0,6.0,163.0,290.0,4,169.0,0.5827586206896552,0.020689655172413793,271.44027144027143,6.652047454330254,245.06486893172706,0.6010467354591301,0.271347395079058,0.4361970652690941,0.5021369333451084,0.3702571971930796
35012,Casalgrande,RE,Emilia-Romagna,2,18955.75,37.7066,221.0,1.0,288.0,510.0,4,289.0,0.5666666666666667,0.00196078431372549,269.0476504490722,13.525483602340174,502.71703097070537,0.6479962002365524,0.10304626428788746,0.3755212322622199,0.48451121945195286,0.26653124507248693
35014,Castellarano,RE,Emilia-Romagna,2,15258.5,58.0581,111.0,5.0,154.0,270.0,4,159.0,0.5888888888888889,0.018518518518518517,176.95055215125996,4.650513881783937,262.81431876000073,0.5080240336480211,0.26592648560473997,0.3869752596263805,0.4353947692350367,0.3385557500177243
35016,Castelnovo ne' Monti,RE,Emilia-Romagna,3,10335.5,96.6802,115.0,1.0,146.0,262.0,4,147.0,0.5610687022900763,0.003816793893129771,253.49523487010788,2.7099654324256672,106.90399895738734,0.5351571940809879,0.10728608681050424,0.3212216404457461,0.40679586189984285,0.23564741899164934
35020,Correggio,RE,Emilia-Romagna,2,25123.25,77.5095,320.0,4.0,401.0,725.0,4,405.0,0.5586206896551724,0.005517241379310344,288.57731384275525,9.353692128061722,324.1312355259678,0.6339247680740605,0.1158272085642099,0.3748759883191352,0.4784955002211053,0.2712564764171651
35024,Guastalla,RE,Emilia-Romagna,2,14630.75,52.9209,166.0,1.0,206.0,373.0,4,207.0,0.5549597855227882,0.002680965147453083,254.94250123882918,7.048255037234816,276.4644970134673,0.5945743532477918,0.08805121145775699,0.3413127823527744,0.44261741071078137,0.24000815399476744
35027,Montecchio Emilia,RE,Emilia-Romagna,2,10424.0,24.3868,104.0,1.0,130.0,235.0,4,131.0,0.5574468085106383,0.00425531914893617,225.44128933231008,9.636360654124362,427.44435514294616,0.5954671418014182,0.1042706219591517,0.349868881880285,0.44810818584873824,0.25162957791183166
35028,Novellara,RE,Emilia-Romagna,2,13289.75,58.1064,147.0,2.0,190.0,339.0,4,192.0,0.5663716814159292,0.0058997050147492625,255.08380518820897,5.834124984511172,228.71404871064118,0.5823160246041403,0.1322361055687144,0.3572760650864274,0.44729204889351254,0.2672600812793422
35030,Quattro Castella,RE,Emilia-Romagna,2,13179.75,46.3057,93.0,1.0,127.0,221.0,4,128.0,0.579185520361991,0.004524886877828055,167.68148105995942,4.772630583275925,284.6247870132619,0.500831385567449,0.1442485083111783,0.32253994693931365,0.3938565223905678,0.2512233714880595
35033,Reggio nell'Emilia,RE,Emilia-Romagna,1,170962.5,230.6804,3136.0,29.0,4018.0,7183.0,4,4047.0,0.5634136154809968,0.004037310316023945,420.15061782554653,31.138319510456892,741.1227828632168,0.7811343068328461,0.11304223328333526,0.4470882700580907,0.5807066847679928,0.3134698553481885
35036,Rubiera,RE,Emilia-Romagna,2,14721.75,25.1943,158.0,1.0,210.0,369.0,4,211.0,0.5718157181571816,0.0027100271002710027,250.64954913648174,14.64616996701635,584.3285981352925,0.6419914423993789,0.11769344952708938,0.37984244596323413,0.484702044537692,0.2749828473887762
35039,Sant'Ilario d'Enza,RE,Emilia-Romagna,2,11335.75,20.2332,103.0,2.0,126.0,231.0,4,128.0,0.5541125541125541,0.008658008658008658,203.780076307258,11.416879188660221,560.2549275448273,0.5906009835539748,0.13156938515767888,0.36108518435582687,0.452891504035086,0.2692788646765677
35040,Scandiano,RE,Emilia-Romagna,2,25830.0,50.0477,314.0,6.0,421.0,741.0,4,427.0,0.5762483130904184,0.008097165991902834,286.87572590011615,14.805875195063908,516.1076333178148,0.6649014278301413,0.16599751838106325,0.41544947310560226,0.5152302549954179,0.31566869121578667
36002,Bomporto,MO,Emilia-Romagna,3,10214.25,38.8736,124.0,0.0,162.0,286.0,4,162.0,0.5664335664335665,0.0,280.00097902440217,7.357178136318735,262.7554432828449,0.6127972985601436,0.08780886804506993,0.3503030833026068,0.4553007694056215,0.24530539719959205
36005,Carpi,MO,Emilia-Romagna,1,72308.75,131.5385,1251.0,16.0,1606.0,2873.0,4,1622.0,0.5645666550643926,0.005569091541942221,397.3239753141909,21.84151408142863,549.7154825393326,0.7461725618406897,0.12659655562088834,0.436384558730789,0.5602997599747493,0.31246935748682875
36006,Castelfranco Emilia,MO,Emilia-Romagna,2,33230.75,102.5599,356.0,8.0,510.0,874.0,4,518.0,0.5926773455377574,0.009153318077803204,263.00941146377977,8.521849182770264,324.01308893631915,0.6123806467401482,0.20260286746684086,0.40749175710349456,0.489447312958156,0.3255362012488331
36007,Castelnuovo Rangone,MO,Emilia-Romagna,2,15039.0,22.4404,129.0,0.0,157.0,286.0,4,157.0,0.548951048951049,0.0,190.17221889753307,12.744870857916972,670.1752196930536,0.5869531162104183,0.05729233318635728,0.3221227246983878,0.4280548813032,0.21619056809357556
36008,Castelvetro di Modena,MO,Emilia-Romagna,3,11103.75,49.783,187.0,3.0,258.0,448.0,4,261.0,0.5825892857142857,0.006696428571428571,403.4672970843184,8.999055902617359,223.04300664885602,0.6863079657849062,0.16653889697569274,0.4264234313802995,0.5303772451421421,0.3224696176184567
36012,Finale Emilia,MO,Emilia-Romagna,2,15110.75,105.1255,107.0,4.0,127.0,238.0,4,131.0,0.5504201680672269,0.01680672268907563,157.50376387671028,2.263960694598361,143.74010111723607,0.44752574717843546,0.18604254357596095,0.31678414537719823,0.36908078609769307,0.2644875046567033
36013,Fiorano Modenese,MO,Emilia-Romagna,2,16806.75,26.2318,279.0,2.0,347.0,628.0,4,349.0,0.5557324840764332,0.0031847133757961785,373.6593928034867,23.940408206832927,640.7013624684544,0.7427272048547389,0.09320270348103574,0.4179649541678873,0.5478698544426279,0.2880600538931467
36015,Formigine,MO,Emilia-Romagna,2,34485.5,46.7584,285.0,11.0,360.0,656.0,4,371.0,0.5655487804878049,0.01676829268292683,190.2248771222688,14.029564741308514,737.5252361073091,0.5937462488875606,0.21216408056058902,0.4029551647240748,0.4792715983894691,0.32663873105868046
36019,Maranello,MO,Emilia-Romagna,2,17294.0,32.5809,200.0,3.0,254.0,457.0,4,257.0,0.562363238512035,0.006564551422319475,264.2534983231178,14.026622960077837,530.8017887780878,0.6476085240427829,0.13024154361541512,0.38892503382909904,0.49239842991457256,0.2854516377436254
36022,Mirandola,MO,Emilia-Romagna,2,24346.5,137.0466,307.0,6.0,460.0,773.0,4,466.0,0.6028460543337646,0.007761966364812419,317.4994352370977,5.640417201156395,177.65125147212697,0.6160558496212402,0.20990727179626767,0.4129815607087539,0.4942112762737484,0.3317518451437594
36023,Modena,MO,Emilia-Romagna,1,184619.5,183.173,3940.0,40.0,5009.0,8989.0,4,5049.0,0.5616865057292246,0.004449883190566248,486.89331300323096,49.07382638270924,1007.8969062034251,0.8388426574835863,0.11313786285068236,0.47599026016713436,0.621131219093715,0.33084930124055356
36027,Nonantola,MO,Emilia-Romagna,2,16103.5,55.3198,143.0,3.0,208.0,354.0,4,211.0,0.596045197740113,0.00847457627118644,219.8279877045363,6.399155456093478,291.09830476610546,0.5639279516431043,0.20338776880716625,0.38365786022513526,0.4557658967923228,0.3115498236579476
36028,Novi di Modena,MO,Emilia-Romagna,3,10134.75,51.8102,87.0,3.0,104.0,194.0,4,107.0,0.5515463917525774,0.015463917525773196,191.42060731641135,3.7444364237157934,195.61302600646204,0.5076969231358173,0.17800350860087646,0.34285021586834685,0.40878889877533503,0.2769115329613587
36030,Pavullo nel Frignano,MO,Emilia-Romagna,2,18202.5,143.7303,243.0,8.0,311.0,562.0,4,319.0,0.5676156583629893,0.014234875444839857,308.74879824199974,3.910101071242459,126.64344261439655,0.588671695815578,0.1968842569531472,0.3927779763843626,0.47113546415684876,0.31442048861187644
36037,San Felice sul Panaro,MO,Emilia-Romagna,2,10774.0,51.6637,96.0,7.0,118.0,221.0,4,125.0,0.5656108597285068,0.03167420814479638,205.12344533135325,4.277664975601825,208.54100654811793,0.5270664637823755,0.3224578812991601,0.4247621725407678,0.46568388903741087,0.3838404560441247
36040,Sassuolo,MO,Emilia-Romagna,1,40852.75,38.4033,552.0,5.0,681.0,1238.0,4,686.0,0.5541195476575121,0.004038772213247173,303.0395750592065,32.23681298221767,1063.7822791270542,0.7300263582164896,0.09683003575607754,0.4134281969862836,0.540067461478366,0.2867889324942012
36044,Soliera,MO,Emilia-Romagna,2,15510.5,50.9282,175.0,7.0,216.0,398.0,4,223.0,0.5603015075376885,0.017587939698492462,256.60036749298865,7.814923755404668,304.5562183623219,0.6025088246082552,0.20910545168121808,0.4058071381447366,0.48448781273014396,0.3271264635593292
36045,Spilamberto,MO,Emilia-Romagna,2,12911.5,29.7916,217.0,5.0,289.0,511.0,4,294.0,0.5753424657534246,0.009784735812133072,395.77121171049066,17.152485935632864,433.39397682568244,0.728177583718529,0.17707964584718064,0.4526286147828548,0.5628482023571244,0.3424090272085851
36046,Vignola,MO,Emilia-Romagna,2,25938.5,22.8614,415.0,5.0,531.0,951.0,4,536.0,0.5636172450052577,0.005257623554153523,366.63646702777726,41.59850227895055,1134.598056112049,0.7800386806700595,0.12259389789411615,0.45131628928208783,0.5828052458372766,0.31982733272689917
37001,Anzola dell'Emilia,BO,Emilia-Romagna,2,12351.5,36.5868,135.0,3.0,178.0,316.0,4,181.0,0.5727848101265823,0.00949367088607595,255.83937173622638,8.636994763138619,337.59443296489445,0.6087551331385438,0.17043253484784185,0.3895938339931928,0.4772583536513332,0.30192931433505243
37006,Bologna,BO,Emilia-Romagna,1,389322.75,140.8561,8143.0,67.0,10282.0,18492.0,4,10349.0,0.559647415098421,0.0036231884057971015,474.9786648738097,131.28291923459474,2763.975078111633,0.9081335005552746,0.10334481559655753,0.5057391580759161,0.6666968950676594,0.34478142108417265
37008,Budrio,BO,Emilia-Romagna,3,18333.75,120.1845,190.0,5.0,274.0,469.0,4,279.0,0.5948827292110874,0.010660980810234541,255.81236790072953,3.902333495583873,152.54670943424486,0.5576954384733647,0.21775496528587873,0.3877252018796217,0.4557132965171189,0.3197371072421245
37009,Calderara di Reno,BO,Emilia-Romagna,2,13593.5,40.7517,154.0,2.0,208.0,364.0,4,210.0,0.5769230769230769,0.005494505494505495,267.77503954095704,8.93214270815696,333.56890632783416,0.6185119921238466,0.1476036734717932,0.3830578327978199,0.4772394965282305,0.2888761690674092
37011,Casalecchio di Reno,BO,Emilia-Romagna,2,35519.0,17.3334,419.0,4.0,519.0,942.0,4,523.0,0.5552016985138004,0.004246284501061571,265.21016920521413,54.34594482328914,2049.165195518479,0.7466599545639878,0.10028356810552372,0.4234717613347558,0.5527470386264486,0.294196484043063
37019,Castel Maggiore,BO,Emilia-Romagna,2,18495.0,30.9007,256.0,2.0,346.0,604.0,4,348.0,0.5761589403973509,0.0033112582781456954,326.5747499324142,19.546482765762587,598.5301303853958,0.7059801613204854,0.12981298465429936,0.41789657298739236,0.5331300083206295,0.30266313765415515
37020,Castel San Pietro Terme,BO,Emilia-Romagna,2,20683.25,148.4146,223.0,10.0,372.0,605.0,4,382.0,0.631404958677686,0.01652892561983471,292.507222027486,4.076418357762646,139.3612892532136,0.5823197386096884,0.3253364911630343,0.4538281148863614,0.5052247643756922,0.40243146539703056
37021,Castenaso,BO,Emilia-Romagna,2,16234.25,35.7332,218.0,3.0,302.0,523.0,4,305.0,0.5831739961759083,0.0057361376673040155,322.1583996796895,14.636248642718817,454.31839297907834,0.6831215774584053,0.16033411456690627,0.4217278460126558,0.5262853385909556,0.31717035343435596
37024,Crevalcore,BO,Emilia-Romagna,2,13865.0,102.7525,139.0,5.0,192.0,336.0,4,197.0,0.5863095238095238,0.01488095238095238,242.3368193292463,3.2699934308167684,134.93588963772171,0.5383923793108036,0.23433649877471247,0.3863644390427581,0.4471756151499763,0.32555326293553977
37030,Granarolo dell'Emilia,BO,Emilia-Romagna,3,12815.5,34.3693,158.0,6.0,221.0,385.0,4,227.0,0.5896103896103896,0.015584415584415584,300.4174632281222,11.201857471638933,372.8763751371136,0.6529260860448238,0.2453443014454728,0.4491351937451483,0.5306515506650185,0.3676188368252781
37032,Imola,BO,Emilia-Romagna,2,69396.0,205.0201,1169.0,17.0,1505.0,2691.0,4,1522.0,0.5655890003716091,0.0063173541434411,387.77451149922183,13.125542324874488,338.48388523856926,0.7058837943607204,0.13401271210808907,0.4199482532344047,0.5343224696849309,0.30557403678387846
37037,Medicina,BO,Emilia-Romagna,2,16708.0,159.1058,119.0,7.0,153.0,279.0,4,160.0,0.5734767025089605,0.025089605734767026,166.98587502992578,1.7535501534199258,105.01188517326207,0.4442499138072993,0.28771190220952947,0.3659809080084144,0.3972885103279683,0.3346733056888604
37039,Molinella,BO,Emilia-Romagna,2,15699.75,127.8402,88.0,4.0,113.0,205.0,4,117.0,0.5707317073170731,0.01951219512195122,130.57532763260562,1.6035644499930382,122.80761450623513,0.3997978680436898,0.2416150075591622,0.320706437801426,0.3523430098983315,0.2890698657045205
37042,Monte San Pietro,BO,Emilia-Romagna,3,10786.25,74.6852,90.0,1.0,120.0,211.0,4,121.0,0.5734597156398105,0.004739336492890996,195.61942287634722,2.8251916042268084,144.4228575407176,0.4949871237987035,0.13586996011761554,0.3154285419581595,0.3872519746943771,0.24360510922194192
37046,Ozzano dell'Emilia,BO,Emilia-Romagna,2,14079.75,64.947,202.0,4.0,285.0,491.0,4,289.0,0.5885947046843177,0.008146639511201629,348.7277828086436,7.5600104700756,216.78830430966786,0.6506316210875596,0.18792025529869566,0.4192759381931276,0.5118182113509003,0.32673366503535484
37047,Pianoro,BO,Emilia-Romagna,2,17713.0,107.129,177.0,3.0,222.0,402.0,4,225.0,0.5597014925373134,0.007462686567164179,226.95195619036863,3.7524853214349054,165.34271765815043,0.5357238732468371,0.1323477422927838,0.33403580776981046,0.4147110339606211,0.25336058157899977
37053,San Giovanni in Persiceto,BO,Emilia-Romagna,2,27915.0,114.4108,327.0,11.0,461.0,799.0,4,472.0,0.590738423028786,0.01376720901126408,286.2260433458714,6.983606442748412,243.98920381642293,0.6129513715726826,0.2337543006498865,0.4233528361112846,0.4991922502958438,0.3475134219267253
37054,San Lazzaro di Savena,BO,Emilia-Romagna,2,32698.75,44.7242,487.0,6.0,700.0,1193.0,4,706.0,0.5917854149203688,0.005029337803855826,364.8457509843649,26.674596750752386,731.1198411598194,0.7466635866071789,0.1700432274909702,0.45835340704907457,0.5736774788723162,0.3430293352258328
37055,San Pietro in Casale,BO,Emilia-Romagna,2,12857.5,65.8564,129.0,3.0,182.0,314.0,4,185.0,0.589171974522293,0.009554140127388535,244.21543846004278,4.767949660169703,195.23539094150306,0.5623671381513148,0.19949057268059414,0.38092885541595445,0.45350416851009856,0.30835354232181034
37057,Sasso Marconi,BO,Emilia-Romagna,2,14840.25,96.4489,270.0,11.0,423.0,704.0,4,434.0,0.6164772727272727,0.015625,474.38553932716763,7.2992019608310725,153.86645156139676,0.6988355430898241,0.2925442186735428,0.4956898808816834,0.5769481457649397,0.41443161599842715
37060,Zola Predosa,BO,Emilia-Romagna,2,19298.5,37.7471,338.0,7.0,467.0,812.0,4,474.0,0.583743842364532,0.008620689655172414,420.75809000699536,21.51158632053853,511.25781848141975,0.7544858224821369,0.18301203465461216,0.4687489285683745,0.5830436861338795,0.3544541710028696
37061,Valsamoggia,BO,Emilia-Romagna,3,31817.5,178.1144,491.0,9.0,702.0,1202.0,4,711.0,0.591514143094842,0.0074875207986688855,377.7795238469396,6.748471768705956,178.63519176439414,0.6562479772576669,0.18806480491457567,0.4221563910861213,0.5157930255547395,0.328519756617503
38001,Argenta,FE,Emilia-Romagna,3,21062.5,311.5436,231.0,12.0,333.0,576.0,4,345.0,0.5989583333333334,0.020833333333333332,273.4718100890208,1.8488583941380916,67.60690959467631,0.5276540826468809,0.30069039408334264,0.41417223836511174,0.4595649760778193,0.36877950065240406
38003,Bondeno,FE,Emilia-Romagna,3,13916.0,174.7529,109.0,2.0,141.0,252.0,4,143.0,0.5674603174603174,0.007936507936507936,181.08651911468814,1.4420361550509317,79.63244100670146,0.44845387832694616,0.14945100548251275,0.29895244190472947,0.35875301647361607,0.23915186733584276
38004,Cento,FE,Emilia-Romagna,2,35346.0,64.7415,414.0,9.0,564.0,987.0,4,573.0,0.5805471124620061,0.00911854103343465,279.23951790867426,15.245244549477537,545.9558397627487,0.6625457192823948,0.18116807777334445,0.4218568985278696,0.5181324268296796,0.32558137022605954
38005,Codigoro,FE,Emilia-Romagna,2,11056.75,169.2746,117.0,5.0,151.0,273.0,4,156.0,0.5714285714285714,0.018315018315018316,246.9079973771678,1.6127641122767387,65.31842343742062,0.5043619164435608,0.23393586894993343,0.3691488926967471,0.42323410219547253,0.31506368319802164
38006,Comacchio,FE,Emilia-Romagna,2,22000.0,283.7434,368.0,9.0,497.0,874.0,4,506.0,0.5789473684210527,0.010297482837528604,397.2727272727273,3.080247857747528,77.53484310119636,0.6160777258777619,0.1872155702217056,0.4016466480497337,0.48741907918094496,0.31587421691852247
38007,Copparo,FE,Emilia-Romagna,2,15725.0,157.0042,147.0,5.0,163.0,315.0,4,168.0,0.5333333333333333,0.015873015873015872,200.3179650238474,2.0063157546103865,100.15655632142325,0.48068351467271564,0.14926127259717464,0.3149723936349451,0.38125684205005334,0.24868794521983695
38008,Ferrara,FE,Emilia-Romagna,1,129517.0,405.522,2147.0,44.0,2660.0,4851.0,4,2704.0,0.5574108431251288,0.009070294784580499,374.5454264691122,11.962359625371743,319.38341199737624,0.6936942219844242,0.14042068111157496,0.41705745154799956,0.5277121597225695,0.3064027433734297
38019,Portomaggiore,FE,Emilia-Romagna,2,11887.0,126.6429,121.0,4.0,165.0,290.0,4,169.0,0.5827586206896552,0.013793103448275862,243.96399427946497,2.289903342390296,93.86234838273603,0.5197980723158718,0.2200185714867552,0.3699083219013135,0.4298642220671368,0.3099524217354902
38028,Terre del Reno,FE,Emilia-Romagna,3,10211.5,51.4436,38.0,2.0,57.0,97.0,2,59.0,0.6082474226804123,0.020618556701030927,94.99094158546735,1.885560108546058,198.49893864348527,0.35564781079905716,0.3153118744209692,0.3354798426100132,0.34354702988563074,0.32741265533439556
39001,Alfonsine,RA,Emilia-Romagna,2,11551.5,106.7901,122.0,1.0,158.0,281.0,4,159.0,0.5658362989323843,0.0035587188612099642,243.2584512833831,2.631330057748799,108.17013936685143,0.5267798812433078,0.11366144505667851,0.32022066314999315,0.402844350387319,0.23759697591266726
39002,Bagnacavallo,RA,Emilia-Romagna,2,16455.0,79.5792,189.0,5.0,260.0,454.0,4,265.0,0.5837004405286343,0.011013215859030838,275.9039805530234,5.7050083438888555,206.7751372217866,0.5937451050490307,0.2008739400711087,0.3973095225600697,0.47588375555565404,0.31873528956448527
39007,Cervia,RA,Emilia-Romagna,2,28890.5,82.3397,575.0,11.0,723.0,1309.0,4,734.0,0.5607333842627961,0.008403361344537815,453.090116128139,15.897556099912922,350.8696291096519,0.7449838231875167,0.1412147269972492,0.44309927509238295,0.5638530943304364,0.32234545585432944
39010,Faenza,RA,Emilia-Romagna,2,58825.25,215.7571,1123.0,28.0,1481.0,2632.0,4,1509.0,0.5733282674772037,0.010638297872340425,447.4269127628017,12.198903303761497,272.6457205811535,0.7242619821723502,0.1799607429786225,0.45211136257548634,0.5609716104142318,0.34325111473674075
39012,Lugo,RA,Emilia-Romagna,2,32085.0,117.012,491.0,9.0,611.0,1111.0,4,620.0,0.558055805580558,0.008100810081008101,346.26772635187785,9.494752674939322,274.2026458824736,0.6648579753315639,0.13426903106447624,0.39956350319802003,0.5056812920514375,0.29344571434460254
39013,Massa Lombarda,RA,Emilia-Romagna,2,10709.0,37.2143,109.0,5.0,138.0,252.0,4,143.0,0.5674603174603174,0.01984126984126984,235.31608927070687,6.77159049075221,287.7657244661326,0.5787970742846734,0.2383479854972249,0.40857252989094917,0.47666234764843884,0.34048271213345943
39014,Ravenna,RA,Emilia-Romagna,1,156132.5,653.6748,3035.0,57.0,3924.0,7016.0,4,3981.0,0.5674173318129989,0.008124287343215507,449.3619201639633,10.733165788248224,238.85347882463878,0.7160813755228079,0.15078631914348736,0.43343384733314766,0.5464928586090118,0.3203748360572835
39016,Russi,RA,Emilia-Romagna,3,12212.25,46.2592,128.0,5.0,160.0,293.0,4,165.0,0.5631399317406144,0.017064846416382253,239.9230281070237,6.333875207526287,263.9961348229109,0.5775980410811936,0.21016717566918844,0.393882608375191,0.46736878145759203,0.32039643529279
40003,Bertinoro,FC,Emilia-Romagna,3,11055.25,57.2533,156.0,6.0,196.0,358.0,4,202.0,0.5642458100558659,0.01675977653631285,323.8280454987449,6.252914679153865,193.09367320311668,0.6259580778254813,0.20982627354058703,0.41789217568303416,0.501118536540013,0.3346658148260553
40007,Cesena,FC,Emilia-Romagna,2,95991.75,249.4613,1635.0,31.0,2065.0,3731.0,4,2096.0,0.5617796837309033,0.008308764406325383,388.6792354551303,14.956227679403579,384.79615876290234,0.7154694436015576,0.14233083475925573,0.4289001391804067,0.543527860948867,0.3142724174119463
40008,Cesenatico,FC,Emilia-Romagna,2,25981.0,45.2471,514.0,6.0,645.0,1165.0,4,651.0,0.5587982832618026,0.005150214592274678,448.4046033639968,25.74750647002791,574.2025455775066,0.7779594021495064,0.11337319906513554,0.445666300607321,0.5785835412241951,0.3127490599904468
40012,Forlì,FC,Emilia-Romagna,1,116967.25,228.1968,2018.0,25.0,2523.0,4566.0,4,2548.0,0.5580376697328077,0.005475251861585633,390.3656792820213,20.009044824467303,512.571823969486,0.7369557026096282,0.11449335682179629,0.42572452971571223,0.5502169988732786,0.30123206055814583
40013,Forlimpopoli,FC,Emilia-Romagna,2,13104.0,24.4589,130.0,3.0,158.0,291.0,4,161.0,0.5532646048109966,0.010309278350515464,222.06959706959708,11.897509699945623,535.7559007150771,0.607553702075401,0.14247352298594215,0.3750136125306716,0.46802964834856337,0.2819975767127798
40015,Gambettola,FC,Emilia-Romagna,2,10762.5,7.7714,70.0,2.0,84.0,156.0,4,86.0,0.5512820512820513,0.01282051282051282,144.94773519163763,20.073603211776515,1384.8856061970816,0.5747846822622146,0.15780801808939435,0.3662963501758045,0.44969168301036844,0.2829010173412404
40041,San Mauro Pascoli,FC,Emilia-Romagna,2,12273.0,17.3269,164.0,3.0,216.0,383.0,4,219.0,0.5718015665796344,0.007832898172323759,312.0671392487574,22.10435796362881,708.3205882183196,0.7073826933259594,0.1562505645352867,0.43181662893062306,0.5420430546887576,0.3215902031724885
40045,Savignano sul Rubicone,FC,Emilia-Romagna,2,17927.75,23.2773,283.0,4.0,344.0,631.0,4,348.0,0.5515055467511886,0.006339144215530904,351.9683172735006,27.107954960412076,770.1816791466364,0.741937231720679,0.10959333349415912,0.4257652826074191,0.552234062252723,0.2992965029621151
41013,Fano,PU,Marche,2,59929.5,120.3081,1036.0,14.0,1299.0,2349.0,4,1313.0,0.5589612601106854,0.005959982971477224,391.9605536505394,19.524869896540633,498.13354213057977,0.7358645290872033,0.11975454837247256,0.42780953872983796,0.5510315348727841,0.3045875425868918
41029,Mondolfo,PU,Marche,2,14340.5,24.4475,231.0,3.0,331.0,565.0,4,334.0,0.5911504424778761,0.005309734513274336,393.9890519856351,23.110747520196337,586.5834952449126,0.7488721622148891,0.17104681195615892,0.459959487085524,0.57552455713727,0.34439441703377793
41044,Pesaro,PU,Marche,1,95487.0,153.0061,1824.0,20.0,2239.0,4083.0,4,2259.0,0.553269654665687,0.004898359049718345,427.5974740016965,26.68521058964316,624.0731578675621,0.7727565653110731,0.10182546565481151,0.4372910154829423,0.5714772354141946,0.30310479555168995
41067,Urbino,PU,Marche,3,13791.75,226.4901,197.0,6.0,279.0,482.0,4,285.0,0.5912863070539419,0.012448132780082987,349.4842931462649,2.1281283376182887,60.89339004221376,0.5749660582757978,0.22485317468689103,0.39990961648134443,0.4699321931991257,0.32988703976356304
41068,Vallefoglia,PU,Marche,2,14972.75,39.5512,183.0,2.0,246.0,431.0,4,248.0,0.5754060324825986,0.004640371229698376,287.85627222788065,10.897267339549748,378.566263476203,0.6440086833830605,0.13852157954381347,0.391265131463437,0.49236255223128633,0.29016771069558756
41069,Colli al Metauro,PU,Marche,2,12294.0,46.1678,88.0,2.0,113.0,203.0,4,115.0,0.5665024630541872,0.009852216748768473,165.12119733203187,4.397003972465658,266.28949181030936,0.49323210354852753,0.1621549451811614,0.32769352436484445,0.39390895603831766,0.26147809269137123
42002,Ancona,AN,Marche,1,99065.5,125.126,1753.0,12.0,2330.0,4095.0,4,2342.0,0.5719169719169719,0.0029304029304029304,413.362876076939,32.72701117273788,791.7259402522258,0.7821028532770175,0.11953395977245013,0.4508184065247338,0.5833321852256472,0.3183046278238203
42010,Castelfidardo,AN,Marche,2,18449.0,33.4065,286.0,8.0,420.0,714.0,4,428.0,0.5994397759103641,0.011204481792717087,387.01284622472764,21.37308607606304,552.2577941418587,0.7402896318676545,0.22977983022728513,0.4850347310474698,0.5871366913755436,0.3829327707193959
42014,Chiaravalle,AN,Marche,2,14265.0,17.602,160.0,4.0,229.0,393.0,4,233.0,0.5928753180661578,0.010178117048346057,275.4994742376446,22.327008294511987,810.4192705374389,0.6876568666374083,0.21063288733024976,0.44914487698382904,0.5445496728452607,0.3537400811223973
42017,Fabriano,AN,Marche,2,28857.0,272.0792,189.0,5.0,257.0,451.0,4,262.0,0.5809312638580931,0.011086474501108648,156.2879024153585,1.6576055795518363,106.06102928853069,0.4307378043637621,0.19658879284851405,0.31366329860613806,0.3604931009091876,0.26683349630308845
42018,Falconara Marittima,AN,Marche,2,25685.0,25.9277,370.0,7.0,482.0,859.0,4,489.0,0.5692665890570431,0.008149010477299184,334.4364415028227,33.130590063908485,990.6393548212915,0.7482105154195742,0.15419994980457818,0.4512052326120762,0.5700073457350754,0.33240311948907697
42021,Jesi,AN,Marche,2,39286.25,108.9032,639.0,5.0,879.0,1523.0,4,884.0,0.5804333552199606,0.003282994090610637,387.6674408985332,13.98489667888547,360.7446796788341,0.7102983896635113,0.13706088730813665,0.423679638485824,0.5383271389568989,0.30903213801474905
42022,Loreto,AN,Marche,2,12953.0,17.8954,122.0,4.0,189.0,315.0,4,193.0,0.6126984126984127,0.012698412698412698,243.18690650814483,17.60228885635415,723.8172938296993,0.6501041242055692,0.2641003192295718,0.4571022217175705,0.53430298271277,0.37990146072237096
42034,Osimo,AN,Marche,2,34773.75,106.7377,366.0,5.0,540.0,911.0,4,545.0,0.5982436882546652,0.005488474204171241,261.97922283331536,8.534941262552968,325.78695250131864,0.6118407006518527,0.18477436355920288,0.3983075321055278,0.4837207995240577,0.3128942646869978
42045,Senigallia,AN,Marche,2,44100.25,117.9945,906.0,19.0,1192.0,2117.0,4,1211.0,0.5720358998582901,0.008974964572508267,480.0426301438201,17.941514223120567,373.7483526774553,0.7631003311776683,0.16523409874967804,0.4641672149636732,0.5837404614492712,0.3445939684780751
43013,Civitanova Marche,MC,Marche,2,41891.0,46.1219,803.0,4.0,1075.0,1882.0,4,1079.0,0.573326248671626,0.0021253985122210413,449.2611778186245,40.80491046552723,908.267005478959,0.8119971284634355,0.11591461812356639,0.46395587329350096,0.6031723753614747,0.3247393712255271
43015,Corridonia,MC,Marche,2,14699.25,61.9643,193.0,2.0,272.0,467.0,4,274.0,0.5867237687366167,0.004282655246252677,317.7032841811657,7.5365976860869885,237.22127095763204,0.6351303574245208,0.15558097782333705,0.39535566762392893,0.4912655435441657,0.2994457917036922
43023,Macerata,MC,Marche,2,40540.75,92.5263,587.0,10.0,760.0,1357.0,4,770.0,0.5674281503316139,0.007369196757553427,334.72493725449084,14.666100341200284,438.153800595074,0.6895466710219407,0.14513237895875913,0.4173395249903499,0.5262223834029862,0.3084566665777136
43042,Porto Recanati,MC,Marche,2,12445.5,17.302,197.0,6.0,289.0,492.0,4,295.0,0.5995934959349594,0.012195121951219513,395.3236109437146,28.436018957345972,719.3099063692059,0.7644979583172293,0.2374615305287351,0.5009797444229822,0.606387029980681,0.39557245886528336
43043,Potenza Picena,MC,Marche,2,15469.75,48.5947,195.0,5.0,292.0,492.0,4,297.0,0.6036585365853658,0.01016260162601626,318.0400458960229,10.124560908905703,318.3423295133008,0.6553008302427604,0.2293392048778043,0.4423200175602824,0.5275123426332735,0.35712769248729115
43044,Recanati,MC,Marche,2,20669.25,103.4424,255.0,1.0,411.0,667.0,4,412.0,0.6176911544227887,0.0014992503748125937,322.70159778414796,6.448032914936235,199.81409944084822,0.6273908712555042,0.1886236181570024,0.40800724470625327,0.4957606953259536,0.32025379408655297
43047,San Severino Marche,MC,Marche,2,11874.25,194.2547,127.0,2.0,175.0,304.0,4,177.0,0.5822368421052632,0.006578947368421052,256.01616944228056,1.564955699913567,61.12722111742985,0.5089078194579134,0.1650401085021279,0.33697396398002066,0.4057475061711777,0.26820042178886355
43053,Tolentino,MC,Marche,2,17837.75,95.1181,300.0,9.0,423.0,732.0,4,432.0,0.5901639344262295,0.012295081967213115,410.3656571036145,7.695696192417636,187.53265677089848,0.6785453288955554,0.22174943870630004,0.4501473838009277,0.5415065618387788,0.35878820576307663
44007,Ascoli Piceno,AP,Marche,2,45618.5,158.0203,752.0,6.0,992.0,1750.0,4,998.0,0.5702857142857143,0.0034285714285714284,383.61629602025494,11.074526500709087,288.6875926700557,0.6922655885840205,0.12044619113251082,0.40635588985826565,0.5207197693485676,0.29199201036796374
44023,Grottammare,AP,Marche,2,15892.0,18.097,225.0,7.0,295.0,527.0,4,302.0,0.573055028462998,0.013282732447817837,331.6133903850994,29.12084875946289,878.1566005415261,0.7373810503315981,0.19926811387253468,0.4683245821020664,0.575947169393879,0.36070199481025367
44045,Monteprandone,AP,Marche,2,12977.5,26.3745,167.0,3.0,239.0,409.0,4,242.0,0.5916870415647921,0.007334963325183374,315.1608553265267,15.507402983942823,492.04724260175544,0.6836116603168484,0.1872200957491541,0.43541587803300125,0.53469419094654,0.33613756511946236
44066,San Benedetto del Tronto,AP,Marche,2,47035.25,25.4718,1050.0,11.0,1285.0,2346.0,4,1296.0,0.5524296675191815,0.004688832054560955,498.7748550289411,92.10185381480696,1846.5616878273227,0.8896399814733229,0.09878047441822288,0.4942102279457729,0.6523821293567929,0.33603832653475285
45001,Aulla,MS,Toscana,2,10729.5,59.9874,116.0,1.0,170.0,287.0,4,171.0,0.5958188153310104,0.003484320557491289,267.4868353604548,4.784338044322641,178.86256113783895,0.5775087026942729,0.16543600953409898,0.37147235611418594,0.4538868947462207,0.28905781748215115
45003,Carrara,MS,Toscana,2,59897.5,71.3427,1088.0,10.0,1368.0,2466.0,4,1378.0,0.5587996755879967,0.0040551500405515,411.7033265161317,34.56555470987221,839.5743362670603,0.7854505051263803,0.10512290967524231,0.4452867074008113,0.5813522264910388,0.30922118831058365
45010,Massa,MS,Toscana,2,66148.0,93.8248,1565.0,11.0,2102.0,3678.0,4,2113.0,0.5744970092441545,0.002990755845568244,556.0258813569571,39.20072304976936,705.0161577749167,0.8440755576807965,0.12449311455191091,0.4842843361163537,0.6282008247421308,0.3403678474905766
45011,Montignoso,MS,Toscana,2,10065.25,16.7091,153.0,1.0,191.0,345.0,4,192.0,0.5565217391304348,0.002898550724637681,342.76346836889303,20.64743163904699,602.3813371157034,0.7178639420106507,0.09242042455219078,0.40514218328142076,0.5302308867731128,0.2800534797897288
46001,Altopascio,LU,Toscana,2,15912.75,28.5992,188.0,3.0,253.0,444.0,4,256.0,0.5765765765765766,0.006756756756756757,279.021539331668,15.524909787686369,556.405423927942,0.6637065976541552,0.1564971290652288,0.410101863359692,0.5115437570774772,0.3086599696419067
46005,Camaiore,LU,Toscana,2,31857.75,84.6917,757.0,10.0,949.0,1716.0,4,959.0,0.5588578088578089,0.005827505827505828,538.6444428749676,20.261725765334738,376.1614184152638,0.7907530674058628,0.11857686533731016,0.4546649663715865,0.589100206785297,0.3202297259578759
46007,Capannori,LU,Toscana,2,46448.0,156.1777,613.0,12.0,892.0,1517.0,4,904.0,0.5959129861568886,0.007910349373764008,326.60179125043055,9.713294535647536,297.40481515606905,0.656816182789012,0.1989199527586167,0.42786806777381436,0.5194473137798934,0.3362888217677353
46017,Lucca,LU,Toscana,2,89117.5,185.7593,1611.0,12.0,2114.0,3737.0,4,2126.0,0.5689055392025689,0.003211131924003211,419.3340253036721,20.117431536402215,479.7471782031909,0.7491010105984927,0.11639625096031717,0.4327486307794049,0.55928958270704,0.3062076788517698
46018,Massarosa,LU,Toscana,2,21829.0,68.2456,338.0,2.0,434.0,774.0,4,436.0,0.5633074935400517,0.002583979328165375,354.5741902973109,11.34139050722684,319.85944881428253,0.6809899738587342,0.10189016899538059,0.3914400714270574,0.5072600323997281,0.2756201104543866
46024,Pietrasanta,LU,Toscana,2,22882.5,42.2685,577.0,11.0,719.0,1307.0,4,730.0,0.558530986993114,0.008416220351951033,571.1788484649842,30.921371707063177,541.3605876716704,0.8310794375423716,0.13746688498905782,0.4842731612657147,0.6229956717763774,0.3455506507550519
46028,Seravezza,LU,Toscana,2,12413.0,39.4677,173.0,4.0,202.0,379.0,4,206.0,0.5435356200527705,0.010554089709762533,305.3250624345444,9.602789116163343,314.51034643518625,0.6449770892765243,0.12732545953640984,0.38615127440646707,0.48968160035448993,0.2826209484584442
46033,Viareggio,LU,Toscana,2,60827.0,32.7261,1379.0,9.0,1615.0,3003.0,4,1624.0,0.5407925407925408,0.002997002997002997,493.69523402436414,91.76162145810224,1858.6693800972312,0.8876815400756499,0.06570757724265917,0.47669455865915455,0.6410893512257527,0.3122997660925564
47002,Agliana,PT,Toscana,2,17955.5,11.6951,188.0,1.0,253.0,442.0,4,254.0,0.5746606334841629,0.0022624434389140274,246.16412798306925,37.793605869124676,1535.3011090114662,0.7076028118254163,0.11927913994187068,0.4134409758836435,0.5311057102603526,0.2957762415069344
47009,Monsummano Terme,PT,Toscana,2,20808.5,32.6013,217.0,3.0,288.0,508.0,4,291.0,0.5728346456692913,0.005905511811023622,244.1310041569551,15.582200709787646,638.2720934441264,0.6420583147422304,0.14356121075799577,0.3928097627501131,0.49250918354695994,0.29311034195326613
47010,Montale,PT,Toscana,2,10564.0,32.1173,85.0,0.0,111.0,196.0,4,111.0,0.5663265306122449,0.0,185.53578190079514,6.102630046734937,328.919305171979,0.5330539203522977,0.08762203211736351,0.3103379762348306,0.39942435388181746,0.22125159858784377
47011,Montecatini-Terme,PT,Toscana,2,20932.5,17.6865,274.0,5.0,343.0,622.0,4,348.0,0.5594855305466238,0.008038585209003215,297.1455870058521,35.16806603906935,1183.5298108726995,0.733185972712756,0.13629734989621856,0.43474166130448727,0.5541193858677947,0.3153639367411798
47012,Pescia,PT,Toscana,2,19266.5,79.1247,156.0,5.0,221.0,382.0,4,226.0,0.5916230366492147,0.013089005235602094,198.2716113461189,4.8278224119649105,243.49539397937684,0.5289887969262969,0.230231807132448,0.3796103020293724,0.43936169998814223,0.3198589040706027
47014,Pistoia,PT,Toscana,2,89240.0,236.5022,1510.0,23.0,1892.0,3425.0,4,1915.0,0.5591240875912409,0.006715328467153284,383.7965038099507,14.481894883007431,377.3326421487834,0.7111144393531335,0.12572145652260422,0.41841794793786885,0.5354965445039747,0.301339351371763
47017,Quarrata,PT,Toscana,2,26882.25,45.9465,250.0,3.0,331.0,584.0,4,334.0,0.571917808219178,0.005136986301369863,217.24372029871012,12.710434962401925,585.0772093630635,0.6085686095402939,0.13617429214704918,0.3723714508436715,0.46685031432232044,0.2778925873650226
47020,Serravalle Pistoiese,PT,Toscana,2,11779.75,41.99,172.0,2.0,245.0,419.0,4,247.0,0.5894988066825776,0.00477326968973747,355.6951548207729,9.978566325315551,280.5370326268159,0.6726715649913768,0.1641226191804834,0.4183970920859301,0.5201068812481088,0.3166873029237514
48001,Bagno a Ripoli,FI,Toscana,2,25127.0,74.0991,542.0,6.0,767.0,1315.0,4,773.0,0.5878326996197719,0.0045627376425855515,523.3414255581646,17.746504343507546,339.0999350869308,0.7765089187197471,0.15962782657490562,0.46806837264732637,0.5914445910762947,0.3446921542183581
48002,Barberino di Mugello,FI,Toscana,2,10932.25,133.325,284.0,12.0,408.0,704.0,4,420.0,0.5965909090909091,0.017045454545454544,643.9662466555375,5.280330020626289,81.99699981248828,0.7280138391863652,0.2684130351324689,0.498213437159417,0.5901335979701963,0.40629327634863777
48004,Borgo San Lorenzo,FI,Toscana,2,18228.75,146.3627,267.0,0.0,363.0,630.0,4,363.0,0.5761904761904761,0.0,345.60789960913394,4.304375363395183,124.54505143728561,0.6130157237686702,0.10484000083288465,0.35892786230077744,0.4605630068879345,0.2572927177136203
48005,Calenzano,FI,Toscana,2,18055.0,76.8222,503.0,14.0,651.0,1168.0,4,665.0,0.5693493150684932,0.011986301369863013,646.9122126834671,15.203938444876613,235.0232094368555,0.8003424015069133,0.18310683970344807,0.4917246206051807,0.6151717329658737,0.36827750824448763
48006,Campi Bisenzio,FI,Toscana,2,47598.75,28.7407,894.0,10.0,1149.0,2053.0,4,1159.0,0.5645396980029226,0.004870920603994155,431.31384752750864,71.4318022873486,1656.1444223696708,0.846807133372613,0.12129111646364299,0.484049124918128,0.629152328299922,0.33894592153633396
48010,Castelfiorentino,FI,Toscana,2,17315.0,66.3438,183.0,2.0,253.0,438.0,4,255.0,0.5821917808219178,0.0045662100456621,252.95986139185678,6.601973356967795,260.98896957967435,0.5889858922079161,0.1498075145092574,0.36939670335858676,0.45723237889831847,0.281561027818855
48011,Cerreto Guidi,FI,Toscana,3,10724.5,49.3049,106.0,3.0,152.0,261.0,4,155.0,0.5938697318007663,0.011494252873563218,243.3679891836449,5.293591509160347,217.5138779309967,0.5683834657364606,0.22222629267100663,0.3953048792037336,0.4645363138168244,0.3260734445906428
48012,Certaldo,FI,Toscana,2,15572.0,75.2749,104.0,2.0,147.0,253.0,4,149.0,0.5889328063241107,0.007905138339920948,162.4711019779091,3.3610140963322435,206.86842493314504,0.4744885834057154,0.18669658615019336,0.3305925847779544,0.38815098422905875,0.27303418532685
48014,Empoli,FI,Toscana,2,48955.75,62.4216,775.0,7.0,1006.0,1788.0,4,1013.0,0.5665548098434005,0.0039149888143176735,365.2277822319135,28.643930946979893,784.275795557948,0.7520267121540061,0.1176029068660391,0.4348148095100226,0.561699570567616,0.30793004845242916
48015,Fiesole,FI,Toscana,2,13753.75,42.1928,178.0,1.0,238.0,417.0,4,239.0,0.5731414868105515,0.002398081534772182,303.1900390802508,9.883202821334446,325.9738628391574,0.645796823927469,0.11765192473611556,0.38172437433179224,0.4873533541700629,0.27609539449352155
48017,Firenze,FI,Toscana,1,362169.75,102.3077,9526.0,54.0,11141.0,20721.0,4,11195.0,0.5402731528401139,0.002606051831475315,572.135027842607,202.5360749972876,3540.004809022195,0.9712563158241123,0.061849350254616825,0.5165528330393646,0.6984342261532637,0.33467143992546544
48019,Fucecchio,FI,Toscana,2,22809.0,65.1763,258.0,7.0,352.0,617.0,4,359.0,0.5818476499189628,0.011345218800648298,270.50725590775573,9.46663127547897,349.9584971837923,0.6241355540230403,0.2001256051197247,0.4121305795713825,0.49693256935204566,0.3273285897907194
48021,Greve in Chianti,FI,Toscana,3,13348.75,169.3743,140.0,9.0,164.0,313.0,4,173.0,0.5527156549520766,0.02875399361022364,234.4788837906171,1.8479781171051333,78.81213383612507,0.5024029565510998,0.27848824096018215,0.390445598755641,0.4352285418738244,0.34566265563745746
48022,Impruneta,FI,Toscana,3,14371.0,48.7145,256.0,2.0,353.0,611.0,4,355.0,0.5810147299509002,0.0032733224222585926,425.16178414863265,12.542466821993452,295.00456742858904,0.7178178297331298,0.1380027188448148,0.4279102742889723,0.5438732964666353,0.31194725211130925
48024,Lastra a Signa,FI,Toscana,2,19723.25,42.899,400.0,6.0,494.0,900.0,4,500.0,0.5555555555555556,0.006666666666666667,456.3142484124067,20.97951001188839,459.7601342688641,0.7660054867824239,0.11912645197891053,0.44256596938066717,0.5719417763413698,0.3131901624199645
48028,Montelupo Fiorentino,FI,Toscana,2,14261.75,24.6576,142.0,2.0,194.0,338.0,4,196.0,0.5798816568047337,0.005917159763313609,236.9975634126247,13.707741223801182,578.3916520667057,0.6281372090190198,0.15594975949588297,0.3920434842574514,0.4864809741620787,0.297605994352824
48030,Montespertoli,FI,Toscana,3,13210.25,124.8817,109.0,3.0,145.0,257.0,4,148.0,0.5758754863813229,0.011673151750972763,194.54590185651293,2.057947641648056,105.78211219097754,0.47717995044575334,0.1921554419937237,0.3346676962197385,0.3916725979101444,0.27766279452933257
48033,Pontassieve,FI,Toscana,2,20202.5,114.3984,188.0,6.0,243.0,437.0,4,249.0,0.5697940503432495,0.013729977116704805,216.30986264076228,3.819983496272675,176.5977496188758,0.5289172088374451,0.19691688026961973,0.3629170445535324,0.42931711026709746,0.2965169788399673
48035,Reggello,FI,Toscana,2,16530.0,121.6457,142.0,6.0,200.0,348.0,4,206.0,0.5919540229885057,0.017241379310344827,210.52631578947367,2.860766965046853,135.88643083972553,0.5077182221112739,0.2617774781754046,0.38474785014333923,0.4339359989305131,0.33555970135616536
48038,San Casciano in Val di Pesa,FI,Toscana,3,16469.0,107.8277,194.0,4.0,239.0,437.0,4,243.0,0.5560640732265446,0.009153318077803204,265.3470156050762,4.052761952633693,152.73440869090226,0.5659798088283813,0.13869272398241572,0.3523362664053985,0.4377936833745916,0.2668788494362054
48041,Scandicci,FI,Toscana,2,49438.5,59.6923,895.0,7.0,1077.0,1979.0,4,1084.0,0.5477513895907024,0.0035371399696816574,400.29531640320806,33.15335478780345,828.2224005441237,0.777775594104168,0.08193061201530656,0.4298531030597373,0.5690220994775095,0.290684106641965
48043,Sesto Fiorentino,FI,Toscana,2,48944.25,48.811,941.0,11.0,1151.0,2103.0,4,1162.0,0.5525439847836424,0.005230622919638612,429.67253558896095,43.0845506135912,1002.7299174366434,0.8086835140464308,0.1030616604452473,0.45587258724583907,0.5969969579660757,0.3147482165256023
48044,Signa,FI,Toscana,2,18989.75,18.7991,265.0,5.0,323.0,593.0,4,328.0,0.5531197301854974,0.008431703204047217,312.27372661567426,31.54406327962509,1010.1414429414175,0.7333617422766034,0.12813752946579843,0.43074963587120096,0.5517944784333618,0.3097047933090399
48050,Vinci,FI,Toscana,2,14551.5,54.1848,175.0,3.0,220.0,398.0,4,223.0,0.5603015075376885,0.007537688442211055,273.5113218568533,7.34523334957405,268.55317358373566,0.6088422970265174,0.13395870590488124,0.3714005014656993,0.4663772196900265,0.27642378324137207
48052,Figline e Incisa Valdarno,FI,Toscana,2,23182.0,97.9011,365.0,7.0,530.0,902.0,4,537.0,0.5953436807095344,0.007760532150776054,389.0949874902942,9.213379624948034,236.78998499506133,0.6819526606324321,0.19680076030275861,0.43937671046759535,0.53640709053353,0.3423463304016606
48053,Scarperia e San Piero,FI,Toscana,3,11986.0,115.8099,183.0,4.0,255.0,442.0,4,259.0,0.5859728506787331,0.00904977375565611,368.763557483731,3.8165994444343707,103.49719669907323,0.6163783679238743,0.19012300408341146,0.4032506860036429,0.48850175877173546,0.3179996132355503
48054,Barberino Tavarnelle,FI,Toscana,3,11931.25,122.9906,181.0,0.0,232.0,413.0,4,232.0,0.5617433414043583,0.0,346.1498166579361,3.3579802033651354,97.00944625036385,0.5984319149936481,0.07962186547280505,0.3390268902332266,0.44278890013739514,0.23526488032905796
49002,Campiglia Marittima,LI,Toscana,2,12425.5,83.2763,138.0,2.0,201.0,341.0,4,203.0,0.5953079178885631,0.005865102639296188,274.4356363929017,4.094802482819241,149.20811803598383,0.5721299601591362,0.18248518982572978,0.377307574992433,0.45523652905911427,0.29937862092575174
49007,Cecina,LI,Toscana,2,27996.5,42.6364,515.0,6.0,673.0,1194.0,4,679.0,0.568676716917923,0.005025125628140704,426.4818816637794,28.00424050811044,656.6337683294087,0.7758423397011796,0.12967420614127487,0.4527582729212272,0.5819918996332081,0.32352464620924626
49008,Collesalvetti,LI,Toscana,3,16374.75,107.9895,269.0,7.0,383.0,659.0,4,390.0,0.5918057663125948,0.010622154779969651,402.4488923495015,6.10244514512985,151.6327976331032,0.6600618811473751,0.21209312999375785,0.43607750557056646,0.5256712558012899,0.346483755339843
49009,Livorno,LI,Toscana,1,153728.5,105.0718,3683.0,22.0,4540.0,8245.0,4,4562.0,0.5533050333535476,0.0026682838083687084,536.3351623153807,78.47015088729802,1463.0804840118853,0.8896152860766647,0.08506701180543173,0.48734114894104824,0.6482508037952948,0.3264314940868016
49012,Piombino,LI,Toscana,2,32379.25,130.7445,527.0,7.0,681.0,1215.0,4,688.0,0.5662551440329218,0.005761316872427984,375.2403159430808,9.292933928387045,247.65286493886936,0.6765847598460814,0.1309910248177873,0.40378789233193435,0.5129066393375931,0.29466914532627553
49014,Portoferraio,LI,Toscana,2,11827.25,48.2796,199.0,1.0,271.0,471.0,4,272.0,0.5774946921443737,0.0021231422505307855,398.2328943752774,9.755673203589094,244.97406772218494,0.6896718130106739,0.12317378120951081,0.4064227971100924,0.519722403470325,0.2931231907498597
49017,Rosignano Marittimo,LI,Toscana,2,30081.25,120.8274,563.0,12.0,766.0,1341.0,4,778.0,0.5801640566741237,0.008948545861297539,445.7926449200083,11.098476007925354,248.9605006811369,0.7170867017369298,0.17922392992362432,0.44815531583027707,0.5557278701929381,0.34058276146761596
50004,Calcinaia,PI,Toscana,2,12780.0,14.8907,230.0,1.0,329.0,560.0,4,330.0,0.5892857142857143,0.0017857142857142857,438.1846635367762,37.60736567119074,858.2538094246744,0.8018872171756581,0.14120587561074024,0.4715465463931992,0.6036828147061828,0.3394102780802156
50008,Cascina,PI,Toscana,2,44811.25,78.6061,651.0,9.0,877.0,1537.0,4,886.0,0.5764476252439817,0.005855562784645413,342.9942257803565,19.553189892387486,570.0734421374423,0.7140572620762703,0.1494918801530973,0.4317745711146838,0.5446876474993183,0.3188614947300492
50009,Castelfranco di Sotto,PI,Toscana,2,13557.75,48.2476,111.0,2.0,144.0,257.0,4,146.0,0.5680933852140078,0.007782101167315175,189.5594770518707,5.326689824986113,281.00361468756995,0.5278310995730592,0.14939616079043974,0.33861363018174945,0.41430061793827333,0.26292664242522557
50022,Montopoli in Val d'Arno,PI,Toscana,2,11206.75,30.1735,109.0,1.0,162.0,272.0,4,163.0,0.5992647058823529,0.003676470588235294,242.71086621901978,9.014532619682834,371.4103435133478,0.6030185959770313,0.17290054184845804,0.3879595689127447,0.4739831797384593,0.30193595808703
50026,Pisa,PI,Toscana,1,89150.0,185.1558,2232.0,29.0,2797.0,5058.0,4,2826.0,0.5587188612099644,0.005733491498616054,567.358384744812,27.31753474641356,481.486402262311,0.8209297942409395,0.11762663675363508,0.46927821549728727,0.6099388469947481,0.3286175839998264
50028,Ponsacco,PI,Toscana,2,15591.0,19.8828,221.0,1.0,305.0,527.0,4,306.0,0.5806451612903226,0.0018975332068311196,338.0155217753832,26.505321182127265,784.1450902287404,0.7336600776056337,0.12696841643580714,0.4303142470207204,0.5516525792546857,0.30897591478675507
50029,Pontedera,PI,Toscana,2,29582.5,46.0346,592.0,9.0,800.0,1401.0,4,809.0,0.5774446823697359,0.006423982869379015,473.5908053747993,30.433630356297222,642.6144682477963,0.7991286619310344,0.1555095207275829,0.4773190913293086,0.6060429195699989,0.3485952630886183
50031,San Giuliano Terme,PI,Toscana,2,30779.5,91.9402,268.0,11.0,356.0,635.0,4,367.0,0.5779527559055118,0.01732283464566929,206.3061453239981,6.906663244152177,334.77738791083766,0.5585344508619329,0.23794384466387253,0.3982391477629027,0.4623572690025147,0.3341210265232906
50032,San Miniato,PI,Toscana,2,27779.0,102.5825,364.0,5.0,515.0,884.0,4,520.0,0.5882352941176471,0.005656108597285068,318.22599805608553,8.617454244144957,270.7966758462701,0.6444031915427932,0.16856637573527006,0.4064847836390316,0.5016521468005363,0.31131742047752703
50033,Santa Croce sull'Arno,PI,Toscana,2,14759.0,16.7885,166.0,1.0,213.0,380.0,4,214.0,0.5631578947368421,0.002631578947368421,257.47001829392235,22.634541501623136,879.1136790064628,0.6775442152622854,0.10198847550569062,0.389766345383988,0.5048774933353068,0.27465519743266903
50035,Santa Maria a Monte,PI,Toscana,2,13359.25,38.0351,105.0,0.0,150.0,255.0,4,150.0,0.5882352941176471,0.0,190.8789789845987,6.704333628674567,351.2347805053753,0.5438446781696172,0.12586478210417038,0.3348547301368938,0.41845070934998313,0.25125875092380445
50037,Vecchiano,PI,Toscana,2,11871.0,67.7196,218.0,2.0,322.0,542.0,4,324.0,0.5977859778597786,0.0036900369003690036,456.5748462640047,8.003591279334195,175.29636914571262,0.6987005457765187,0.17042168762478108,0.4345611167006499,0.5402168883309975,0.3289053450703024
50040,Casciana Terme Lari,PI,Toscana,3,12153.25,81.3978,146.0,2.0,221.0,369.0,4,223.0,0.6043360433604336,0.005420054200542005,303.6224878119022,4.533292054576413,149.3068608733897,0.594947585525149,0.19489365243917245,0.39492061898216074,0.47493140559935604,0.3149098323649654
51002,Arezzo,AR,Toscana,1,96515.25,384.7538,1411.0,24.0,1764.0,3199.0,4,1788.0,0.5589246639574867,0.007502344482650828,331.4502112360482,8.314407810917007,250.84937432716714,0.6486683091049295,0.13128977148728876,0.3899790402961091,0.49345474781963716,0.286503332772581
51004,Bibbiena,AR,Toscana,3,11881.5,86.5123,82.0,3.0,107.0,192.0,4,110.0,0.5729166666666666,0.015625,161.59575811134957,2.219337597081571,137.33885239439942,0.4506827298564443,0.21650718598391713,0.33359495792018073,0.38043006669468615,0.28675984914567526
51012,Castiglion Fiorentino,AR,Toscana,2,12918.75,111.4255,111.0,3.0,154.0,268.0,4,157.0,0.585820895522388,0.011194029850746268,207.45041122399613,2.4051945021561494,115.94069580123042,0.4958241820649847,0.20592919588054903,0.35087668897276686,0.40885568620965396,0.2928976917358797
51017,Cortona,AR,Toscana,3,21083.25,342.7358,269.0,9.0,383.0,661.0,4,392.0,0.5930408472012103,0.01361573373676248,313.51902576690026,1.9285992300775117,61.514583536356575,0.5521625245828051,0.23664196185542688,0.394402243219116,0.4575063557645916,0.33129813067364033
51026,Montevarchi,AR,Toscana,2,24123.5,56.6334,255.0,6.0,327.0,588.0,4,333.0,0.5663265306122449,0.01020408163265306,243.74572512280557,10.382565765078558,425.9588864521643,0.6133859614063528,0.1644853570826526,0.3889356592445027,0.47871578010924276,0.29915553837976266
51033,San Giovanni Valdarno,AR,Toscana,2,16551.0,21.4497,190.0,1.0,236.0,427.0,4,237.0,0.5550351288056206,0.00234192037470726,257.9904537490182,19.907038326876368,771.6191834850837,0.6686151351289087,0.08562225840896709,0.3771186967689379,0.49371727211292615,0.26052012142494957
51034,Sansepolcro,AR,Toscana,2,15166.75,91.193,173.0,3.0,227.0,403.0,4,230.0,0.5707196029776674,0.007444168734491315,265.71282575370464,4.419198842016383,166.31484872742425,0.5714930112253338,0.15144119785208582,0.3614671045387098,0.44547746721335935,0.2774567418640602
51039,Terranuova Bracciolini,AR,Toscana,2,12007.25,85.5312,196.0,4.0,285.0,485.0,4,289.0,0.5958762886597938,0.008247422680412371,403.9226300776614,5.67044540471781,140.38444450679987,0.6559232669939005,0.20138741648052438,0.4286553417372124,0.5195625118398876,0.3377481716345372
52012,Colle di Val d'Elsa,SI,Toscana,2,21600.75,92.035,278.0,2.0,372.0,652.0,4,374.0,0.5736196319018405,0.003067484662576687,301.84137124868346,7.084261422285,234.70147226598579,0.6226136602634739,0.12354076964718064,0.37307721495532725,0.47289179307858586,0.2732626368320686
52015,Montepulciano,SI,Toscana,3,13217.75,165.5402,178.0,8.0,244.0,430.0,4,252.0,0.586046511627907,0.018604651162790697,325.3201187796713,2.5975563639526835,79.84616425496647,0.5737633667695706,0.26160521023424343,0.41768428850190703,0.48011591980897245,0.35525265719484156
52022,Poggibonsi,SI,Toscana,2,28301.5,70.5922,375.0,3.0,469.0,847.0,4,472.0,0.5572609208972845,0.0035419126328217238,299.2774234581206,11.9984927513238,400.91539858511277,0.6570783275278463,0.09856594064584713,0.37782213408684673,0.4895246114632465,0.2661196567104469
52032,Siena,SI,Toscana,2,52964.75,118.5061,956.0,7.0,1160.0,2123.0,4,1167.0,0.5496938294865756,0.003297220913801225,400.8326292486984,17.91468962357212,446.93690873296816,0.7333707207531288,0.08351099512577217,0.4084408579394505,0.5384128030649218,0.2784689128139792
52033,Sinalunga,SI,Toscana,2,12087.75,78.6758,143.0,0.0,222.0,365.0,4,222.0,0.6082191780821918,0.0,301.9585944447891,4.639291878824238,153.64000111851422,0.5954788103792724,0.16074756670463408,0.37811318854195325,0.4650594372768809,0.29116693980702557
53009,Follonica,GR,Toscana,2,20386.25,56.1606,339.0,1.0,438.0,778.0,4,439.0,0.5642673521850899,0.0012853470437017994,381.62977497087496,13.853128349768342,362.9991488694921,0.7070537122035867,0.09375272025827677,0.4004032162309317,0.5230634146199937,0.2777430178418697
53011,Grosseto,GR,Toscana,1,81464.25,473.4591,1633.0,23.0,2098.0,3754.0,4,2121.0,0.5649973361747469,0.006126798082045818,460.81563385165884,7.9288791787928465,172.06185286120808,0.6995901583230966,0.1315461615055209,0.41556815991430873,0.5291769592778238,0.3019593605507936
53016,Monte Argentario,GR,Toscana,2,11852.0,60.4768,142.0,1.0,186.0,329.0,4,187.0,0.5683890577507599,0.00303951367781155,277.5902801214985,5.440102650933912,195.97597756495054,0.5917005654691001,0.1141994400456389,0.3529500027573695,0.4484502278420617,0.25744977767267724
53018,Orbetello,GR,Toscana,3,14209.0,226.8751,262.0,4.0,392.0,658.0,4,396.0,0.601823708206687,0.0060790273556231,463.08677598705043,2.900274203735888,62.62917349678303,0.6378506321205459,0.19546880331270755,0.41665971771662674,0.5051360834781944,0.32818335195505904
54001,Assisi,PG,Umbria,3,27631.5,187.1954,246.0,7.0,323.0,576.0,4,330.0,0.5729166666666666,0.012152777777777778,208.4577384506813,3.076998686933546,147.60779378125744,0.5102155720891202,0.19057917269626853,0.35039737239269436,0.41432465227126464,0.28647009251412403
54002,Bastia Umbra,PG,Umbria,2,21284.0,27.5988,199.0,3.0,296.0,498.0,4,299.0,0.6004016064257028,0.006024096385542169,233.97857545574138,18.044262794034523,771.1929504181342,0.6455485723111398,0.19257308025772152,0.41906082628443064,0.5096559246951142,0.328465727873747
54009,Castiglione del Lago,PG,Umbria,3,15165.0,205.2651,169.0,3.0,265.0,437.0,4,268.0,0.6132723112128147,0.006864988558352402,288.16353445433566,2.1289542157921635,73.88007021164339,0.5433212967247183,0.22136509109532204,0.38234319391002014,0.4467344350358994,0.3179519527841409
54013,Città di Castello,PG,Umbria,2,38189.0,387.3122,375.0,8.0,534.0,917.0,4,542.0,0.5910577971646674,0.008724100327153763,240.1215009557726,2.3675990583307214,98.60004409879161,0.5189577502418244,0.19655506563690017,0.3577564079393623,0.42223694486034713,0.29327587101837743
54015,Corciano,PG,Umbria,2,21569.0,63.724,213.0,7.0,300.0,520.0,4,307.0,0.5903846153846154,0.013461538461538462,241.08674486531595,8.160190822923859,338.475299730086,0.5951837706411753,0.23085357338594206,0.4130186720135587,0.4858847114646053,0.34015263256251205
54018,Foligno,PG,Umbria,2,55360.25,264.6556,793.0,14.0,1111.0,1918.0,4,1125.0,0.586548488008342,0.0072992700729927005,346.45797300409595,7.24715441502088,209.17845683220006,0.6467477983456255,0.17798224553224656,0.412365021938936,0.5061181325016118,0.3186119113762602
54023,Gualdo Tadino,PG,Umbria,2,14280.0,124.2828,101.0,8.0,137.0,246.0,4,145.0,0.5894308943089431,0.032520325203252036,172.2689075630252,1.9793567573308617,114.89924591335246,0.45530010499493756,0.3702435533416525,0.412771829168295,0.42978313949895197,0.39576051883763796
54024,Gubbio,PG,Umbria,2,30465.5,525.7677,310.0,12.0,393.0,715.0,4,405.0,0.5664335664335665,0.016783216783216783,234.69170044804778,1.3599161759081055,57.94479196801173,0.4883555938355466,0.2138196406812569,0.35108761725840176,0.4059948078892597,0.2961804266275438
54026,Magione,PG,Umbria,2,14648.0,129.7334,158.0,8.0,227.0,393.0,4,235.0,0.5979643765903307,0.020356234096692113,268.2960131075915,3.029289296356991,112.90847229780458,0.5506996241332419,0.29541618119982144,0.42305790266653165,0.47411459125321576,0.37200121407984754
54027,Marsciano,PG,Umbria,3,18001.25,161.5282,92.0,4.0,139.0,235.0,4,143.0,0.6085106382978723,0.01702127659574468,130.54648982709534,1.4548543226507817,111.4433888324144,0.3953202680933031,0.28903948347008324,0.3421798757816932,0.3634360327063371,0.3209237188570492
54039,Perugia,PG,Umbria,1,162219.5,449.6326,1846.0,34.0,2392.0,4272.0,4,2426.0,0.5678838951310862,0.007958801498127341,263.34688493060327,9.501090445844007,360.7823365120767,0.6199834168659856,0.15035783278636025,0.3851706248261729,0.47909574164209795,0.29124550801024784
54044,San Giustino,PG,Umbria,2,11047.0,79.9787,103.0,6.0,138.0,247.0,4,144.0,0.582995951417004,0.024291497975708502,223.59011496333846,3.08832226580327,138.1242755883754,0.5219096976847473,0.2984313315346715,0.4101705146097094,0.4548661878397245,0.3654748413796942
54051,Spoleto,PG,Umbria,2,36239.75,348.1366,451.0,7.0,645.0,1103.0,4,652.0,0.5911151405258386,0.006346328195829556,304.36192302651096,3.168296582433447,104.09635183430872,0.5739543884200444,0.17878774021815122,0.37637106431909784,0.45540439395947646,0.29733773467871916
54052,Todi,PG,Umbria,3,15635.0,222.8556,137.0,3.0,185.0,325.0,4,188.0,0.5784615384615385,0.009230769230769232,207.8669651423089,1.4583434295570763,70.15753698807659,0.4715480575766521,0.17836956482433577,0.3249588112004939,0.38359450975095716,0.2663231126500306
54056,Umbertide,PG,Umbria,2,16295.5,200.8311,121.0,4.0,167.0,292.0,4,171.0,0.5856164383561644,0.0136986301369863,179.19057408487006,1.4539580772101532,81.14032139444538,0.4470983529204006,0.22430146673758317,0.3356999098289919,0.38025928706555534,0.2911405325924284
55004,Amelia,TR,Umbria,2,11540.75,132.4965,78.0,1.0,104.0,183.0,4,105.0,0.5737704918032787,0.00546448087431694,158.56855057080347,1.3811685591694876,87.10230081549324,0.4248135104971621,0.14187461498897316,0.2833440627430676,0.3399318418447054,0.2267562836414298
55022,Narni,TR,Umbria,3,17967.0,197.9832,240.0,8.0,362.0,610.0,4,370.0,0.6065573770491803,0.013114754098360656,339.5113263204764,3.0810695048872834,90.75012425296691,0.590295263443896,0.2564928050331398,0.42339403423851796,0.49015452592066916,0.35663354255636665
55023,Orvieto,TR,Umbria,2,19425.25,281.2685,259.0,7.0,338.0,604.0,4,345.0,0.5711920529801324,0.011589403973509934,310.93550919550586,2.1474143034147084,69.06301274405061,0.5562461268831238,0.18335353244419528,0.36979982966365954,0.4443783485514452,0.2952213107758738
55032,Terni,TR,Umbria,1,106676.0,212.4261,1508.0,17.0,1941.0,3466.0,4,1958.0,0.5649163300634737,0.0049047893825735715,324.9090704563351,16.316262455508056,502.1793461349618,0.6922239792993818,0.12220371731796653,0.4072138483086742,0.5212179007049572,0.2932097959123911
56021,Civita Castellana,VT,Lazio,2,15230.25,84.221,156.0,4.0,225.0,385.0,4,229.0,0.5948051948051948,0.01038961038961039,252.78639549580606,4.571306443761057,180.83672718205673,0.5654040780484444,0.2155864868157987,0.39049528243212156,0.46045880067865064,0.32053176418559237
56036,Montefiascone,VT,Lazio,2,12989.5,104.9301,138.0,0.0,196.0,334.0,4,196.0,0.5868263473053892,0.0,257.1307594595635,3.1830713970538485,123.79193386835618,0.5465564134231541,0.12340540092217891,0.3349809071726665,0.4196111096728615,0.25035070467247145
56050,Tarquinia,VT,Lazio,2,15977.5,279.6282,207.0,6.0,309.0,522.0,4,315.0,0.603448275862069,0.011494252873563218,326.7094351431701,1.8667645108755127,57.13837159485345,0.5573149463131918,0.2389460799690752,0.39813051314113346,0.46180428640995674,0.33445673987231017
56057,Vetralla,VT,Lazio,2,13347.5,113.7711,116.0,0.0,176.0,292.0,4,176.0,0.6027397260273972,0.0,218.7675594680652,2.5665568848327913,117.31889732981398,0.508025103215042,0.15118293221741003,0.32960401771622605,0.40097245191575237,0.2582355835166996
56059,Viterbo,VT,Lazio,2,66172.5,406.2267,1261.0,19.0,1679.0,2959.0,4,1698.0,0.5738425143629604,0.006421088205474822,447.16460765423705,7.28411007942117,162.89549652940096,0.6889898333062259,0.14919999594795902,0.4190949146270925,0.5270528820987458,0.31113694715543905
57027,Fara in Sabina,RI,Lazio,3,13849.25,54.9624,107.0,5.0,154.0,266.0,4,159.0,0.5977443609022557,0.018796992481203006,192.0681625358774,4.839672212276028,251.97680596189394,0.5239352831266211,0.2834538202447736,0.40369455168569734,0.4517908442620668,0.35559825910932785
57059,Rieti,RI,Lazio,2,45337.0,206.455,684.0,17.0,969.0,1670.0,4,986.0,0.5904191616766467,0.010179640718562874,368.35255971943445,8.088929790995616,219.59749097866361,0.6641482854446407,0.2063569733036361,0.4352526293741384,0.5268108918023392,0.34369436694593747
58003,Albano Laziale,RM,Lazio,2,39724.25,23.8183,276.0,1.0,346.0,623.0,4,347.0,0.5569823434991974,0.0016051364365971107,156.83115477321786,26.156358766158792,1667.8037475386573,0.6068230526447828,0.08345402665249224,0.3451385396486375,0.4498123448470956,0.24046473445017938
58005,Anguillara Sabazia,RM,Lazio,2,19084.75,75.2726,160.0,5.0,207.0,372.0,4,212.0,0.5698924731182796,0.013440860215053764,194.92002777086418,4.942037341609032,253.54179342815314,0.5276617875901384,0.19492912410421542,0.3612954558471769,0.42784198854436145,0.2947489231499923
58007,Anzio,RM,Lazio,1,59316.25,43.8596,408.0,4.0,527.0,939.0,4,531.0,0.5654952076677316,0.004259850905218318,158.30400606916317,21.409223978330857,1352.4120147014564,0.5938424480713029,0.11835363560009071,0.3560980418356968,0.4511958043299392,0.26100027934145437
58009,Ariccia,RM,Lazio,2,18015.0,18.5904,174.0,4.0,212.0,390.0,4,216.0,0.5538461538461539,0.010256410256410256,216.4862614487927,20.978569584301574,969.0485411825459,0.6436338807014801,0.14309245452171188,0.39336316761159595,0.49347145284754956,0.29325488237564235
58011,Artena,RM,Lazio,2,13658.75,54.8063,123.0,2.0,176.0,301.0,4,178.0,0.5913621262458472,0.006644518272425249,220.37155669442663,5.492069342393119,249.21861172894356,0.5544561520753272,0.18146188462212953,0.36795901834872835,0.4425578718393679,0.2933601648580888
58013,Bracciano,RM,Lazio,2,18474.25,143.0603,189.0,1.0,249.0,439.0,4,250.0,0.5694760820045558,0.002277904328018223,237.62804985317402,3.0686360926126954,129.13610554430542,0.5315273233303014,0.11034605674825967,0.32093669003928055,0.4051729433556889,0.23670043672287217
58015,Campagnano di Roma,RM,Lazio,2,10992.75,46.9379,70.0,1.0,94.0,165.0,4,95.0,0.5757575757575758,0.006060606060606061,150.0989288394624,3.515282958973452,234.19773786215404,0.4641561953524763,0.14983054976731044,0.3069933725598934,0.3698585016769265,0.24412824344286022
58018,Capena,RM,Lazio,2,10830.5,29.507,115.0,0.0,175.0,290.0,4,175.0,0.603448275862069,0.0,267.7623378422049,9.828176364930355,367.0484969668214,0.6250271000807947,0.1524197384011028,0.3887234192409487,0.48324489157688705,0.29420194690501034
58026,Cave,RM,Lazio,2,10818.5,17.8792,56.0,1.0,80.0,137.0,4,81.0,0.5912408759124088,0.0072992700729927005,126.63493090539353,7.662535236475905,605.0885945679896,0.48557383424869016,0.18617302350162374,0.3358734288751569,0.3957535910245702,0.27599326672574365
58029,Cerveteri,RM,Lazio,2,37947.25,134.5096,234.0,6.0,292.0,532.0,4,298.0,0.5601503759398496,0.011278195488721804,140.19461225780526,3.9551080368984812,282.11555160375167,0.46001360092996013,0.16175026385184538,0.3108819323909028,0.37053459980652564,0.25122926497527975
58032,Civitavecchia,RM,Lazio,2,51720.25,74.4949,613.0,7.0,796.0,1416.0,4,803.0,0.567090395480226,0.0049435028248587575,273.78057917353453,19.00801262905246,694.2790714532135,0.6750397379531825,0.1262903102807039,0.4006650241169432,0.5104149096514389,0.29091513858244744
58034,Colleferro,RM,Lazio,2,20522.75,26.9893,182.0,2.0,273.0,457.0,4,275.0,0.6017505470459519,0.00437636761487965,222.67970910331218,16.932636266965055,760.4031968224444,0.6328931894185492,0.18251734274233908,0.40770526608044416,0.4977804354156862,0.3176300967452021
58036,Fiano Romano,RM,Lazio,2,16362.0,41.186,193.0,4.0,285.0,482.0,4,289.0,0.5995850622406639,0.008298755186721992,294.58501405696126,11.703005875783033,397.27091730199584,0.6527486369482491,0.20824669875112334,0.43049766784968624,0.5193980554891113,0.34159728021026103
58038,Formello,RM,Lazio,2,13693.25,31.334,57.0,2.0,84.0,143.0,4,86.0,0.6013986013986014,0.013986013986013986,104.43101528125172,4.563732686538584,437.00931895066066,0.4206730910783502,0.2539960237086564,0.3373345573935033,0.370669970867442,0.3039991439195645
58039,Frascati,RM,Lazio,2,22807.5,22.4881,246.0,2.0,332.0,580.0,4,334.0,0.5758620689655173,0.0034482758620689655,254.30231283569003,25.79141857248945,1014.2030674000916,0.6849818064572101,0.1303286441207244,0.40765522528896725,0.5185858577562643,0.2967245928216701
58043,Genzano di Roma,RM,Lazio,2,22782.0,17.9012,196.0,3.0,257.0,456.0,4,260.0,0.5701754385964912,0.006578947368421052,200.1580194890703,25.473152637811992,1272.652112707528,0.6448354415831661,0.1439863763386389,0.3944109089609025,0.49458072200980785,0.29424109591199704
58046,Grottaferrata,RM,Lazio,2,20393.5,18.4007,174.0,3.0,224.0,401.0,4,227.0,0.5660847880299252,0.007481296758104738,196.6312795743742,21.792649192693755,1108.3002277087285,0.6306187880317201,0.14362992915973705,0.3871243585957286,0.48452213037012515,0.28972658682133196
58047,Guidonia Montecelio,RM,Lazio,1,88977.0,79.8452,485.0,20.0,691.0,1196.0,4,711.0,0.5944816053511706,0.016722408026755852,134.41675938725737,14.97898433468762,1114.3688036350336,0.541555002812804,0.26232598122307105,0.4019404920179375,0.4577862963358841,0.34609468769999097
58050,Lanuvio,RM,Lazio,2,12913.25,43.8039,102.0,7.0,163.0,272.0,4,170.0,0.625,0.025735294117647058,210.6363618763673,6.209492762059999,294.79681032967386,0.554967242746746,0.38241551680014074,0.4686913797734434,0.5032017249627644,0.43418103458412227
58057,Marino,RM,Lazio,2,46297.5,24.1809,340.0,10.0,460.0,810.0,4,470.0,0.5802469135802469,0.012345679012345678,174.95545115826988,33.49751249953476,1914.63096907063,0.6427901772585359,0.20481723140197472,0.4238037043302553,0.5113982935015675,0.3362091151589431
58059,Mentana,RM,Lazio,2,22593.5,24.2684,157.0,2.0,211.0,370.0,4,213.0,0.5756756756756757,0.005405405405405406,163.76391440015934,15.246163735557351,930.984325295446,0.5751030447341032,0.144755359620437,0.3599292021772701,0.4459987392000034,0.27385966515453686
58060,Monte Compatri,RM,Lazio,2,11800.25,24.5552,132.0,2.0,194.0,328.0,4,196.0,0.5975609756097561,0.006097560975609756,277.96021270735787,13.357659477422297,480.56012575747707,0.6524646804507742,0.18816747675976248,0.4203160786052683,0.5131755193434707,0.32745663786706597
58065,Monterotondo,RM,Lazio,2,41103.5,40.772,263.0,2.0,349.0,614.0,4,351.0,0.5716612377850163,0.003257328990228013,149.37900665393457,15.059354458942412,1008.1305798096733,0.5591887387954884,0.12155507820026187,0.34037190849787513,0.4278986406169204,0.2528451763788298
58072,Nettuno,RM,Lazio,1,48233.25,71.9235,527.0,8.0,715.0,1250.0,4,723.0,0.5784,0.0064,259.1573240451348,17.379576911579665,670.6187824563599,0.6596251014590369,0.15699665458592715,0.408310878022482,0.5088365673971039,0.30778518864786003
58074,Palestrina,RM,Lazio,2,22095.75,47.0154,192.0,6.0,319.0,517.0,4,325.0,0.6286266924564797,0.01160541586073501,233.9816480544901,10.996396925262786,469.9683507956967,0.6106494167161415,0.28372816158031255,0.447188789148227,0.5125730401753927,0.3818045381210612
58075,Palombara Sabina,RM,Lazio,2,12968.75,75.8028,38.0,1.0,60.0,99.0,4,61.0,0.6161616161616161,0.010101010101010102,76.33734939759036,1.3060203580870362,171.08536887819446,0.30314151021006414,0.2507022722536734,0.2769218912318688,0.2874097388231469,0.26643404364059065
58079,Pomezia,RM,Lazio,2,64330.0,86.5174,673.0,11.0,913.0,1597.0,4,924.0,0.5785848465873513,0.0068879148403256105,248.25120472563344,18.45871466317758,743.549852399633,0.6568828876921331,0.16098892194311928,0.4089359048176262,0.5081146979674289,0.3097571116678234
58081,Riano,RM,Lazio,2,10353.5,25.5123,68.0,2.0,104.0,174.0,4,106.0,0.6091954022988506,0.011494252873563218,168.059110445743,6.820239649110429,405.82385751186683,0.5241258320031152,0.24897795234791642,0.38655189217551583,0.4415814681065555,0.33152231624447603
58082,Rignano Flaminio,RM,Lazio,2,10105.0,38.5387,31.0,0.0,44.0,75.0,4,44.0,0.5866666666666667,0.0,74.22068283028204,1.9460957427209533,262.2039664026031,0.317071217092266,0.12312667105488663,0.2200989440735763,0.2588878532810521,0.18131003486610042
58086,Rocca di Papa,RM,Lazio,2,17609.25,39.7158,94.0,1.0,135.0,230.0,4,136.0,0.591304347826087,0.004347826086956522,130.61317205446002,5.791146092990699,443.3814753825933,0.47224709759361505,0.1640678750083327,0.31815748630097385,0.37979333081803035,0.2565216417839174
58088,Rocca Priora,RM,Lazio,2,12048.0,28.2646,53.0,0.0,75.0,128.0,4,75.0,0.5859375,0.0,106.24169986719787,4.528632989676132,426.2575801532659,0.4229987553047192,0.12185387724682115,0.2724263162757702,0.33265529188734977,0.21219734066419055
58091,Roma,RM,Lazio,1,2750844.25,1288.1875,51051.0,559.0,63699.0,115309.0,4,64258.0,0.5572678628728026,0.004847843620185761,419.17676727790024,89.51259036436853,2135.437775944884,0.8589473772780065,0.10842392493110178,0.48368565110455414,0.6337903415739351,0.3335809606351732
58097,Santa Marinella,RM,Lazio,2,18459.0,49.1885,189.0,9.0,268.0,466.0,4,277.0,0.5944206008583691,0.019313304721030045,252.4513787312422,9.473759110361161,375.2706425282332,0.6128567580623698,0.28148793722420556,0.4471723476432877,0.5134461118109206,0.3808985834756548
58104,Tivoli,RM,Lazio,1,55093.0,68.2069,481.0,12.0,594.0,1087.0,4,606.0,0.5574977000919963,0.011039558417663294,197.3027426351805,15.936804047684324,807.7335284260097,0.608752258985193,0.15533312039357006,0.38204268968938154,0.4727265174077061,0.2913588619710569
58110,Valmontone,RM,Lazio,2,15672.25,40.9132,218.0,9.0,371.0,598.0,4,380.0,0.6354515050167224,0.015050167224080268,381.56614398060265,14.616309650675086,383.0609680983154,0.7108101798947687,0.3213783083068401,0.5160942441008044,0.5939806184183901,0.4382078697832187
58111,Velletri,RM,Lazio,2,52716.5,118.2664,711.0,10.0,978.0,1699.0,4,988.0,0.581518540317834,0.005885815185403178,322.28998510902653,14.365872301854118,445.7436769868703,0.6818713544287177,0.15857109794983656,0.42022122618927715,0.5248812774850533,0.3155611748935009
58114,Zagarolo,RM,Lazio,2,18578.5,28.0274,118.0,1.0,193.0,312.0,4,194.0,0.6217948717948718,0.003205128205128205,167.9360551174745,11.131963721215667,662.8691922904015,0.5571679929727114,0.20867169437556987,0.3829198436741406,0.4526191033935689,0.3132205839547123
58115,Lariano,RM,Lazio,2,13213.5,22.4892,83.0,3.0,130.0,216.0,4,133.0,0.6157407407407407,0.013888888888888888,163.46917924849583,9.604610212902193,587.5486900378849,0.5425947538560882,0.27830566104472193,0.41045020745040506,0.46330802601267834,0.35759238888813183
58116,Ladispoli,RM,Lazio,2,40750.75,26.1791,267.0,3.0,350.0,620.0,4,353.0,0.5693548387096774,0.004838709677419355,152.14443905940382,23.683014312944298,1556.6138637309916,0.5946483603582456,0.12945347524699002,0.36205091780261783,0.45508989482486895,0.2690119407803667
58117,Ardea,RM,Lazio,2,49945.75,72.1308,491.0,12.0,734.0,1237.0,4,746.0,0.603071948261924,0.009700889248181084,247.66872056180958,17.149400810749363,692.4330521774333,0.6512372925204903,0.2248540524411387,0.4380456724808145,0.5233223204966848,0.3527690244649442
58118,Ciampino,RM,Lazio,2,38681.0,13.0045,355.0,2.0,420.0,777.0,4,422.0,0.5431145431145431,0.002574002574002574,200.87381401721774,59.74854857933792,2974.431927409743,0.7081463245229614,0.06656710988183281,0.3873567172023971,0.5156725601306228,0.2590408742741714
58119,San Cesareo,RM,Lazio,2,16140.0,23.6431,194.0,9.0,321.0,524.0,4,330.0,0.6297709923664122,0.01717557251908397,324.65923172242873,22.162914338644256,682.6515981406837,0.714066351135236,0.3272989371938234,0.5206826441645297,0.5980361269528122,0.4433291613762471
58120,Fiumicino,RM,Lazio,2,81913.5,215.0926,1174.0,29.0,1558.0,2761.0,4,1587.0,0.5747917421224195,0.010503440782325244,337.062877303497,12.836331886824558,380.829001090693,0.681309828884167,0.1815049856252572,0.4314074072547121,0.531368375906494,0.3314464386029301
58122,Fonte Nuova,RM,Lazio,1,32655.5,19.9273,197.0,9.0,261.0,467.0,4,270.0,0.5781584582441114,0.019271948608137045,143.00806908484023,23.435186904397487,1638.7317900568567,0.5837587538027843,0.25279444289420366,0.41827659834849396,0.48446946053021006,0.35208373616677785
59001,Aprilia,LT,Lazio,2,74363.0,178.0823,1140.0,31.0,1683.0,2854.0,4,1714.0,0.6005606166783461,0.010861948142957253,383.7930153436521,16.026297953249706,417.5765923957631,0.7182937770938422,0.22917129658932267,0.47373253684158245,0.5715570329424863,0.3759080407406785
59005,Cisterna di Latina,LT,Lazio,2,36278.75,144.157,326.0,13.0,459.0,798.0,4,472.0,0.5914786967418546,0.016290726817042606,219.96347724218722,5.535631290884244,251.66138307539694,0.5546574013227143,0.2538690916269984,0.40426324647485634,0.4644209084139995,0.34410558453571316
59006,Cori,LT,Lazio,2,10403.25,85.3113,60.0,6.0,81.0,147.0,4,87.0,0.5918367346938775,0.04081632653061224,141.30199697210006,1.72310116010423,121.94457240717232,0.4160912545317541,0.43503054898518384,0.42556090175846895,0.42177304286778305,0.4293487606491549
59007,Fondi,LT,Lazio,2,39700.0,145.0776,599.0,14.0,871.0,1484.0,4,885.0,0.5963611859838275,0.009433962264150943,373.80352644836273,10.229008475464166,273.6466553072287,0.6825281072912648,0.21113836426012944,0.4468332357756971,0.5411111843819241,0.35255528716947004
59008,Formia,LT,Lazio,2,37034.5,74.4278,555.0,8.0,765.0,1328.0,4,773.0,0.5820783132530121,0.006024096385542169,358.5845630425684,17.84279529960579,497.5896103337731,0.714793565437969,0.1605889329293981,0.4376912491836836,0.5485321756853977,0.32685032268196934
59009,Gaeta,LT,Lazio,2,19374.5,29.5578,287.0,6.0,371.0,664.0,4,377.0,0.5677710843373494,0.009036144578313253,342.7185217683037,22.464459465860113,655.4784185561848,0.7239291621447652,0.1582487260232226,0.4410889440839939,0.5542250313083025,0.3279528568596854
59010,Itri,LT,Lazio,2,10419.5,101.1194,88.0,10.0,112.0,210.0,4,122.0,0.580952380952381,0.047619047619047616,201.54517971111858,2.076752828834032,103.04155285731521,0.48343306656238505,0.46535388182250004,0.47439347419244254,0.4780093111404195,0.47077763724446553
59011,Latina,LT,Lazio,1,127808.75,278.0155,1762.0,40.0,2582.0,4384.0,4,2622.0,0.5980839416058394,0.009124087591240875,343.01250892446717,15.768904971125712,459.7180732728931,0.698698888519469,0.2118210293928356,0.45525995895615234,0.552635530781479,0.3578843871308256
59014,Minturno,LT,Lazio,2,20345.0,42.3073,239.0,4.0,322.0,565.0,4,326.0,0.5769911504424778,0.007079646017699115,277.709510936348,13.354669288751587,480.8862773091169,0.6523009199038665,0.1596485765241931,0.4059747482140298,0.5045052168899644,0.3074442795380951
59017,Pontinia,LT,Lazio,3,15039.75,112.1024,173.0,16.0,271.0,460.0,4,287.0,0.6239130434782608,0.034782608695652174,305.85614787479847,4.103391185202101,134.1608208209637,0.590042721782269,0.44700380901498715,0.518523265398628,0.5471310479520844,0.48991548284517167
59019,Priverno,LT,Lazio,2,13759.75,56.9807,113.0,6.0,184.0,303.0,4,190.0,0.6270627062706271,0.019801980198019802,220.20748923490618,5.317589990996952,241.48088738818583,0.5522767099987564,0.3420950053414401,0.4471858576700983,0.4892221986015615,0.405149516738635
59024,Sabaudia,LT,Lazio,3,19463.5,145.8065,188.0,12.0,268.0,468.0,4,280.0,0.5982905982905983,0.02564102564102564,240.45007321396463,3.209733448097307,133.48856189538876,0.5360374904223228,0.3350972035239688,0.4355673469731458,0.4757554043528166,0.395379289593475
59025,San Felice Circeo,LT,Lazio,2,10112.75,32.7296,104.0,4.0,148.0,256.0,4,152.0,0.59375,0.015625,253.1457813156659,7.821666014861166,308.978722624169,0.600343658199872,0.25287272335721644,0.4266081907785442,0.49610237774707533,0.3571140038100131
59027,Sermoneta,LT,Lazio,2,10044.5,44.9962,10.0,3.0,13.0,26.0,2,16.0,0.6153846153846154,0.11538461538461539,25.884812584001196,0.5778265720216373,223.22996164120525,0.10052014354686767,1.0,0.5502600717734338,0.3703641004828073,0.7301560430640602
59028,Sezze,LT,Lazio,2,23731.0,100.4711,171.0,9.0,269.0,449.0,4,278.0,0.6191536748329621,0.0200445434298441,189.20399477476718,4.468946791664468,236.19727463917482,0.5165213933632082,0.330089995187107,0.42330569427515763,0.46059197391037787,0.3860194146399374
59032,Terracina,LT,Lazio,2,44692.25,136.9161,662.0,20.0,984.0,1666.0,4,1004.0,0.602641056422569,0.012004801920768308,372.77156553988664,12.168035753282485,326.4207058191111,0.6941035499586639,0.2413575056910003,0.4677305278248321,0.5582797366783647,0.37718131897129936
60003,Alatri,FR,Lazio,2,27693.75,96.9574,309.0,6.0,543.0,858.0,4,549.0,0.6398601398601399,0.006993006993006993,309.8171970209885,8.849247195159936,285.6280180780425,0.6418066453305886,0.2687379180690953,0.45527228169984196,0.5298860271521406,0.3806585362475433
60006,Anagni,FR,Lazio,2,20699.25,112.8136,289.0,4.0,508.0,801.0,4,512.0,0.6392009987515606,0.004993757802746567,386.9705424109569,7.100207776367388,183.4818674344228,0.6635478554943788,0.252541268459362,0.4580445619768704,0.5402458793838737,0.375843244569867
60019,Cassino,FR,Lazio,2,35116.75,83.4151,424.0,10.0,647.0,1081.0,4,657.0,0.6077705827937095,0.009250693802035153,307.83030889817536,12.959284350195588,420.9879266463746,0.6670876387741836,0.22967931107665243,0.448383474925418,0.5358651404649242,0.36090180938591176
60024,Ceccano,FR,Lazio,2,22293.75,61.0387,226.0,6.0,343.0,575.0,4,349.0,0.6069565217391304,0.010434782608695653,257.9198205775161,9.420253052571566,365.23959389698666,0.6159845188771168,0.23713565781218476,0.42656008834465076,0.5023298605576372,0.35079031613166434
60033,Ferentino,FR,Lazio,2,20065.75,80.9996,245.0,10.0,426.0,681.0,4,436.0,0.6402349486049926,0.014684287812041116,339.3842741985722,8.407448925673707,247.72653198287398,0.6533020277112215,0.3269985449999707,0.4901502863555961,0.5554109828978462,0.4248895898133459
60035,Fiuggi,FR,Lazio,2,10124.75,32.9774,93.0,0.0,110.0,203.0,4,110.0,0.541871921182266,0.0,200.49877774759872,6.155730894491378,307.02086883744624,0.5463202928190768,0.04493539148494752,0.29562784215201215,0.39590482241883795,0.1953508618851863
60038,Frosinone,FR,Lazio,2,43433.75,46.8442,589.0,12.0,866.0,1467.0,4,878.0,0.5985003408316292,0.0081799591002045,337.7557774771923,31.31657707891265,927.1958961835189,0.7457074297975912,0.20546121588991678,0.47558432284375396,0.5836335656252889,0.36753508006221913
60043,Isola del Liri,FR,Lazio,2,10715.0,15.9877,58.0,1.0,78.0,137.0,4,79.0,0.5766423357664233,0.0072992700729927005,127.85814279048064,8.569087486004866,670.2027183397237,0.4946605314495411,0.1606906031524504,0.32767556730099573,0.39446955296041386,0.2608815816415776
60044,Monte San Giovanni Campano,FR,Lazio,2,12016.5,48.7143,53.0,5.0,83.0,141.0,4,88.0,0.624113475177305,0.03546099290780142,117.33865934340282,2.894427303687008,246.67294818975125,0.41274936593069045,0.4523154340803023,0.43253240000549636,0.42461918637557394,0.4404456136354187
60056,Pontecorvo,FR,Lazio,2,12282.25,88.8006,81.0,1.0,108.0,190.0,4,109.0,0.5736842105263158,0.005263157894736842,154.69478312198498,2.1396251827127295,138.31269158091274,0.44164884476938554,0.14020792829839973,0.29092838653389264,0.3512165698280898,0.23064020323969547
60074,Sora,FR,Lazio,2,24885.5,72.1788,227.0,4.0,315.0,546.0,4,319.0,0.5842490842490843,0.007326007326007326,219.40487432440577,7.564548039036393,344.775751328645,0.5746578481267532,0.17416948844911642,0.3744136682879348,0.4545113402234622,0.29431599635240746
60085,Veroli,FR,Lazio,2,19641.25,119.6562,145.0,4.0,217.0,366.0,4,221.0,0.6038251366120219,0.01092896174863388,186.34251893336727,3.058763357017856,164.1473655355928,0.4915056297813103,0.2353715554750827,0.3634385926281965,0.41466540748944203,0.31221177776695097
61005,Aversa,CE,Campania,1,49727.75,8.8517,349.0,5.0,496.0,850.0,4,501.0,0.5894117647058823,0.0058823529411764705,170.93071775819337,96.02675192335936,5617.875662302157,0.7170734659881478,0.17232302335973473,0.44469824467394126,0.5536483331996238,0.33574815614825865
61013,Capodrise,CE,Campania,1,10040.0,3.4364,71.0,2.0,108.0,181.0,4,110.0,0.6077348066298343,0.011049723756906077,180.2788844621514,52.671400302642304,2921.662204632755,0.6810758683841707,0.24310041118632258,0.46208813978524665,0.5496832312248162,0.374493048345677
61015,Capua,CE,Campania,2,17751.75,48.603,80.0,6.0,110.0,196.0,4,116.0,0.5918367346938775,0.030612244897959183,110.41164955567761,4.03267288027488,365.2398000123449,0.4221814666592595,0.36043908374600164,0.39131027520263056,0.4036587517852821,0.37896179861997903
61018,Casagiove,CE,Campania,1,12956.25,6.3569,105.0,1.0,147.0,253.0,4,148.0,0.5849802371541502,0.003952569169960474,195.2725518572118,39.79927323066274,2038.139659267882,0.6734514355776702,0.15004873899529725,0.4117500872864837,0.5164306266029582,0.3070695479700091
61019,Casal di Principe,CE,Campania,1,21449.5,23.5127,134.0,5.0,219.0,358.0,4,224.0,0.6256983240223464,0.013966480446927373,166.90365742791207,15.225814134489022,912.2516767534141,0.5781163110154471,0.2962664528691348,0.43719138194229096,0.4935613535715534,0.38082141031302846
61022,Caserta,CE,Campania,1,72882.5,54.0689,540.0,5.0,675.0,1220.0,4,680.0,0.5573770491803278,0.004098360655737705,167.39272116077248,22.56380285154682,1347.9560338752963,0.606771528704905,0.10296546823083405,0.35486849846786955,0.4556297105626837,0.25410728637305535
61027,Castel Volturno,CE,Campania,2,29141.75,74.8506,323.0,11.0,535.0,869.0,4,546.0,0.6283084004602992,0.012658227848101266,298.19760309521564,11.609793375069806,389.3322164418188,0.6541924961411698,0.2910478382554218,0.4726201671982958,0.5452490987754454,0.3999912356211462
61043,Gricignano di Aversa,CE,Campania,1,12840.0,9.9776,86.0,2.0,143.0,231.0,4,145.0,0.6277056277056277,0.008658008658008658,179.90654205607478,23.15186016677357,1286.8826170622192,0.6204348962627589,0.2600294652295929,0.4402321807461759,0.5123132669528091,0.3681510945395427
61046,Lusciano,CE,Campania,1,16117.25,4.5573,83.0,2.0,134.0,219.0,4,136.0,0.6210045662100456,0.0091324200913242,135.87925979928337,48.05476927127905,3536.5786759704215,0.6280292254295652,0.25189254374546466,0.4399608845875149,0.515188220924335,0.3647335482506948
61047,Macerata Campania,CE,Campania,1,10052.75,7.6148,34.0,1.0,40.0,75.0,4,41.0,0.5466666666666666,0.013333333333333334,74.6064509711273,9.849240951830646,1320.159426380207,0.41635961528310517,0.15358408651975183,0.2849718509014285,0.33752695665409915,0.23241674514875782
61048,Maddaloni,CE,Campania,2,36875.75,36.6723,332.0,7.0,541.0,880.0,4,548.0,0.6227272727272727,0.007954545454545454,238.63921411767896,23.996313293684878,1005.5477840222729,0.6693202154736314,0.24605749184399978,0.4576888536588156,0.5423413983847419,0.37303630893288925
61049,Marcianise,CE,Campania,2,38357.5,30.2352,478.0,8.0,771.0,1257.0,4,779.0,0.6197295147175815,0.006364359586316627,327.7064459362575,41.57405937450389,1268.6372175477588,0.7615669404210195,0.228871093773604,0.49521901709731175,0.6017581864267947,0.3886798477678286
61052,Mondragone,CE,Campania,2,28540.25,56.104,402.0,13.0,580.0,995.0,4,593.0,0.5959798994974874,0.01306532663316583,348.630442970892,17.734920861257663,508.70258805076287,0.7097380226658426,0.23765995478701749,0.47369898872643007,0.568114602302195,0.379283375150665
61053,Orta di Atella,CE,Campania,1,27319.0,10.8339,73.0,3.0,119.0,195.0,4,122.0,0.6256410256410256,0.015384615384615385,71.37889381016875,17.99905851078559,2521.6219459289823,0.45148899832460665,0.30674781078133384,0.37911840455297025,0.4080666420616248,0.3501701670443157
61054,Parete,CE,Campania,1,12559.5,5.6084,29.0,0.0,51.0,80.0,4,51.0,0.6375,0.0,63.696803216688565,14.264317809000785,2239.408744026817,0.41648687069941703,0.21185858224573662,0.3141727264725768,0.35509838416331285,0.2732470687818407
61057,Piedimonte Matese,CE,Campania,2,10143.25,41.4292,67.0,1.0,109.0,177.0,4,110.0,0.6214689265536724,0.005649717514124294,174.50028343972593,4.272348971256988,244.83335425255615,0.5005100889892259,0.2265290883242371,0.3635195886567315,0.41831578878972925,0.3087233885237337
61074,San Cipriano d'Aversa,CE,Campania,1,13264.75,6.1902,38.0,2.0,67.0,107.0,4,69.0,0.6448598130841121,0.018691588785046728,80.6649201831923,17.285386578785822,2142.86291234532,0.46847163810862735,0.3649126740284511,0.41669215606853927,0.43740394888457446,0.39598036325250396
61075,San Felice a Cancello,CE,Campania,2,16886.25,27.179,74.0,2.0,103.0,179.0,4,105.0,0.5865921787709497,0.0111731843575419,106.00340513731587,6.585967106957578,621.297693071857,0.44652330621211295,0.2071194309390008,0.3268213685755569,0.3747021436301793,0.2789405935209344
61077,San Marcellino,CE,Campania,1,14769.0,4.6099,37.0,2.0,52.0,91.0,4,54.0,0.5934065934065934,0.02197802197802198,61.615546076240776,19.740124514631557,3203.7571313911367,0.4342535213331707,0.29948436237645554,0.3668689418548131,0.39382277364615614,0.3399151100634701
61078,San Nicola la Strada,CE,Campania,1,22083.75,4.7267,121.0,6.0,169.0,296.0,4,175.0,0.5912162162162162,0.02027027027027027,134.035206882889,62.62297162925508,4672.128546343115,0.645433517378463,0.2829990857425063,0.46421630156048466,0.536703187887676,0.3917294152332933
61081,San Prisco,CE,Campania,1,12121.5,7.7852,69.0,2.0,103.0,174.0,4,105.0,0.603448275862069,0.011494252873563218,143.54659076846926,22.3501001901043,1556.9927554847661,0.580943050133663,0.2389460799690752,0.4099445650513691,0.4783439590842866,0.3415451710184515
61082,Santa Maria a Vico,CE,Campania,2,14304.25,10.835,79.0,1.0,122.0,202.0,4,123.0,0.6089108910891089,0.0049504950495049506,141.21677123931698,18.64328564836179,1320.1892016612828,0.5652132463353619,0.19934257783597167,0.38227791208566675,0.45545204578554477,0.30910377838578873
61083,Santa Maria Capua Vetere,CE,Campania,1,32041.75,15.9201,228.0,3.0,293.0,524.0,4,296.0,0.5648854961832062,0.0057251908396946565,163.53663579548558,32.91436611579073,2012.6600963561787,0.6304555685557722,0.12832829443747834,0.3793919314966253,0.47981738632028403,0.2789664766729665
61087,Sant'Arpino,CE,Campania,1,15100.5,3.2007,71.0,0.0,103.0,174.0,4,103.0,0.5919540229885057,0.0,115.22797258368928,54.36310807010967,4717.874215015466,0.6102384462996827,0.1323559936434205,0.37129721997155163,0.466873710502804,0.27572072944029913
61088,Sessa Aurunca,CE,Campania,3,20230.5,162.195,68.0,8.0,113.0,189.0,4,121.0,0.6402116402116402,0.042328042328042326,93.42329650774819,1.1652640340331084,124.72949227781375,0.3312498242775069,0.5304595128000422,0.4308546685387745,0.39101273083426746,0.47069660624328163
61091,Teano,CE,Campania,3,11238.5,89.4301,59.0,7.0,93.0,159.0,4,100.0,0.6289308176100629,0.0440251572327044,141.47795524313742,1.777924882114635,125.66797979651147,0.41779999768048315,0.5230853269643636,0.4704426623224234,0.44938559646564724,0.4914997281791994
61092,Teverola,CE,Campania,1,14852.75,6.6991,79.0,1.0,136.0,216.0,4,137.0,0.6342592592592593,0.004629629629629629,145.427614414839,32.24313713782448,2217.1261811288086,0.6097482408298581,0.2411716328432073,0.4254599368365327,0.49917525843386285,0.35174461523920253
61094,Trentola Ducenta,CE,Campania,1,20450.5,6.6551,71.0,2.0,111.0,184.0,4,113.0,0.6141304347826086,0.010869565217391304,89.97335028483411,27.647969226608165,3072.906492764947,0.5201495779073262,0.2529150842881852,0.3865323310977557,0.4399792298215839,0.3330854323739275
61099,Villa Literno,CE,Campania,2,12588.5,61.8249,134.0,11.0,233.0,378.0,4,244.0,0.6455026455026455,0.0291005291005291,300.274059657624,6.114041429909308,203.61537180003526,0.6121045041609601,0.4430020325398187,0.5275532683503894,0.5613737626746176,0.4937327740261611
62008,Benevento,BN,Campania,2,56253.0,130.8725,486.0,12.0,654.0,1152.0,4,666.0,0.578125,0.010416666666666666,204.78907791584447,8.802460409940974,429.8305602781333,0.5735560369722577,0.18667317619862203,0.38011460658543983,0.4574911787401669,0.3027380344307127
62043,Montesarchio,BN,Campania,2,12980.75,26.5073,67.0,4.0,98.0,169.0,4,102.0,0.6035502958579881,0.023668639053254437,130.1927854707933,6.375602192603547,489.7047228499319,0.4779549613858246,0.32970466647422736,0.403829813930026,0.4334798729123454,0.3741797549477065
62070,Sant'Agata de' Goti,BN,Campania,3,10253.0,63.3786,37.0,1.0,65.0,103.0,4,66.0,0.6407766990291263,0.009708737864077669,100.45840241880425,1.6251542318700634,161.77384795498796,0.3576257791520615,0.2907282720751916,0.32417702561362655,0.3375565270290005,0.3107975241982526
63001,Acerra,NA,Campania,1,58537.5,54.7117,279.0,10.0,419.0,708.0,4,429.0,0.6059322033898306,0.014124293785310734,120.94811018577835,12.940559331916209,1069.9265422204026,0.5140007017536352,0.2629420355836336,0.3884713686686344,0.4386831019026347,0.3382596354346341
63002,Afragola,NA,Campania,1,61906.75,17.9149,441.0,6.0,660.0,1107.0,4,666.0,0.6016260162601627,0.005420054200542005,178.81733413561525,61.7921395039883,3455.601203467505,0.6915955672861397,0.1901631760328898,0.44087937165951474,0.5411658499101647,0.3405928934088648
63005,Arzano,NA,Campania,1,32064.25,4.7535,155.0,3.0,221.0,379.0,4,224.0,0.5910290237467019,0.0079155672823219,118.20017620870595,79.73072472914694,6745.398127695383,0.6428815731399714,0.19043396721353045,0.41665777017675093,0.5071472913620391,0.3261682489914627
63006,Bacoli,NA,Campania,2,25234.25,13.5169,150.0,3.0,206.0,359.0,4,209.0,0.5821727019498607,0.008356545961002786,142.26695859793733,26.55934422833638,1866.8666632141985,0.5919953826359236,0.17828654532068874,0.38514096397830616,0.46788273144135306,0.30239919651525915
63007,Barano d'Ischia,NA,Campania,2,10002.0,10.9793,21.0,0.0,31.0,52.0,1,31.0,0.5961538461538461,0.0,51.98960207958408,4.736185367008826,910.9870392465822,0.30971037772876303,0.13968697730488133,0.22469867751682218,0.2587033576015985,0.19069399743204585
63008,Boscoreale,NA,Campania,1,26036.25,11.3999,170.0,3.0,252.0,425.0,4,255.0,0.6,0.007058823529411765,163.23395266215374,37.281028780954216,2283.9016131720455,0.639298814662027,0.1996550372235062,0.4194769259427666,0.5074056814304707,0.33154817045506246
63010,Brusciano,NA,Campania,1,15931.75,5.6161,77.0,1.0,105.0,183.0,4,106.0,0.5792349726775956,0.00546448087431694,114.86497089145888,32.584889870194615,2836.7995584124214,0.5719767863480753,0.15141311659508444,0.3616949514715798,0.44580768542217797,0.27758221752098167
63011,Caivano,NA,Campania,1,36026.75,27.2212,227.0,13.0,391.0,631.0,4,404.0,0.6402535657686212,0.020602218700475437,175.14763335577038,23.180462286747094,1323.4813307275213,0.6161352119162755,0.371058866225344,0.49359703907080976,0.5426123082089961,0.44458176993262344
63012,Calvizzano,NA,Campania,1,12480.5,3.9831,10.0,0.0,12.0,22.0,4,12.0,0.5454545454545454,0.0,17.627498898281317,5.5233360950013815,3133.3634606211244,0.14729430987211412,0.05118902621461466,0.09924166804336439,0.11846272477486428,0.0800206113118645
63016,Cardito,NA,Campania,1,21549.5,3.1983,71.0,1.0,99.0,171.0,4,100.0,0.5847953216374269,0.005847953216374269,79.35218914591987,53.46590376137323,6737.7982052965635,0.5482292703112022,0.16400588981878356,0.35611758006499283,0.43296225616347656,0.2792729039665091
63017,Casalnuovo di Napoli,NA,Campania,1,47052.5,7.8354,152.0,5.0,201.0,358.0,4,206.0,0.5754189944134078,0.013966480446927373,76.08522395196854,45.690073257268295,6005.117798708426,0.5297622949673372,0.20850158054921716,0.3691319377582772,0.43338408064190115,0.3048797948746531
63020,Casandrino,NA,Campania,1,13155.5,3.2108,46.0,2.0,62.0,110.0,4,64.0,0.5818181818181818,0.01818181818181818,83.61521796967048,34.25937461068892,4097.265479008347,0.5239019958309713,0.251081028020179,0.3874915119255752,0.4420557054877336,0.33292731836341666
63021,Casavatore,NA,Campania,1,18252.5,1.6091,85.0,1.0,122.0,208.0,4,123.0,0.5913461538461539,0.004807692307692308,113.9569921928503,129.26480641352308,11343.297495494377,0.6730454397980796,0.16760661843709282,0.4203260291175862,0.5214137933897836,0.31923826484538886
63023,Casoria,NA,Campania,1,74050.0,12.0996,516.0,13.0,717.0,1246.0,4,730.0,0.5858747993579454,0.01043338683788122,168.26468602295745,102.97861086316902,6120.037026017389,0.7197261637202018,0.20032608776068603,0.46002612574044394,0.563906140932347,0.35614611054854073
63024,Castellammare di Stabia,NA,Campania,1,62759.5,17.9852,389.0,11.0,546.0,946.0,4,557.0,0.5887949260042283,0.011627906976744186,150.73415180171926,52.59880346062318,3489.508039943954,0.6516825867854943,0.21436831343974047,0.4330254501126174,0.5204883047817681,0.34556259544346657
63026,Cercola,NA,Campania,1,16947.75,4.2278,59.0,1.0,88.0,148.0,4,89.0,0.6013513513513513,0.006756756756756757,87.32722632797865,35.00638630020342,4008.645158238327,0.5325540408565645,0.19974263296861158,0.3661483369125881,0.4327106184901786,0.2995860553349975
63027,Cicciano,NA,Campania,2,12317.5,7.3311,66.0,1.0,93.0,160.0,4,94.0,0.5875,0.00625,129.89648873553887,21.82482847048874,1680.1707792827815,0.5628930828500912,0.17175261324989938,0.36732284804999527,0.44555094197003364,0.2890947541299569
63030,Crispano,NA,Campania,1,11767.75,2.2191,20.0,1.0,29.0,50.0,4,30.0,0.6,0.02,42.48900596970534,22.531656978054166,5302.938128069938,0.3837764233440841,0.2963257612735933,0.3400510923088387,0.35754122472293687,0.32256095989474054
63031,Forio,NA,Campania,2,17481.0,13.0712,174.0,0.0,236.0,410.0,4,236.0,0.5756097560975609,0.0,234.54035810308335,31.3666687067752,1337.3676479588714,0.6859936363765184,0.10382632731725264,0.3949099818468855,0.5113434436587386,0.27847652003503237
63032,Frattamaggiore,NA,Campania,1,28624.25,5.3882,126.0,2.0,188.0,316.0,4,190.0,0.6012658227848101,0.006329113924050633,110.39590556957823,58.64667235811588,5312.395605211387,0.6088751831229365,0.1963767129483192,0.4026259480356279,0.4851256420705513,0.3201262540007044
63033,Frattaminore,NA,Campania,1,15428.0,2.0417,26.0,0.0,39.0,65.0,4,39.0,0.6,0.0,42.13119004407571,31.836214918940097,7556.4480579908895,0.40757763682857695,0.14640061497379808,0.2769891259011875,0.32922453027214327,0.22475372153023174
63034,Giugliano in Campania,NA,Campania,1,124305.25,94.7069,749.0,26.0,1110.0,1885.0,4,1136.0,0.6026525198938992,0.013793103448275862,151.6428308538859,19.90351283802975,1312.5258032941633,0.5815572767622218,0.2547442835673591,0.41815078016479046,0.483513378803763,0.3527881815258179
63035,Gragnano,NA,Campania,1,27920.0,14.6424,189.0,6.0,241.0,436.0,4,247.0,0.5665137614678899,0.013761467889908258,156.16045845272205,29.7765393651314,1906.7912364093318,0.6155723372911421,0.19142616883724192,0.40349925306419204,0.48832848675497204,0.318670019373412
63036,Grumo Nevano,NA,Campania,1,17170.25,2.8769,52.0,2.0,75.0,129.0,4,77.0,0.5968992248062015,0.015503875968992248,75.12994860296152,44.83993187111127,5968.3165907747925,0.5263215012820532,0.2574668670238851,0.39189418415296917,0.4456651110046028,0.3381232573013355
63037,Ischia,NA,Campania,2,19564.75,8.1376,143.0,5.0,195.0,343.0,4,200.0,0.5830903790087464,0.014577259475218658,175.3152991988142,42.15001966181675,2404.2408081006683,0.6600271191431211,0.22645145779101244,0.4432392884670667,0.5299544207374884,0.356524156196645
63041,Marano di Napoli,NA,Campania,1,57833.0,15.6058,180.0,3.0,234.0,417.0,4,237.0,0.5683453237410072,0.007194244604316547,72.10416198364256,26.720834561509182,3705.865767855541,0.48166084726872477,0.14541836454096818,0.3135396059048465,0.38078810245039774,0.24629110935929516
63043,Marigliano,NA,Campania,1,29246.25,22.5752,173.0,2.0,245.0,420.0,4,247.0,0.5880952380952381,0.004761904761904762,143.6081548916528,18.60448633899146,1295.50347283745,0.5678093981126116,0.16158699065418994,0.36469819438340073,0.44594267587508507,0.2834537128917164
63044,Massa Lubrense,NA,Campania,2,14167.25,20.045,122.0,0.0,144.0,266.0,4,144.0,0.5413533834586466,0.0,187.75697471280594,13.270142180094785,706.7722624095784,0.5876919861372596,0.04403026014249564,0.31586112313987763,0.4245934683388304,0.2071287779409248
63045,Melito di Napoli,NA,Campania,1,36355.75,3.7798,79.0,3.0,108.0,190.0,4,111.0,0.5842105263157895,0.015789473684210527,52.2613341768496,50.267209905285995,9618.432192179482,0.4759560728652263,0.23744710434335486,0.3567015886042906,0.4044033823086648,0.30899979489991625
63047,Monte di Procida,NA,Campania,2,11883.75,3.7043,60.0,0.0,70.0,130.0,4,70.0,0.5384615384615384,0.0,109.39307878405386,35.094349809680644,3208.0959965445563,0.5694535121428305,0.03898241227112964,0.30421796220698005,0.4103121821813202,0.19812374223263987
63048,Mugnano di Napoli,NA,Campania,1,34938.75,5.2446,183.0,1.0,253.0,437.0,4,254.0,0.5812356979405034,0.002288329519450801,125.07602590247218,83.32379971780497,6661.852190824849,0.6554033096929824,0.13095175392751307,0.3931775318102477,0.4980678429633416,0.28828722065715384
63049,Napoli,NA,Campania,1,915342.25,119.2423,9423.0,127.0,12151.0,21701.0,4,12278.0,0.5657803787843878,0.005852264872586517,237.08072035350713,181.9907868264869,7676.321657666785,0.8185799688677126,0.13084688987364695,0.47471342937067973,0.6122600451694928,0.3371668135718666
63050,Nola,NA,Campania,2,33824.0,39.1855,242.0,7.0,371.0,620.0,4,378.0,0.6096774193548387,0.01129032258064516,183.30179754020813,15.822179122379453,863.1764300570364,0.5961842384670936,0.24829277555833762,0.4222385070127156,0.4918167995944668,0.3526602144309644
63051,Ottaviano,NA,Campania,2,23215.25,20.0227,113.0,4.0,171.0,288.0,4,175.0,0.6076388888888888,0.013888888888888888,124.056385350147,14.38367452940912,1159.4465281905038,0.5255834510765702,0.2641635076217722,0.3948734793491712,0.4471574680401308,0.3425894906582116
63052,Palma Campania,NA,Campania,2,16269.75,20.6708,109.0,3.0,215.0,327.0,4,218.0,0.6666666666666666,0.009174311926605505,200.98649333886507,15.81941676180893,787.0885500319291,0.6112574410353976,0.33191211630396644,0.471584778669682,0.5274538436159683,0.4157157137233958
63053,Piano di Sorrento,NA,Campania,2,12341.75,7.3471,188.0,1.0,235.0,424.0,4,236.0,0.5566037735849056,0.0023584905660377358,343.5493345757287,57.70984470063018,1679.8124430047228,0.7935856414402758,0.08848555802040559,0.4410355997303407,0.5820556164143146,0.3000155830463666
63055,Poggiomarino,NA,Campania,2,22330.25,13.2007,71.0,1.0,105.0,177.0,4,106.0,0.5988700564971752,0.005649717514124294,79.26467460059784,13.40837985864386,1691.5959002174127,0.44762882772784884,0.1870817257498108,0.3173552767388298,0.3694646971344374,0.2652458563432222
63056,Pollena Trocchia,NA,Campania,1,12796.25,8.0156,32.0,3.0,47.0,82.0,4,50.0,0.6097560975609756,0.036585365853658534,64.08127381068672,10.23005139977045,1596.4182344428366,0.394284096310625,0.43547058305387365,0.4148773396822493,0.4066400423335995,0.423114637030899
63057,Pomigliano d'Arco,NA,Campania,1,39790.0,11.7093,255.0,2.0,367.0,624.0,4,369.0,0.5913461538461539,0.003205128205128205,156.82332244282483,53.29097384130563,3398.1536043999213,0.6591296480507849,0.1555220628299787,0.4073258554403818,0.508047372484543,0.30660433839622053
63058,Pompei,NA,Campania,1,23871.25,12.4308,284.0,1.0,384.0,669.0,4,385.0,0.5754857997010463,0.0014947683109118087,280.2534429491543,53.81793609421759,1920.3309521511087,0.7549864780535194,0.1149183558821413,0.4349524169678303,0.5629660414021059,0.3069387925335547
63059,Portici,NA,Campania,1,52022.5,4.6361,301.0,2.0,369.0,672.0,4,371.0,0.5520833333333334,0.002976190476190476,129.1748762554664,144.94941869243544,11221.177282629797,0.702099639549437,0.08525907084970913,0.3936793551995731,0.5170474689395186,0.2703112414596275
63060,Pozzuoli,NA,Campania,1,76300.0,43.8367,860.0,19.0,1264.0,2143.0,4,1283.0,0.5986934204386374,0.008866075594960336,280.86500655308,48.88597909970413,1740.5507257617476,0.74822445878105,0.2109489152361548,0.4795866870086024,0.5870417957175814,0.3721315782996234
63061,Procida,NA,Campania,2,10080.5,4.2597,12.0,1.0,18.0,31.0,4,19.0,0.6129032258064516,0.03225806451612903,30.75244283517683,7.277507805714018,2366.4812075967793,0.25308846064410995,0.40929230773772163,0.3311903841909158,0.2999496147721934,0.36243115360963807
63062,Qualiano,NA,Campania,1,24703.75,7.4345,87.0,4.0,127.0,218.0,4,131.0,0.6009174311926605,0.01834862385321101,88.24571168344886,29.322752034434057,3322.852915461699,0.5212834465711155,0.2856598705427779,0.40347165855694667,0.4505963737626142,0.35634694335127914
63063,Quarto,NA,Campania,1,41385.25,14.1586,207.0,4.0,283.0,494.0,4,287.0,0.5809716599190283,0.008097165991902834,119.36619931014069,34.89045527100137,2922.976141708926,0.5832658876145389,0.17424233657096103,0.37875411209274995,0.4605588223014655,0.29694940188403435
63064,Ercolano,NA,Campania,1,50033.25,19.917,249.0,6.0,326.0,581.0,4,332.0,0.5714285714285714,0.010327022375215147,116.12277835239566,29.171059898579102,2512.08766380479,0.5656594917589275,0.17431252605971226,0.3699860089093199,0.4482554020491629,0.29171661576947683
63066,San Gennaro Vesuviano,NA,Campania,2,12078.5,7.0143,47.0,2.0,70.0,119.0,4,72.0,0.6050420168067226,0.01680672268907563,98.52216748768473,16.96534222944556,1721.9822362887244,0.49969726238822854,0.2813874818992327,0.3905423721437306,0.43420432824152977,0.34688041604593145
63067,San Giorgio a Cremano,NA,Campania,1,42388.75,4.0748,124.0,3.0,155.0,282.0,4,158.0,0.5602836879432624,0.010638297872340425,66.5270856064404,69.20585059389418,10402.657799155788,0.5387701519092927,0.15719083203971784,0.34798049197450526,0.4242963559484202,0.27166462800059027
63068,San Giuseppe Vesuviano,NA,Campania,2,30290.0,14.1713,114.0,3.0,183.0,300.0,4,186.0,0.62,0.01,99.04258831297457,21.16954690113116,2137.418585450876,0.5164354997365076,0.25664521191277834,0.38654035582464297,0.4384984133893888,0.33458229825989705
63072,Sant'Anastasia,NA,Campania,1,26281.0,18.7405,197.0,8.0,313.0,518.0,4,321.0,0.6196911196911197,0.015444015444015444,197.10056694950725,27.64067127344521,1402.3638643579413,0.6482567848196236,0.29680486685487273,0.47253082583724815,0.5428212094301983,0.402240442244298
63073,Sant'Antimo,NA,Campania,1,32499.5,5.9134,71.0,1.0,96.0,168.0,4,97.0,0.5773809523809523,0.005952380952380952,51.69310297081494,28.410051746879965,5495.907599688842,0.4322236967881766,0.1518497508391386,0.29203672381365764,0.3481115130034652,0.23596193462385
63074,Sant'Antonio Abate,NA,Campania,1,19036.75,7.9318,128.0,0.0,174.0,302.0,4,174.0,0.5761589403973509,0.0,158.64052424914968,38.074585844322854,2400.0542121586527,0.6361777894368605,0.10478495366183709,0.3704813715493488,0.47675993870435346,0.2642028043943441
63076,Saviano,NA,Campania,2,15920.75,13.8775,85.0,5.0,108.0,198.0,4,113.0,0.5707070707070707,0.025252525252525252,124.36600034546112,14.267699513601153,1147.2347324806342,0.5254190968687056,0.2840805570831485,0.40474982697592704,0.4530175349330384,0.3564821190188156
63079,Somma Vesuviana,NA,Campania,2,33660.0,30.6664,179.0,6.0,258.0,443.0,4,264.0,0.5959367945823928,0.013544018058690745,131.61021984551397,14.445777789372082,1097.6182401586102,0.5355439113803515,0.2411612877082791,0.38835259954431534,0.4472291242787298,0.3294760748099008
63080,Sorrento,NA,Campania,2,15377.75,9.9955,220.0,2.0,280.0,502.0,4,282.0,0.5617529880478087,0.00398406374501992,326.4456763830859,50.22260017007653,1538.4673102896304,0.7749001831479778,0.10974201409110317,0.4423210986195405,0.5753527324309153,0.30928946480816555
63082,Terzigno,NA,Campania,2,17283.0,23.4648,62.0,2.0,93.0,157.0,4,95.0,0.6050955414012739,0.012738853503184714,90.84071052479315,6.690873137635948,736.5500664825611,0.4224022299954117,0.25113149019835446,0.33676686009688306,0.3710210080562945,0.3025127121374716
63083,Torre Annunziata,NA,Campania,1,40149.0,7.5892,238.0,2.0,356.0,596.0,4,358.0,0.6006711409395973,0.003355704697986577,148.4470347953872,78.53265166288936,5290.280925525747,0.6789844446282561,0.17293553783359283,0.4259599912309245,0.5271697725898571,0.3247502098719918
63084,Torre del Greco,NA,Campania,1,80366.75,30.6675,520.0,9.0,675.0,1204.0,4,684.0,0.5681063122923588,0.007475083056478406,149.81320011074232,39.2598027227521,2620.58367979131,0.6290690454729244,0.1471118977602025,0.38809047161656346,0.4844819011591078,0.2916990420740191
63086,Vico Equense,NA,Campania,2,20285.25,29.3662,195.0,3.0,263.0,461.0,4,266.0,0.5770065075921909,0.006507592190889371,227.25872247076077,15.698319837091622,690.7686387751905,0.6308441102526401,0.15537360388532864,0.39310885706898435,0.48820295834244665,0.29801475579552206
63087,Villaricca,NA,Campania,1,31413.25,6.873,69.0,3.0,100.0,172.0,4,103.0,0.5988372093023255,0.01744186046511628,54.75396528534933,25.02546195256802,4570.529608613415,0.43228718379862585,0.27528435932815226,0.3537857715633891,0.3851863364574838,0.3223852066692943
63089,Volla,NA,Campania,1,25636.25,6.2162,99.0,0.0,161.0,260.0,4,161.0,0.6192307692307693,0.0,101.4188892681262,41.82619606833757,4124.1031498343045,0.5700237880527602,0.17996880331838205,0.37499629568557113,0.4530072926324467,0.2969852987386955
63090,Santa Maria la Carità,NA,Campania,1,11727.75,3.9788,100.0,2.0,145.0,247.0,4,147.0,0.5951417004048583,0.008097165991902834,210.61158363710004,62.07901879963808,2947.5595656982005,0.7187454606967166,0.19897679114065436,0.4588611259186855,0.562814859829898,0.354907392007473
64005,Ariano Irpino,AV,Campania,2,20981.75,186.7365,155.0,2.0,233.0,390.0,4,235.0,0.6025641025641025,0.005128205128205128,185.87582065366328,2.088504389875573,112.36019739044053,0.4704641344908028,0.189602659802544,0.3300333971466734,0.3862056920843252,0.27386110220902166
64006,Atripalda,AV,Campania,2,10364.5,8.5679,76.0,3.0,103.0,182.0,4,106.0,0.5824175824175825,0.016483516483516484,175.5994018042356,21.242077988772046,1209.6896555748783,0.6102467301241374,0.23948857380439548,0.42486765196426646,0.4990192832282148,0.35071602070031804
64008,Avellino,AV,Campania,1,52211.0,30.5611,468.0,4.0,626.0,1098.0,4,630.0,0.5737704918032787,0.0036429872495446266,210.30051138648943,35.928026150891164,1708.4136369436965,0.6780696664266755,0.1281466466212872,0.40310815652398135,0.513092760485059,0.2931235525629037
64049,Mercogliano,AV,Campania,2,11559.25,19.9159,76.0,2.0,104.0,182.0,4,106.0,0.5824175824175825,0.01098901098901099,157.44966152648314,9.138427085896193,580.4030950145361,0.5330608599740233,0.19845339215189794,0.3657571260629606,0.4326786196273857,0.2988356324985355
64054,Monteforte Irpino,AV,Campania,2,11406.0,26.9575,46.0,2.0,76.0,124.0,4,78.0,0.6290322580645161,0.016129032258064516,108.71471155532176,4.599833070574052,423.11045163683576,0.4277186755411712,0.31821589493782576,0.3729672852394985,0.39486784136016756,0.3510667291188294
64101,Solofra,AV,Campania,2,12053.75,22.2136,52.0,0.0,74.0,126.0,4,74.0,0.5873015873015873,0.0,104.53178471430053,5.6722008139158,542.6292901645838,0.4345505077552857,0.12423495409864435,0.27939273092696504,0.34145584165829324,0.21732962019563676
64121,Montoro,AV,Campania,2,19392.0,40.141,108.0,1.0,173.0,282.0,4,174.0,0.6170212765957447,0.0035460992907801418,145.42079207920793,7.025236042948606,483.09708278318925,0.5024102354306741,0.20291196331264352,0.3526610993716588,0.4125607537952649,0.2927614449480527
65002,Agropoli,SA,Campania,2,21293.25,32.7893,240.0,2.0,322.0,564.0,4,324.0,0.574468085106383,0.0035460992907801418,264.87267091683987,17.200733166002326,649.3962969627288,0.6624645211375283,0.12863341889058566,0.395548970014057,0.5023151904634455,0.28878274956466843
65007,Angri,SA,Campania,1,34076.25,13.7655,165.0,3.0,248.0,416.0,4,251.0,0.6033653846153846,0.007211538461538462,122.07916070577014,30.220478733064546,2475.4821837201703,0.5764086323063481,0.20667747948039164,0.39154305589336985,0.46548928645856114,0.31759682532817857
65013,Baronissi,SA,Campania,2,16842.0,17.9298,168.0,2.0,238.0,408.0,4,240.0,0.5882352941176471,0.004901960784313725,242.25151407196293,22.755412776494996,939.3300538767861,0.667938293685559,0.1628867261962548,0.4154125099409069,0.5164228234387677,0.314402196443046
65014,Battipaglia,SA,Campania,1,49514.25,56.8588,632.0,3.0,968.0,1603.0,4,971.0,0.6057392389270119,0.0018714909544603868,323.74518446709783,28.192645641483814,870.8282622918528,0.7310757323368827,0.17057448379201587,0.4508251080644493,0.5629253577734226,0.33872485835547594
65022,Campagna,SA,Campania,2,16770.25,136.3034,149.0,7.0,254.0,410.0,4,261.0,0.6365853658536585,0.01707317073170732,244.48055336086225,3.0079953985006975,123.03618251635689,0.5350546153403074,0.3384315097407749,0.4367430625405412,0.47606768366044766,0.39741844142063465
65025,Capaccio Paestum,SA,Campania,3,22352.25,113.5471,497.0,19.0,769.0,1285.0,4,788.0,0.6132295719844358,0.014785992217898832,574.8861971389905,11.31688964315249,196.85443309428422,0.7602267759809799,0.28061824336724056,0.5204225096741102,0.6163442161968581,0.4245008031513623
65034,Castel San Giorgio,SA,Campania,1,13700.75,13.585,109.0,6.0,149.0,264.0,4,155.0,0.5871212121212122,0.022727272727272728,192.69018119446014,19.4331983805668,1008.5204269414795,0.619049977592648,0.2940614741740536,0.4565557258833508,0.5215534265670696,0.3915580251996319
65037,Cava de' Tirreni,SA,Campania,2,50424.25,36.5311,321.0,7.0,435.0,763.0,4,442.0,0.5792922673656619,0.009174311926605505,151.31608303544425,20.886313305649157,1380.3102014447963,0.5846740765229123,0.1793961011079541,0.3820350888154332,0.4630906838984248,0.3009794937324415
65050,Eboli,SA,Campania,2,37573.5,137.5826,552.0,25.0,908.0,1485.0,4,933.0,0.6282828282828283,0.016835016835016835,395.2253582977364,10.793516040545823,273.0977609087195,0.6953832609822699,0.3221660531571984,0.5087746570697341,0.5834180986347484,0.4341312155047198
65052,Fisciano,SA,Campania,2,14036.5,31.6875,137.0,2.0,194.0,333.0,4,196.0,0.5885885885885885,0.006006006006006006,237.2386278630713,10.50887573964497,442.9664694280079,0.6097827193560569,0.17181677379930038,0.39079974657767863,0.4783929356890299,0.3032065574663273
65056,Giffoni Valle Piana,SA,Campania,2,11530.75,88.6124,56.0,1.0,79.0,136.0,4,80.0,0.5882352941176471,0.007352941176470588,117.94549357153697,1.5347739142603067,130.125693469537,0.38116092516950295,0.18133003003185766,0.2812454776006803,0.32121165662820933,0.24127929857315122
65067,Mercato San Severino,SA,Campania,2,21583.25,30.3331,216.0,5.0,289.0,510.0,4,294.0,0.5764705882352941,0.00980392156862745,236.29434862682868,16.813316146387937,711.5411876794657,0.6421171505330802,0.17919268126026097,0.4106549158966706,0.5032398097512344,0.3180700220421067
65072,Montecorvino Pugliano,SA,Campania,2,11107.25,28.8816,101.0,1.0,166.0,268.0,4,167.0,0.6231343283582089,0.0037313432835820895,241.28384613653245,9.27926430668661,384.5787629494211,0.6040220821503414,0.21497996755860133,0.4095010248544714,0.4873094477728193,0.3316926019361233
65073,Montecorvino Rovella,SA,Campania,2,12291.0,42.1614,70.0,0.0,129.0,199.0,4,129.0,0.6482412060301508,0.0,161.90708648604672,4.719957117173529,291.52257752351676,0.4944042724596417,0.23060784925327696,0.3625060608564593,0.4152653454977322,0.30974677621518637
65078,Nocera Inferiore,SA,Campania,1,43912.25,20.9446,370.0,5.0,516.0,891.0,4,521.0,0.5847362514029181,0.005611672278338945,202.9046564455249,42.54079810547826,2096.5905293011083,0.6846435123539689,0.16212409506337935,0.4233838037086741,0.527887687166792,0.3188799202505562
65079,Nocera Superiore,SA,Campania,1,23678.0,14.6625,201.0,2.0,299.0,502.0,4,301.0,0.599601593625498,0.00398406374501992,212.01114959033703,34.23699914748508,1614.8678601875533,0.6758573738457971,0.17580848836291382,0.4258329311043555,0.5258427082009322,0.3258231540077788
65088,Pagani,SA,Campania,1,34457.75,11.9764,236.0,4.0,322.0,562.0,4,326.0,0.5800711743772242,0.0071174377224199285,163.09828703267044,46.92562038676063,2877.1375371564077,0.6561313047328413,0.16530900258639283,0.41072015365961706,0.5088846140889067,0.31255569323032734
65090,Pellezzano,SA,Campania,2,10908.5,14.0374,67.0,2.0,93.0,162.0,4,95.0,0.5864197530864198,0.012345679012345678,148.50804418572673,11.54059868636642,777.1025973470871,0.5395552911677434,0.21559220543850785,0.3775737483031256,0.4423663654489727,0.31278113115727846
65099,Pontecagnano Faiano,SA,Campania,2,26236.75,37.189,361.0,11.0,500.0,872.0,4,511.0,0.5860091743119266,0.01261467889908257,332.3582379677361,23.447793702438894,705.4975933743849,0.7219904456971785,0.2168870084191796,0.4694387270581791,0.5704594145137788,0.36841803960257924
65114,Sala Consilina,SA,Campania,2,12212.5,59.6932,150.0,2.0,240.0,392.0,4,242.0,0.6173469387755102,0.00510204081632653,320.9825997952917,6.566912144096816,204.58779224434275,0.6277100497800281,0.21520969618286284,0.4214598729814455,0.5039599437008785,0.3389598022620124
65116,Salerno,SA,Campania,1,127084.0,60.1191,2155.0,19.0,3096.0,5270.0,4,3115.0,0.5910815939278937,0.003605313092979127,414.6863491863649,87.65932956414849,2113.87063345925,0.855616082715335,0.15807976810393332,0.5068479254096341,0.6463551883319144,0.3673406624873538
65122,San Marzano sul Sarno,SA,Campania,2,10247.25,5.1894,51.0,0.0,61.0,112.0,4,61.0,0.5446428571428571,0.0,109.29761643367732,21.582456546036152,1974.6502485836513,0.533895985108018,0.04977218709617444,0.2918340861020962,0.38865884570446485,0.19500932649972746
65132,San Valentino Torio,SA,Campania,2,10887.75,9.1563,49.0,2.0,59.0,110.0,4,61.0,0.5545454545454546,0.01818181818181818,101.03097517852632,12.01358627393161,1189.0993086727171,0.4794454354124854,0.2034752336405874,0.3414603345265364,0.396654374880916,0.28626629417215677
65135,Sarno,SA,Campania,2,30722.0,40.0006,175.0,3.0,249.0,427.0,4,252.0,0.5901639344262295,0.00702576112412178,138.98834711281816,10.674839877401839,768.0384794228087,0.523321082824031,0.18223717023294683,0.3527791265284889,0.42099590904670575,0.2845623440102721
65137,Scafati,SA,Campania,1,48044.0,19.8701,384.0,7.0,526.0,917.0,4,533.0,0.5812431842966194,0.007633587786259542,190.86670551994007,46.149742578044396,2417.904288352852,0.6806382260134972,0.17123394688572982,0.4259360864496135,0.527816942275167,0.32405523062406
65158,Bellizzi,SA,Campania,2,13296.25,8.022,174.0,3.0,254.0,431.0,4,257.0,0.5962877030162413,0.0069605568445475635,324.1515464886716,53.727250062328594,1657.4731987035652,0.7787404546738452,0.19243625719882934,0.4855883559363373,0.6028491954313404,0.3683275164413341
66006,Avezzano,AQ,Abruzzo,2,40905.5,104.0845,402.0,5.0,578.0,985.0,4,583.0,0.5918781725888325,0.005076142131979695,240.79891457139016,9.463464781019267,393.00280060912047,0.6050334883736082,0.17055771307047926,0.3877956007220437,0.47469075578266945,0.30090044566141794
66032,Celano,AQ,Abruzzo,2,10248.25,82.7991,47.0,4.0,71.0,122.0,4,75.0,0.6147540983606558,0.03278688524590164,119.04471495133316,1.4734459674078584,123.77248061875069,0.38082587187091366,0.4164006693597337,0.3986132706153237,0.3914983111175596,0.4057282301130877
66049,L'Aquila,AQ,Abruzzo,1,69752.75,473.9067,697.0,13.0,991.0,1701.0,4,1004.0,0.5902410346854792,0.007642563198118754,243.86135313661467,3.589314099167621,147.18667197572856,0.5448668889011632,0.1870075442897556,0.3659372165954594,0.4375090855177409,0.2943653476731779
66098,Sulmona,AQ,Abruzzo,2,22089.25,57.9277,216.0,2.0,306.0,524.0,4,308.0,0.5877862595419847,0.003816793893129771,237.21946195547608,9.045758764805093,381.3244786173109,0.5995014578837525,0.15392280649534595,0.37671213218954924,0.4658278624672305,0.2875964019118679
67001,Alba Adriatica,TE,Abruzzo,2,12980.5,9.5364,215.0,2.0,308.0,525.0,4,310.0,0.5904761904761905,0.0038095238095238095,404.4528330957976,55.05222096388574,1361.1530556604168,0.8168858498294734,0.1585633716056689,0.48772461071757117,0.619389106362332,0.35606011507281027
67004,Atri,TE,Abruzzo,3,10038.0,92.1814,29.0,2.0,44.0,75.0,2,46.0,0.6133333333333333,0.02666666666666667,74.71607890017931,0.8136131584028883,108.89398512064257,0.2815137493382078,0.36892217592280974,0.32521796263050873,0.3077362773135884,0.34269964794742913
67025,Giulianova,TE,Abruzzo,2,23495.75,28.0793,374.0,6.0,533.0,913.0,4,539.0,0.5903614457831325,0.0065717415115005475,388.58091356947534,32.51505557474724,836.7640931219795,0.7714731548561374,0.17916777731172312,0.4753204660839303,0.5937815415928132,0.3568593905750474
67035,Pineto,TE,Abruzzo,2,14652.75,38.1126,180.0,1.0,273.0,454.0,4,274.0,0.6035242290748899,0.0022026431718061676,309.8394499326065,11.912071073608203,384.45947009650354,0.6622662266874112,0.1692101301697666,0.4157381784285889,0.5143493977321177,0.31712695912505995
67037,Roseto degli Abruzzi,TE,Abruzzo,2,25631.0,53.2598,281.0,5.0,388.0,674.0,4,393.0,0.5830860534124629,0.00741839762611276,262.9628184620186,12.654948009568193,481.2447662214278,0.6395767554022489,0.17283373028165186,0.40620524284195036,0.49955384786606977,0.31285663781783096
67040,Silvi,TE,Abruzzo,2,15426.5,20.5962,188.0,5.0,246.0,439.0,4,251.0,0.571753986332574,0.011389521640091117,284.57524389848635,21.314611433176996,748.9973878676649,0.6896235362165386,0.18283829874079113,0.4362309174786649,0.5375879649738143,0.33487386998351537
67041,Teramo,TE,Abruzzo,2,51682.25,152.8387,513.0,12.0,704.0,1229.0,4,716.0,0.5825874694873882,0.009764035801464606,237.79924442144062,8.041157115311764,338.1489766662501,0.5919448636650898,0.1895709294370309,0.39075789655106036,0.4712326833966721,0.3102831097054486
67044,Tortoreto,TE,Abruzzo,2,11893.75,23.0202,157.0,5.0,219.0,381.0,4,224.0,0.5879265091863517,0.013123359580052493,320.3363110877562,16.55068157531212,516.6657978644843,0.6909130176493912,0.224036080200242,0.4574745489248166,0.5508499364146464,0.3640991614349867
67047,Martinsicuro,TE,Abruzzo,2,16322.75,14.6267,256.0,3.0,369.0,628.0,4,372.0,0.5923566878980892,0.004777070063694267,384.73909114579345,42.93518018418372,1115.9557521518866,0.7902857294668117,0.169139817501638,0.47971277348422486,0.6039419558772595,0.3554835910911901
68011,Cepagatti,PE,Abruzzo,2,10972.5,30.8177,113.0,6.0,162.0,281.0,4,168.0,0.597864768683274,0.021352313167259787,256.0947824105719,9.118136655233844,356.04538950018986,0.6125980256465123,0.3026295434993742,0.45761378457294327,0.5196074810023709,0.3956200881435157
68012,Città Sant'Angelo,PE,Abruzzo,3,14853.75,61.9994,211.0,3.0,306.0,520.0,4,309.0,0.5942307692307692,0.0057692307692307696,350.0799461415467,8.387177940431682,239.57893140901362,0.658232975633993,0.179883332157585,0.419058153895789,0.5147280825910705,0.32338822520050736
68024,Montesilvano,PE,Abruzzo,1,53517.5,23.6647,669.0,11.0,819.0,1499.0,4,830.0,0.5537024683122082,0.00733822548365577,280.09529593123744,63.343291907355685,2261.490743597003,0.7669929897608787,0.12094080150893537,0.44396689563490704,0.5731773332852956,0.31475645798451835
68027,Penne,PE,Abruzzo,2,11174.0,91.1943,84.0,1.0,121.0,206.0,4,122.0,0.5922330097087378,0.0048543689320388345,184.35654197243602,2.2589131118940546,122.52958792380664,0.4731759584506473,0.16950635437877884,0.32134115641471306,0.38207507722908673,0.2606072356003394
68028,Pescara,PE,Abruzzo,1,118648.75,34.4163,1795.0,13.0,2235.0,4043.0,4,2248.0,0.5560227553796686,0.003215434083601286,340.75369525595505,117.4734064963404,3447.458035872537,0.8452639712608212,0.0939412290498976,0.4696026001553594,0.6198671485975441,0.31933805171317464
68041,Spoltore,PE,Abruzzo,2,19001.5,37.0138,199.0,1.0,264.0,464.0,4,265.0,0.5711206896551724,0.0021551724137931034,244.19124805936374,12.535865001702067,513.3625836850039,0.6267696216696605,0.11228964982144095,0.36952963574555076,0.4724256301151946,0.26663364137590684
69005,Atessa,CH,Abruzzo,3,10343.25,110.9762,99.0,1.0,171.0,271.0,4,172.0,0.6346863468634686,0.0036900369003690036,262.00662267662483,2.441965033944215,93.20241637396126,0.5349111357001224,0.23483297153320765,0.384872053616665,0.44488768645004795,0.32485642078328203
69022,Chieti,CH,Abruzzo,2,48553.75,59.567,476.0,9.0,661.0,1146.0,4,670.0,0.5846422338568935,0.007853403141361256,236.02708338696806,19.23884029748015,815.1115550556516,0.6515720145682822,0.17881857173318508,0.4151952931507336,0.509745981717753,0.3206446045837142
69035,Francavilla al Mare,CH,Abruzzo,1,25627.25,23.1305,295.0,7.0,355.0,657.0,4,362.0,0.5509893455098934,0.0106544901065449,256.36773356485776,28.404055251723914,1107.9418949006722,0.6933354360556879,0.14108843125460388,0.4172119336551459,0.5276613346153627,0.3067625326949291
69046,Lanciano,CH,Abruzzo,2,34010.5,66.9603,336.0,9.0,480.0,825.0,4,489.0,0.5927272727272728,0.01090909090909091,242.57214683700624,12.320733330047803,507.92036475344344,0.624468929377077,0.21585090920311345,0.4201599192900952,0.501883523324888,0.3384363152553025
69058,Ortona,CH,Abruzzo,2,22159.5,70.9714,236.0,7.0,346.0,589.0,4,353.0,0.599320882852292,0.011884550084889643,265.8002211241228,8.299117672752686,312.23140589026,0.6123244568450738,0.23466231368925866,0.4234933852671662,0.49902581389832923,0.3479609566360032
69081,San Giovanni Teatino,CH,Abruzzo,2,14411.0,17.7311,119.0,2.0,161.0,282.0,4,163.0,0.5780141843971631,0.0070921985815602835,195.68385261258763,15.904258619036607,812.7527338969381,0.6072573891666924,0.16152869558310512,0.38439304237489874,0.4735387810916161,0.2952473036581813
69083,San Salvo,CH,Abruzzo,2,19734.5,19.6889,176.0,7.0,266.0,449.0,4,273.0,0.6080178173719376,0.015590200445434299,227.52033241277965,22.804727536835475,1002.3160257810238,0.6578095357200521,0.27751843437516543,0.46766398504760875,0.5437222053165861,0.3916057647786314
69099,Vasto,CH,Abruzzo,2,40766.5,71.3679,441.0,11.0,626.0,1078.0,4,637.0,0.5909090909090909,0.01020408163265306,264.43280634834974,15.104830042638216,571.2161910326631,0.6529528501139443,0.2073953418125567,0.4301740959632505,0.519285597623528,0.341062594302973
70006,Campobasso,CB,Molise,1,47466.25,56.1111,378.0,6.0,506.0,890.0,4,512.0,0.5752808988764045,0.006741573033707865,187.50164590630183,15.861389279483026,845.9333358283833,0.600069808715159,0.15412127940875983,0.37709554406195944,0.4662852499232393,0.2879058382006796
70078,Termoli,CB,Molise,2,32111.5,55.9425,374.0,6.0,547.0,927.0,4,553.0,0.5965480043149946,0.006472491909385114,288.6816249630195,16.570585869419492,574.0090271260669,0.6739241920798973,0.18922015159520184,0.4315721718375496,0.5285129799344886,0.3346313637406104
71004,Apricena,FG,Puglia,2,12541.0,172.5021,82.0,5.0,125.0,212.0,4,130.0,0.6132075471698113,0.02358490566037736,169.04553065943705,1.2289705458658184,72.70056422501523,0.43029551170390895,0.34594252998643016,0.3881190208451696,0.4049896171886653,0.3712484245016738
71020,Cerignola,FG,Puglia,1,57061.25,593.9176,638.0,29.0,1176.0,1843.0,4,1205.0,0.6538252848616386,0.015735214324470972,322.98626475935947,3.1031240697362734,96.07603815748178,0.5825117382018519,0.3585584318288421,0.470535085015347,0.515325746289949,0.425744423740745
71024,Foggia,FG,Puglia,1,145917.5,509.2543,1844.0,32.0,3102.0,4978.0,4,3134.0,0.6295701084773001,0.0064282844515869825,341.1516781743108,9.775077009659025,286.5316993886944,0.6644050455518253,0.24652919824171657,0.45546712189677097,0.5390422913587927,0.37189195243474915
71028,Lucera,FG,Puglia,2,30951.25,339.7869,221.0,10.0,353.0,584.0,4,363.0,0.6215753424657534,0.017123287671232876,188.68381729332418,1.7187242945504961,91.09018034538707,0.4632892996768522,0.3126038819329763,0.3879465908049142,0.41808367435368937,0.357809507256139
71029,Manfredonia,FG,Puglia,2,53857.5,354.795,478.0,13.0,743.0,1234.0,4,756.0,0.6126418152350082,0.01053484602917342,229.12314905073575,3.4780647979819332,151.7989261404473,0.5327930841227262,0.247809314723416,0.39030119942307107,0.4472979533029331,0.33330444554320904
71033,Monte Sant'Angelo,FG,Puglia,2,11276.75,245.1492,48.0,2.0,88.0,138.0,4,90.0,0.6521739130434783,0.014492753623188406,122.3756844835613,0.5629224978094972,45.99953824038585,0.35066525809845883,0.34640930471723275,0.3485372814078458,0.34938847208409096,0.34768609073160056
71036,Orta Nova,FG,Puglia,2,16724.75,105.2375,108.0,9.0,203.0,320.0,4,212.0,0.6625,0.028125,191.33320378480997,3.0407411806627866,158.92386269153107,0.4954981387209561,0.4654914356803962,0.4804947872006762,0.48649612780878815,0.4744934465925641
71046,San Giovanni Rotondo,FG,Puglia,2,26301.5,261.9689,98.0,3.0,163.0,264.0,4,166.0,0.6287878787878788,0.011363636363636364,100.37450335532193,1.0077532104001659,100.39932220962106,0.337241467201412,0.2821997975765572,0.3097206323889846,0.32072896631395553,0.29871229846401365
71047,San Marco in Lamis,FG,Puglia,2,12558.0,234.1972,15.0,1.0,28.0,44.0,4,29.0,0.6590909090909091,0.022727272727272728,35.03742634177417,0.187875858464576,53.621477968139665,0.1273217945515719,0.41968787600908714,0.27350483528032954,0.21503161898882645,0.3319780515718325
71049,San Nicandro Garganico,FG,Puglia,2,13722.75,173.3573,51.0,13.0,78.0,142.0,4,91.0,0.6408450704225352,0.09154929577464789,103.47780146107742,0.8191175104826851,79.15876631673427,0.33475498992272845,0.8809000522886137,0.6078275211056711,0.498598508632494,0.717056533578848
71051,San Severo,FG,Puglia,2,49436.75,336.3048,631.0,40.0,1029.0,1700.0,4,1069.0,0.6288235294117647,0.023529411764705882,343.87373765468,5.054938258389414,146.99983467378402,0.622184107784975,0.37279046893144996,0.4974872883582125,0.5473660161289174,0.4476085605875074
71056,Torremaggiore,FG,Puglia,2,16485.0,210.0083,81.0,1.0,130.0,212.0,4,131.0,0.6179245283018868,0.0047169811320754715,128.6017591750076,1.0094839108739988,78.49689750357486,0.37775019658454145,0.21331687149932985,0.29553353404193566,0.32842019905897796,0.2626468690248933
71060,Vieste,FG,Puglia,2,13351.75,169.2698,91.0,1.0,121.0,213.0,4,122.0,0.5727699530516432,0.004694835680751174,159.52964967139138,1.2583461432576868,78.87851229221042,0.4218028766270976,0.13433061530180435,0.27806674596445097,0.33556119822950964,0.2205722936993923
72001,Acquaviva delle Fonti,BA,Puglia,2,19902.75,132.0244,161.0,5.0,234.0,400.0,4,239.0,0.5975,0.0125,200.97725188730203,3.029742986902421,150.75054308143038,0.503347592471797,0.23608730753579943,0.3697174500037982,0.42316950699099765,0.3162653930165987
72002,Adelfia,BA,Puglia,2,16495.25,29.814,118.0,4.0,189.0,311.0,4,193.0,0.6205787781350482,0.012861736334405145,188.5391248995923,10.4313409807473,553.2719527738647,0.5716221391589937,0.27907677333884834,0.42534945624892107,0.4838585294129501,0.366840383084892
72003,Alberobello,BA,Puglia,2,10219.5,40.823,42.0,1.0,81.0,124.0,4,82.0,0.6612903225806451,0.008064516129032258,121.33666030627722,3.0375033681992996,250.33681992994144,0.42094450778931525,0.3141970306405031,0.36757076921490917,0.38892026464467155,0.3462212737851467
72004,Altamura,BA,Puglia,1,70037.25,431.3698,592.0,7.0,995.0,1594.0,4,1002.0,0.6286072772898369,0.00439146800501882,227.59317363260266,3.695205366717837,162.36011422218246,0.5352706365478532,0.22951082089390965,0.3823907287208814,0.44354269185167017,0.3212387655900927
72006,Bari,BA,Puglia,1,316185.25,117.5569,6292.0,46.0,9006.0,15344.0,4,9052.0,0.5899374348279458,0.002997914494264859,485.285129524543,130.52402708815902,2689.6358274163404,0.9112260130501838,0.1514991206160023,0.531362566833093,0.6833079453199292,0.3794171883462567
72010,Bitetto,BA,Puglia,2,11760.5,33.9452,66.0,1.0,96.0,163.0,4,97.0,0.5950920245398773,0.006134969325153374,138.59954933888864,4.8018571108728185,346.4554635117778,0.4700566908955908,0.18413930548586133,0.32709799819072605,0.3842814752726719,0.26991452110878017
72011,Bitonto,BA,Puglia,1,53184.75,174.3367,499.0,12.0,847.0,1358.0,4,859.0,0.6325478645066274,0.008836524300441826,255.33635111568634,7.789524523522585,305.06915640826054,0.6014810410963932,0.2698216285916618,0.4356513348440275,0.5019832173449738,0.3693194523430812
72012,Bitritto,BA,Puglia,2,11344.25,17.9815,106.0,1.0,162.0,269.0,4,163.0,0.6059479553903345,0.0037174721189591076,237.12453445578154,14.959819814809665,630.884520201318,0.6343948580104042,0.1848757379854713,0.40963529799793774,0.4995391220029243,0.31973147399295115
72014,Capurso,BA,Puglia,2,15190.25,15.1051,170.0,1.0,261.0,432.0,4,262.0,0.6064814814814815,0.0023148148148148147,284.3929494247955,28.599612051558744,1005.6371689032181,0.7108536830391048,0.17521948419378158,0.44303658361644316,0.5501634233855078,0.33590974384737854
72015,Casamassima,BA,Puglia,2,19285.75,78.4318,249.0,3.0,429.0,681.0,4,432.0,0.6343612334801763,0.004405286343612335,353.11045720285705,8.682702679270399,245.8919723887505,0.6619888481345034,0.23965877504604627,0.45082381159027485,0.5352898262079663,0.3663577969725834
72016,Cassano delle Murge,BA,Puglia,2,15062.75,90.1971,108.0,7.0,174.0,289.0,4,181.0,0.6262975778546713,0.02422145328719723,191.86403545169375,3.204094144933706,166.99816291211135,0.49894474760540286,0.37349855575731217,0.4362216516813575,0.4613108900509756,0.41113241331173933
72017,Castellana Grotte,BA,Puglia,2,19574.5,69.1287,217.0,2.0,317.0,536.0,4,319.0,0.5951492537313433,0.0037313432835820895,273.8256405016731,7.753653692315927,283.1602503735786,0.6126390011952106,0.16613073825118457,0.38938486972319764,0.47868652231200276,0.30008321713439234
72019,Conversano,BA,Puglia,2,25826.25,128.4208,305.0,6.0,476.0,787.0,4,482.0,0.6124523506988564,0.007623888182973317,304.7287159382411,6.128290744178512,201.1064407011948,0.6146722113532725,0.2256380965795397,0.4201551539664061,0.4979619769211526,0.3423483310116595
72020,Corato,BA,Puglia,2,47029.75,169.278,361.0,6.0,574.0,941.0,4,580.0,0.6163655685441021,0.006376195536663124,200.086115703358,5.558903106133107,277.82552960219283,0.5394058988530174,0.2230882141088836,0.3812470564809505,0.4445105934297772,0.31798351953212367
72021,Gioia del Colle,BA,Puglia,2,26578.25,208.9351,176.0,11.0,248.0,435.0,4,259.0,0.5954022988505747,0.02528735632183908,163.6676605871342,2.081986224430457,127.20816176889379,0.44947478179291867,0.3274444141984179,0.3884595979956683,0.4128656715145684,0.3640535244767681
72022,Giovinazzo,BA,Puglia,2,19325.5,44.2848,232.0,2.0,398.0,632.0,4,400.0,0.6329113924050633,0.0031645569620253164,327.0290548756824,14.271262374449021,436.391267432618,0.6838009046406488,0.22776990156712548,0.45578540310388715,0.5469916037185918,0.36457920248918246
72023,Gravina in Puglia,BA,Puglia,2,42519.25,384.7183,230.0,6.0,387.0,623.0,4,393.0,0.6308186195826645,0.009630818619582664,146.52186950616485,1.619366689861127,110.52047693078286,0.4190894736562959,0.27276171373214975,0.3459255936942228,0.37519114567905204,0.31666004170939355
72024,Grumo Appula,BA,Puglia,2,12150.5,81.3013,52.0,3.0,82.0,137.0,4,85.0,0.6204379562043796,0.021897810218978103,112.75256162297848,1.6850899063114613,149.4502547929738,0.3781618711281456,0.34607459947809877,0.36211823530312215,0.3685356896331315,0.35570078097311275
72025,Locorotondo,BA,Puglia,2,13917.5,48.1788,123.0,4.0,194.0,321.0,4,198.0,0.616822429906542,0.012461059190031152,230.64487156457696,6.662681511370145,288.87186895481,0.5744442398369803,0.2695243081378866,0.42198427398743343,0.4829682603272522,0.3610002876476147
72027,Modugno,BA,Puglia,2,36268.25,32.2363,427.0,11.0,632.0,1070.0,4,643.0,0.6009345794392523,0.010280373831775701,295.02388452710017,33.192394908844996,1125.074837993194,0.7277680401412308,0.22546704129346884,0.4766175407173498,0.5770777404869022,0.3761573409477974
72028,Mola di Bari,BA,Puglia,2,24411.0,50.9421,177.0,4.0,278.0,459.0,4,282.0,0.6143790849673203,0.008714596949891068,188.02998648150424,9.010229260277844,479.1910816397439,0.5611541854109106,0.23719211359446363,0.3991731495026871,0.4639655638659764,0.3343807351393977
72029,Molfetta,BA,Puglia,1,57409.25,59.1111,544.0,3.0,793.0,1340.0,4,796.0,0.5940298507462687,0.002238805970149254,233.4118630708466,22.66917719345436,971.2092990994923,0.6615691870262036,0.1529104389039549,0.4072398129650793,0.5089715625895289,0.3055080633406295
72030,Monopoli,BA,Puglia,2,47924.0,157.8626,580.0,6.0,856.0,1442.0,4,862.0,0.5977808599167822,0.004160887656033287,300.89308071112595,9.13452584716076,303.58045540869085,0.6391665232841599,0.17396361343509922,0.4065650683596296,0.49960565032944165,0.31352448638981745
72031,Noci,BA,Puglia,2,18288.75,150.5967,118.0,3.0,159.0,280.0,4,162.0,0.5785714285714286,0.010714285714285714,153.09958307702823,1.8592704886627662,121.44190410546845,0.4328895553733414,0.18968214542548936,0.31128585039941536,0.3599273323889858,0.26264436840984495
72032,Noicattaro,BA,Puglia,2,25941.25,40.7926,247.0,4.0,395.0,646.0,4,399.0,0.6176470588235294,0.006191950464396285,249.02423745964438,15.83620558630732,635.93029127832,0.6464605021660993,0.2239389107035858,0.4351997064348425,0.5197040247273452,0.3506953881423398
72033,Palo del Colle,BA,Puglia,2,20553.5,79.7123,130.0,2.0,210.0,342.0,4,212.0,0.6198830409356725,0.005847953216374269,166.3950178801664,4.2904294569345005,257.84602878100367,0.49298360217876924,0.22525311065802434,0.3591183564183968,0.41266445472254576,0.3055722581142478
72035,Polignano a Mare,BA,Puglia,2,17511.5,63.0967,190.0,5.0,320.0,515.0,4,325.0,0.6310679611650486,0.009708737864077669,294.09245353053706,8.162075037204799,277.5343242990521,0.6277973759666451,0.2737812255322949,0.45078930074947,0.52159253083634,0.37998607066259993
72036,Putignano,BA,Puglia,2,25907.0,100.154,229.0,4.0,299.0,532.0,4,303.0,0.5695488721804511,0.007518796992481203,205.34990543096458,5.3118197975118315,258.6716456656749,0.5407604414134835,0.14995844640977957,0.34535944391163154,0.42351984291237227,0.2671990449108907
72037,Rutigliano,BA,Puglia,2,18252.5,53.8522,151.0,5.0,246.0,402.0,4,251.0,0.6243781094527363,0.012437810945273632,220.24380221887415,7.464876086770828,338.9369422233446,0.5743993281675533,0.28253924527204133,0.42846928671979734,0.48684130329889974,0.37009727014069493
72038,Ruvo di Puglia,BA,Puglia,2,24379.5,223.8251,146.0,1.0,226.0,373.0,4,227.0,0.6085790884718498,0.002680965147453083,152.99739535265286,1.6664797647806255,108.92210033637872,0.42750863639241665,0.18164616019332586,0.3045773982928712,0.3537498935326894,0.2554049030530531
72041,Santeramo in Colle,BA,Puglia,2,25748.25,144.8516,165.0,4.0,257.0,426.0,4,261.0,0.6126760563380281,0.009389671361502348,165.44813725204625,2.940940935412519,177.75606206628026,0.4698111465482736,0.23928451897257533,0.35454783276042445,0.4006531582755641,0.30844250724528477
72043,Terlizzi,BA,Puglia,2,26087.0,69.2295,111.0,5.0,155.0,271.0,4,160.0,0.5904059040590406,0.01845018450184502,103.88316019473301,3.9145162105749716,376.8191305729494,0.41044537084336363,0.26806653950811243,0.33925595517573803,0.36773172144278826,0.31078018890868775
72046,Triggiano,BA,Puglia,2,25910.0,20.1384,172.0,2.0,243.0,417.0,4,245.0,0.5875299760191847,0.004796163069544364,160.94172134311077,20.706709569777143,1286.5967504866323,0.5941409013282037,0.1608584348830188,0.37749966810561125,0.4641561613946482,0.29084317481657423
72047,Turi,BA,Puglia,2,12969.75,71.3995,169.0,8.0,260.0,437.0,4,268.0,0.6132723112128147,0.018306636155606407,336.937874669905,6.12049103985322,181.65043172571237,0.6310808117572263,0.30691371296406766,0.468997262360647,0.5338306821192786,0.4041638426020152
72048,Valenzano,BA,Puglia,2,17309.5,15.9787,106.0,3.0,158.0,267.0,4,161.0,0.602996254681648,0.011235955056179775,154.25055605303447,16.709744847828674,1083.2858743201887,0.5718252241397428,0.2362234660749517,0.40402434510734725,0.4711446967203054,0.33690399349438904
73003,Castellaneta,TA,Puglia,2,16140.75,242.389,155.0,6.0,256.0,417.0,4,262.0,0.6282973621103117,0.014388489208633094,258.35230704892894,1.7203750995300942,66.59027431112797,0.5148401823752249,0.30395354556183096,0.4093968639685279,0.4515741913312067,0.3672195366058491
73004,Crispiano,TA,Puglia,2,13086.25,112.3006,64.0,1.0,99.0,164.0,4,100.0,0.6097560975609756,0.006097560975609756,125.322380361066,1.4603661957282508,116.5287629807855,0.3888177960221004,0.2094546205880352,0.2991362083050678,0.33500884339188086,0.2632635732182548
73007,Ginosa,TA,Puglia,2,21808.5,188.5984,154.0,6.0,274.0,434.0,4,280.0,0.6451612903225806,0.013824884792626729,199.0049751243781,2.3011860121825,115.63459711217062,0.4866721433169425,0.32918262727435577,0.4079273852956491,0.4394252885041664,0.3764294820871318
73008,Grottaglie,TA,Puglia,2,30537.75,102.1223,274.0,3.0,441.0,718.0,4,444.0,0.6183844011142061,0.004178272980501393,235.11882833542091,7.030785636437879,299.0311616561711,0.5811371383829143,0.21005911538797137,0.3955981268854428,0.4698137314844314,0.3213825222864542
73009,Laterza,TA,Puglia,2,14791.0,161.1732,127.0,14.0,222.0,363.0,4,236.0,0.650137741046832,0.03856749311294766,245.4195118653235,2.2522354833185667,91.77084031340198,0.5199038137082838,0.5204217525194754,0.5201627831138795,0.5200591953516412,0.5202663708761179
73012,Manduria,TA,Puglia,2,29883.25,180.4419,339.0,10.0,617.0,966.0,4,627.0,0.6490683229813664,0.010351966873706004,323.2580124317134,5.353523765821574,165.61147937369313,0.6156707948311817,0.3100231892619748,0.46284699204657825,0.5239765131604196,0.4017174709327369
73013,Martina Franca,TA,Puglia,2,46992.75,298.7193,341.0,2.0,464.0,807.0,4,466.0,0.5774473358116481,0.0024783147459727386,171.72861771230666,2.7015328437097974,157.31407378097097,0.4711762805163565,0.12577394731846894,0.2984751139174127,0.3675555805569902,0.2293946472778352
73015,Massafra,TA,Puglia,2,31985.75,127.9938,228.0,6.0,368.0,602.0,4,374.0,0.6212624584717608,0.009966777408637873,188.20881173647638,4.703352818652154,249.900776443859,0.5188270357991998,0.25859984993682145,0.3887134428680106,0.44075888004048625,0.3366680056955349
73019,Mottola,TA,Puglia,2,15272.25,213.9608,89.0,22.0,200.0,311.0,4,222.0,0.7138263665594855,0.0707395498392283,203.63731604707883,1.4535372834650084,71.37872918777646,0.46803195995488966,0.8625625229413987,0.6652972414481442,0.5863911288508423,0.7442033540454459
73021,Palagiano,TA,Puglia,2,15749.75,69.9867,148.0,3.0,239.0,390.0,4,242.0,0.6205128205128205,0.007692307692307693,247.6229781425102,5.572487344023936,225.03918601677177,0.5745000808816692,0.24022208121917515,0.4073610810504221,0.47421668098292097,0.34050548111792334
73022,Pulsano,TA,Puglia,2,11190.0,18.3995,70.0,3.0,105.0,178.0,4,108.0,0.6067415730337079,0.016853932584269662,159.0705987488829,9.674175928693714,608.1687002364195,0.538625351891627,0.28470564393173525,0.4116654979116811,0.4624494395036594,0.36088155631970276
73024,San Giorgio Ionico,TA,Puglia,2,14155.25,23.5597,81.0,2.0,115.0,198.0,4,117.0,0.5909090909090909,0.010101010101010102,139.87743063527665,8.404181717084683,600.8247133876918,0.5080303134870702,0.20662283301331086,0.3573265732501905,0.4176080693449423,0.2970450771554386
73026,Sava,TA,Puglia,2,15307.5,44.5686,231.0,4.0,425.0,660.0,4,429.0,0.65,0.006060606060606061,431.16119549240574,14.808632086267012,343.45929645535193,0.7318040283696593,0.2794241011339767,0.505614064751818,0.5960900501989544,0.4151380793046815
73027,Taranto,TA,Puglia,1,187701.75,249.8536,2820.0,44.0,4189.0,7053.0,4,4233.0,0.6001701403658017,0.006238480079398838,375.75568688091613,28.228530627535484,751.2469302023264,0.7556272117800154,0.19378224769629088,0.47470472973815314,0.587073722554898,0.3623357369214082
73029,Statte,TA,Puglia,2,12880.75,67.3201,84.0,4.0,135.0,223.0,4,139.0,0.6233183856502242,0.017937219730941704,173.1265648351222,3.312532215489876,191.33587145592477,0.48404091242634045,0.3217025363441535,0.402871724385247,0.4353393996016844,0.3704040491688096
74001,Brindisi,BR,Puglia,1,82555.25,333.3038,1309.0,24.0,1872.0,3205.0,4,1896.0,0.5915756630265211,0.00748829953198128,388.22485547557545,9.615851964484053,247.6876951297885,0.6845037520483547,0.18817804272216512,0.4363408973852599,0.5356060392504978,0.337075755520022
74002,Carovigno,BR,Puglia,2,16968.0,106.6405,226.0,7.0,355.0,588.0,4,362.0,0.6156462585034014,0.011904761904761904,346.53465346534654,5.513852616970101,159.11403266113717,0.6289666568895443,0.2633102288613661,0.44613844287545523,0.5192697284810909,0.3730071572698196
74003,Ceglie Messapica,BR,Puglia,2,18679.75,132.0198,182.0,3.0,255.0,440.0,4,258.0,0.5863636363636363,0.006818181818181818,235.5491909688299,3.332833408322085,141.49203377069196,0.5348378392247524,0.1740428023460547,0.35444032078540355,0.42659932816114304,0.282281313409664
74005,Cisternino,BR,Puglia,3,11131.25,54.1686,63.0,1.0,85.0,149.0,4,86.0,0.5771812080536913,0.006711409395973154,133.85738349241998,2.750671052971648,205.49266549255475,0.43142243840744393,0.15721151388129412,0.294316976144369,0.34915916104959893,0.23947479123913903
74007,Fasano,BR,Puglia,2,38836.25,131.801,420.0,14.0,638.0,1072.0,4,652.0,0.6082089552238806,0.013059701492537313,276.03077022112075,8.133473949363056,294.658234763014,0.6171623989353053,0.2589642929194333,0.4380633459273693,0.5097029671305437,0.36642372472419493
74008,Francavilla Fontana,BR,Puglia,2,34890.25,177.9372,402.0,8.0,673.0,1083.0,4,681.0,0.628808864265928,0.007386888273314866,310.4019031104678,6.086417005550273,196.0818198780244,0.6172544473215452,0.2524081869816618,0.4348313171516035,0.5078005692195802,0.36186206508362684
74009,Latiano,BR,Puglia,2,13517.25,55.3819,95.0,3.0,130.0,228.0,4,133.0,0.5833333333333334,0.013157894736842105,168.67336181545804,4.116868507580997,244.07342471096152,0.49269034085885366,0.2162765548836593,0.35448344787125646,0.4097662050662953,0.2992006906762176
74010,Mesagne,BR,Puglia,2,26072.75,124.0503,255.0,7.0,348.0,610.0,4,355.0,0.5819672131147541,0.011475409836065573,233.960744455418,4.917360135364445,210.17885486774318,0.5572650820638057,0.20130886094725145,0.37928697150552854,0.4504782157288394,0.3080957272822177
74011,Oria,BR,Puglia,2,14482.75,83.6671,114.0,3.0,170.0,287.0,4,173.0,0.6027874564459931,0.010452961672473868,198.1667846230861,3.4302611181695073,173.0997010772454,0.5081963023706836,0.22999457405041251,0.369095438210548,0.4247357838746022,0.31345509254649384
74012,Ostuni,BR,Puglia,2,30089.5,225.5602,334.0,12.0,469.0,815.0,4,481.0,0.5901840490797546,0.014723926380368098,270.8586051612689,3.613226092191796,133.39897730184668,0.562479334859676,0.2399281615675571,0.4012037482136166,0.46571398287204036,0.3366935135551928
74016,San Pietro Vernotico,BR,Puglia,2,13010.0,46.974,94.0,5.0,140.0,239.0,4,145.0,0.606694560669456,0.02092050209205021,183.70484242890086,5.087920977562056,276.96172350662073,0.5197881635446122,0.31484078943037064,0.4173144764874914,0.45830395131033974,0.3763250016646431
74017,San Vito dei Normanni,BR,Puglia,2,18035.75,67.0762,95.0,4.0,144.0,243.0,4,148.0,0.6090534979423868,0.01646090534979424,134.73240647048223,3.6227454745498404,268.8844925621905,0.4482745898553192,0.28581436999759063,0.36704447992645495,0.39953652389800065,0.3345524359549092
74019,Torre Santa Susanna,BR,Puglia,2,10117.25,55.7649,104.0,1.0,150.0,255.0,4,151.0,0.592156862745098,0.00392156862745098,252.04477501297288,4.572768892260186,181.4268473538014,0.5649420710162857,0.16234208377891723,0.36364207739760146,0.44416207484507514,0.2831220799501277
75014,Carmiano,LE,Puglia,2,11674.0,24.2401,81.0,2.0,128.0,211.0,4,130.0,0.6161137440758294,0.009478672985781991,180.7435326366284,8.704584552043926,481.5986732728,0.5523404762535985,0.2459526915879852,0.39914658392079183,0.4604241408539145,0.3378690269876692
75016,Casarano,LE,Puglia,2,19215.25,38.7273,150.0,5.0,226.0,381.0,4,231.0,0.6062992125984252,0.013123359580052493,198.2800119696595,9.838021240830113,496.1680778159076,0.5758483151848849,0.2561064753640965,0.4159773952744907,0.47992576323864833,0.352029027310333
75020,Cavallino,LE,Puglia,2,12943.5,22.6543,93.0,1.0,129.0,223.0,4,130.0,0.5829596412556054,0.004484304932735426,172.28724842585083,9.843605849662096,571.3484857179432,0.5528766754660523,0.1505305421803819,0.3517036088232171,0.4321728354803512,0.27123438216608303
75022,Copertino,LE,Puglia,2,23008.5,58.5316,138.0,3.0,218.0,359.0,4,221.0,0.6155988857938719,0.008356545961002786,156.0292935219593,6.133439031224159,393.09535362095005,0.5050308089340017,0.2366334799363444,0.37083214443517304,0.42451161023470446,0.31715267863564156
75029,Galatina,LE,Puglia,2,25597.5,82.6465,245.0,6.0,389.0,640.0,4,395.0,0.6171875,0.009375,250.02441644691865,7.743824602372756,309.72273478005724,0.5976397099584625,0.24704940647683207,0.42234455821764727,0.49246261891397336,0.3522264975213212
75030,Galatone,LE,Puglia,2,14953.0,47.0701,167.0,4.0,297.0,468.0,4,301.0,0.6431623931623932,0.008547008547008548,312.9806727746941,9.942617500281496,317.67512709766925,0.6514236662363657,0.2861767460791693,0.4688002061577675,0.5418495901892068,0.3957508221263282
75031,Gallipoli,LE,Puglia,2,19250.25,41.2324,252.0,6.0,339.0,597.0,4,345.0,0.5778894472361809,0.010050251256281407,310.12584252152567,14.478904938834509,466.8719259611374,0.6761104136512407,0.1835159883239452,0.42981320098759296,0.528332086053052,0.3312943159221339
75035,Lecce,LE,Puglia,1,94454.0,239.5758,1803.0,23.0,2351.0,4177.0,4,2374.0,0.5683504907828585,0.005506344266219775,442.22584538505515,17.434982999117608,394.2551793628572,0.7475729748467356,0.132728972494843,0.44015097367078926,0.5631197741411678,0.31718217320041076
75037,Leverano,LE,Puglia,2,13548.0,49.5031,85.0,4.0,128.0,217.0,4,132.0,0.6082949308755761,0.018433179723502304,160.1712429878949,4.3835638576169975,273.67983015205107,0.48806332619937104,0.2991662435562592,0.3936147848778151,0.43139420140643747,0.3558353683491927
75038,Lizzanello,LE,Puglia,2,11803.75,25.4163,40.0,2.0,56.0,98.0,4,58.0,0.5918367346938775,0.02040816326530612,83.02446256486287,3.85579332947754,464.41653584510726,0.3730298352602178,0.28510540268538875,0.3290676189728033,0.34665250548776905,0.3114827324578375
75039,Maglie,LE,Puglia,2,13433.75,22.663,116.0,2.0,167.0,285.0,4,169.0,0.5929824561403508,0.007017543859649123,212.15222852889178,12.575563694126991,592.7613290385209,0.6039355217660939,0.18709525006283145,0.39551538591446267,0.47888344025511514,0.31214733157381014
75042,Matino,LE,Puglia,2,10906.75,26.6287,64.0,3.0,94.0,161.0,4,97.0,0.6024844720496895,0.018633540372670808,147.6150090540262,6.046108146473542,409.5862734568342,0.495033160572494,0.29051314440204024,0.39277315248726713,0.43367715572135784,0.35186914925317636
75043,Melendugno,LE,Puglia,2,10052.0,92.3337,62.0,3.0,106.0,171.0,2,109.0,0.6374269005847953,0.017543859649122806,170.11539992041386,1.8519782051407017,108.86599367294932,0.4499412640396281,0.3434033893274504,0.39667232668353924,0.41797990162597476,0.3753647517411037
75048,Monteroni di Lecce,LE,Puglia,2,13300.0,16.7102,81.0,2.0,110.0,193.0,4,112.0,0.5803108808290155,0.010362694300518135,145.11278195488723,11.549831839235916,795.9210542064128,0.5358287945726856,0.19008430979685487,0.36295655218477024,0.43210544913993637,0.29380765522960406
75052,Nardò,LE,Puglia,2,30769.5,193.274,492.0,9.0,799.0,1300.0,4,808.0,0.6215384615384615,0.006923076923076923,422.4963031573474,6.726202179289506,159.20144458126805,0.6744032007301349,0.23623080930288654,0.45531700501651073,0.5429514833019604,0.36768252673106105
75063,Racale,LE,Puglia,2,10726.25,24.2907,90.0,3.0,134.0,227.0,4,137.0,0.6035242290748899,0.013215859030837005,211.6303461135066,9.345140321192885,441.57846418588184,0.5830095908671028,0.25195382240577163,0.41748170663643724,0.4836928603287034,0.351270552944171
75079,Squinzano,LE,Puglia,2,13388.5,31.1621,93.0,0.0,124.0,217.0,4,124.0,0.5714285714285714,0.0,162.0793964969937,6.963587178014319,429.64049277808624,0.5195685701352872,0.09652787800470201,0.3080482240699946,0.39265636249611163,0.22344008564387757
75083,Surbo,LE,Puglia,2,14621.0,20.6574,122.0,2.0,182.0,306.0,4,184.0,0.6013071895424836,0.006535947712418301,209.28801039600575,14.813093612942579,707.7851036432465,0.6132296756530995,0.19800484491183956,0.4056172602824695,0.4886622264307215,0.3225722941342175
75084,Taurisano,LE,Puglia,2,11268.0,23.6797,65.0,2.0,93.0,160.0,4,95.0,0.59375,0.0125,141.99503017394392,6.756842358644747,475.85062310755626,0.4959435613509185,0.22954151080860552,0.36274253607976203,0.4160229461882246,0.3094621259712994
75085,Taviano,LE,Puglia,2,11472.25,22.1319,113.0,5.0,183.0,301.0,4,188.0,0.6245847176079734,0.016611295681063124,262.3722460720434,13.600278331277476,518.3581165647774,0.6442630464472929,0.31404490447653977,0.47915397546191635,0.545197603856067,0.41311034706776567
75087,Trepuzzi,LE,Puglia,2,13880.75,23.7435,83.0,0.0,114.0,197.0,4,114.0,0.5786802030456852,0.0,141.92316697584786,8.29700760208057,584.6126308252785,0.5095383883920293,0.10918593307300048,0.3093621607325149,0.3894326517963206,0.2292916696687091
75088,Tricase,LE,Puglia,2,17048.5,43.3294,137.0,6.0,175.0,318.0,4,181.0,0.5691823899371069,0.018867924528301886,186.5266739009297,7.339127705437878,393.4626373778543,0.546046327736163,0.234124689985638,0.39008550886090054,0.4524698364110055,0.3277011813107955
75090,Ugento,LE,Puglia,2,11985.75,100.4105,171.0,2.0,254.0,427.0,4,256.0,0.5995316159250585,0.00468384074941452,356.2563877938385,4.252543309713626,119.36749642716649,0.6172561829846657,0.180961469575639,0.3991088262801523,0.48636776896195766,0.311849883598347
75092,Veglie,LE,Puglia,2,13291.75,62.3081,99.0,1.0,166.0,266.0,4,167.0,0.6278195488721805,0.0037593984962406013,200.12413715274513,4.269107868800364,213.3229868989746,0.5229014569183572,0.22336984719537575,0.3731356520568665,0.4330419740014627,0.31322933011227017
76007,Avigliano,PZ,Basilicata,3,10590.75,85.4804,28.0,2.0,34.0,64.0,4,36.0,0.5625,0.03125,60.43009229752378,0.7487096457199545,123.8968231313845,0.24433635773854157,0.3139140286453581,0.27912519319194984,0.2652096590105865,0.2930407273733131
76042,Lauria,PZ,Basilicata,3,11846.75,176.627,83.0,5.0,143.0,231.0,4,148.0,0.6406926406926406,0.021645021645021644,194.99018718213856,1.30784081708912,67.07213506428802,0.45630048074254137,0.3795570029602139,0.4179287418513776,0.43327743740784314,0.4025800462949121
76043,Lavello,PZ,Basilicata,2,12961.0,134.6568,51.0,4.0,94.0,149.0,4,98.0,0.6577181208053692,0.026845637583892617,114.96026541161947,1.1065167150860558,96.25210163912999,0.3630000755658138,0.44771752948995064,0.40535880252788226,0.3884153117430549,0.4223022933127096
76048,Melfi,PZ,Basilicata,2,17055.25,206.1825,153.0,9.0,240.0,402.0,4,249.0,0.6194029850746269,0.022388059701492536,235.70454845282245,1.949729002218908,82.7191929479951,0.5059086772747974,0.3478992686626252,0.4269039729687113,0.4585058546911457,0.39530209124627685
76063,Potenza,PZ,Basilicata,1,64313.5,175.4318,687.0,13.0,943.0,1643.0,4,956.0,0.5818624467437614,0.007912355447352405,255.4673591081188,9.36546281802957,366.60115212863343,0.6140194815085924,0.17440916149777286,0.39421432150318264,0.48213638550534654,0.30629225750101874
76066,Rionero in Vulture,PZ,Basilicata,2,12496.5,53.5194,96.0,4.0,143.0,243.0,4,147.0,0.6049382716049383,0.01646090534979424,194.4544472452287,4.540409645848047,233.49477012074126,0.5219850532595844,0.2786310539732353,0.40030805361640986,0.44897885347367966,0.35163725375914
76095,Venosa,PZ,Basilicata,2,10858.75,170.3885,60.0,2.0,102.0,164.0,4,104.0,0.6341463414634146,0.012195121951219513,151.0302751237481,0.9625062724303577,63.729359669226504,0.4022429771527324,0.2977751047088411,0.3500090409307868,0.370902615419565,0.32911546644200845
77003,Bernalda,MT,Basilicata,2,11943.25,126.2369,66.0,2.0,113.0,181.0,4,115.0,0.6353591160220995,0.011049723756906077,151.5500387248027,1.4338121420915755,94.60981693942104,0.41905910073247266,0.29131990825589066,0.35518950449418163,0.380737342989498,0.32964166599886524
77014,Matera,MT,Basilicata,1,59693.25,392.0808,784.0,17.0,1064.0,1865.0,4,1081.0,0.5796246648793566,0.009115281501340482,312.43063495453845,4.756672604218314,152.2473173896809,0.6026294474190238,0.17953344840048058,0.3910814479097522,0.47570064771346077,0.3064622481060435
77020,Pisticci,MT,Basilicata,2,16760.0,233.9225,155.0,13.0,269.0,437.0,4,282.0,0.6453089244851259,0.029748283752860413,260.7398568019093,1.8681400891320843,71.64766108433348,0.5203433627292494,0.44742783985703444,0.48388560129314195,0.49846870586758485,0.4693024967186989
77021,Policoro,MT,Basilicata,2,17744.5,67.6487,192.0,10.0,322.0,524.0,4,332.0,0.6335877862595419,0.019083969465648856,295.3027698723548,7.7458990342756024,262.3036362856936,0.6249606164281444,0.3481524685451858,0.4865565424866651,0.5419181720632568,0.43119491291007334
78003,Acri,CS,Calabria,3,18718.0,200.6272,52.0,3.0,86.0,141.0,4,89.0,0.6312056737588653,0.02127659574468085,75.3285607436692,0.7027960316447621,93.29741929309685,0.27807885849348374,0.3602663292062142,0.319172593849849,0.3027350997073029,0.335610087992395
78010,Amantea,CS,Calabria,2,13851.5,29.3551,93.0,5.0,140.0,238.0,4,145.0,0.6092436974789915,0.02100840336134454,171.82254629462514,8.107620140963581,471.8600856409959,0.5392593996996701,0.3199422572402387,0.4296008284699544,0.47346425696184063,0.3857373999780681
78029,Cassano all'Ionio,CS,Calabria,2,16466.25,159.0818,114.0,13.0,212.0,339.0,4,225.0,0.6637168141592921,0.038348082595870206,205.8756547483489,2.13097915663514,103.50806943346129,0.48823545138749874,0.5425250138168092,0.5153802326021539,0.5045223201162918,0.526238145088016
78033,Castrovillari,CS,Calabria,2,20762.0,130.6318,118.0,3.0,177.0,298.0,4,180.0,0.6040268456375839,0.010067114093959731,143.5314516905886,2.281220958449627,158.93526691050724,0.43273060078742454,0.22926641086323674,0.33099850582533064,0.37169134381016816,0.29030566784049305
78045,Cosenza,CS,Calabria,1,63730.75,37.8606,549.0,11.0,763.0,1323.0,4,774.0,0.5850340136054422,0.008314436885865457,207.59209643696332,34.943978700812984,1683.3000533536183,0.673905981807082,0.18296492463947253,0.4284354532232773,0.5266236646567992,0.3302472417897554
78081,Montalto Uffugo,CS,Calabria,2,20105.25,76.6698,98.0,3.0,149.0,250.0,4,152.0,0.608,0.012,124.34563111625073,3.260736300342508,262.2316740098448,0.42900906582641174,0.2506758630771165,0.33984246445176414,0.37550910500162316,0.304175823901905
78091,Paola,CS,Calabria,2,14859.25,42.9131,103.0,0.0,161.0,264.0,4,161.0,0.6098484848484849,0.0,177.66710971280517,6.1519675809950805,346.26372832538317,0.5264807831440972,0.16359159627753958,0.3450361897108184,0.41761402708412987,0.2724583523375068
78102,Rende,CS,Calabria,1,36528.5,55.281,424.0,4.0,637.0,1065.0,4,641.0,0.6018779342723005,0.003755868544600939,291.5531708118319,19.26520866120367,660.778567681482,0.6863230611575108,0.1780609458238236,0.4321920034906672,0.5338444265574047,0.3305395804239297
78119,San Giovanni in Fiore,CS,Calabria,2,15805.75,282.5285,33.0,3.0,53.0,89.0,4,56.0,0.6292134831460674,0.033707865168539325,56.30862186229695,0.31501246776873837,55.943913622873445,0.21137710319075487,0.4483885368672305,0.3298828200289927,0.28248053329369754,0.3772851067642878
78138,Scalea,CS,Calabria,2,11284.75,22.5441,116.0,2.0,188.0,306.0,4,190.0,0.6209150326797386,0.006535947712418301,271.1624094463767,13.573396143558625,500.5633402974614,0.6495291931763153,0.23223123302788595,0.4408802131021006,0.5243398051317865,0.35742062107241473
78157,Corigliano-Rossano,CS,Calabria,2,74268.25,346.6165,497.0,18.0,827.0,1342.0,4,845.0,0.6296572280178837,0.013412816691505217,180.69632716537686,3.8717141278617726,214.26634335064836,0.5002543674298141,0.29904173687202573,0.3996480521509199,0.43989057826247757,0.3594055260393622
79023,Catanzaro,CZ,Calabria,1,84470.0,112.7825,647.0,7.0,877.0,1531.0,4,884.0,0.5774003919007185,0.0045721750489875895,181.24778027702143,13.574801055128233,748.9637133420522,0.5835094404100898,0.1414888811966745,0.3624991608033821,0.45090327264606517,0.2740950489606991
79160,Lamezia Terme,CZ,Calabria,2,67295.25,162.3773,593.0,9.0,888.0,1490.0,4,897.0,0.602013422818792,0.006040268456375839,221.41235822736374,9.176159475493188,414.4375476128745,0.5891711691259691,0.1955082837447793,0.3923397264353742,0.47107230351161217,0.31360714935913625
80038,Gioia Tauro,RC,Calabria,2,19268.25,38.1055,103.0,3.0,151.0,257.0,4,154.0,0.5992217898832685,0.011673151750972763,133.38004229756206,6.74443321830182,505.65535158966554,0.48559208144651195,0.23290748387508628,0.3592497826607991,0.4097867021750842,0.30871286314651397
80043,Locri,RC,Calabria,2,11860.75,25.7745,120.0,4.0,207.0,331.0,4,211.0,0.6374622356495468,0.012084592145015106,279.07172817907804,12.842150187200527,460.17381520495064,0.6503580645678715,0.302736368741223,0.47654721665454725,0.5460715558198769,0.4070228774892175
80050,Melito di Porto Salvo,RC,Calabria,2,10472.75,35.4037,66.0,1.0,105.0,172.0,4,106.0,0.6162790697674418,0.005813953488372093,164.23575469671292,4.858249279030158,295.80947754048304,0.49854517458436964,0.2187062951891658,0.35862573488676774,0.4145935107658084,0.30265795900772696
80057,Palmi,RC,Calabria,2,17976.75,32.0527,174.0,4.0,256.0,434.0,4,260.0,0.5990783410138248,0.009216589861751152,241.42294908701518,13.540200981508578,560.8497880053786,0.6303053216078348,0.21425076731816706,0.42227804446300093,0.5054889553209345,0.33906713360506735
80063,Reggio di Calabria,RC,Calabria,1,170529.5,238.9578,1495.0,16.0,1944.0,3455.0,4,1960.0,0.5672937771345875,0.004630969609261939,202.60424149487332,14.458619890206556,713.638558774813,0.6061996118088129,0.12429041537404056,0.3652450135914267,0.4616268528783812,0.26886317430447226
80069,Rosarno,RC,Calabria,2,14492.25,39.5573,100.0,7.0,134.0,241.0,4,141.0,0.5850622406639004,0.029045643153526972,166.29577877831255,6.0924279462956275,366.36094981204485,0.5150223934993609,0.3370967378165616,0.4260595656579612,0.4616446967945211,0.39047443452140135
80088,Siderno,RC,Calabria,2,17589.5,31.8883,181.0,0.0,295.0,476.0,4,295.0,0.6197478991596639,0.0,270.6159924955229,14.92710492563103,551.5972943054348,0.6559061613850629,0.18087147729067338,0.4183888193378681,0.513395756156746,0.3233818825189902
80093,Taurianova,RC,Calabria,2,14825.5,48.5446,107.0,3.0,152.0,262.0,4,155.0,0.5916030534351145,0.011450381679389313,176.72253886884087,5.397098750427442,305.3995707040536,0.5171845599390585,0.217941321463076,0.36756294070106726,0.42741158839626375,0.3077142930058707
80096,Villa San Giovanni,RC,Calabria,2,12795.5,12.1054,164.0,0.0,227.0,391.0,4,227.0,0.5805626598465473,0.0,305.5761791254738,32.29963487369273,1057.0076164356403,0.731536880357739,0.1124718476239783,0.42200436399085867,0.5458173705376108,0.2981913574441065
81001,Alcamo,TP,Sicilia,2,44653.5,130.8931,413.0,9.0,626.0,1048.0,4,635.0,0.6059160305343512,0.008587786259541985,234.69604846204663,8.006533575872218,341.14479678455166,0.5895015517688678,0.22146761887625696,0.4054845853225624,0.4790913719010845,0.3318777987440402
81004,Campobello di Mazara,TP,Sicilia,2,11359.75,65.8349,89.0,7.0,145.0,241.0,4,152.0,0.6307053941908713,0.029045643153526972,212.15255617421158,3.660672378935792,172.5490583262069,0.5231987293379997,0.4167689524767357,0.46998384090736767,0.49126979627962053,0.44869788553511486
81005,Castellammare del Golfo,TP,Sicilia,2,14647.25,127.349,107.0,4.0,165.0,276.0,4,169.0,0.6123188405797102,0.014492753623188406,188.43127549540014,2.1672726130554616,115.01660790426308,0.4746021413949322,0.27684045061179086,0.3757212960033615,0.41527363415998975,0.33616895784673323
81006,Castelvetrano,TP,Sicilia,2,29397.25,207.7014,259.0,9.0,430.0,698.0,4,439.0,0.6289398280802292,0.012893982808022923,237.4371752459839,3.3605936214199805,141.5361186780638,0.5366289924091612,0.2939124020764183,0.41527069724278975,0.4638140153093383,0.3667273791762411
81008,Erice,TP,Sicilia,2,26077.75,47.3371,165.0,4.0,243.0,412.0,4,247.0,0.5995145631067961,0.009708737864077669,157.98909031645752,8.703532747041962,550.8945414907124,0.5303095023622102,0.2187033242678804,0.3745064133150453,0.43682764893391124,0.3121851776961793
81011,Marsala,TP,Sicilia,2,79974.0,243.512,727.0,20.0,1053.0,1800.0,4,1073.0,0.5961111111111111,0.011111111111111112,225.07314877335136,7.391832846019908,328.41913334866456,0.5773000485591703,0.22327038701279206,0.40028521778598114,0.47109115009525676,0.32947928547670546
81012,Mazara del Vallo,TP,Sicilia,2,50166.0,274.7563,527.0,11.0,781.0,1319.0,4,792.0,0.6004548900682335,0.008339651250947688,262.9270820874696,4.800617856624216,182.58362046657345,0.5749007749153688,0.2100720914692999,0.39248643319233434,0.46545216988154814,0.31952069650312054
81013,Paceco,TP,Sicilia,2,10726.25,58.0023,82.0,0.0,111.0,193.0,4,111.0,0.5751295336787565,0.0,179.93240881016197,3.327454256124326,184.928011475407,0.4906143563640205,0.10298807709396328,0.2968012167289919,0.3743264725830033,0.2192759608749804
81018,Salemi,TP,Sicilia,2,10041.5,182.4204,31.0,2.0,48.0,81.0,2,50.0,0.6172839506172839,0.024691358024691357,80.66523925708312,0.44402928619825416,55.0459268809848,0.27675769430362407,0.36123756263705253,0.3189976284703383,0.3021016548036526,0.335893602137024
81021,Trapani,TP,Sicilia,1,55571.75,180.6116,639.0,9.0,902.0,1550.0,4,911.0,0.587741935483871,0.005806451612903226,278.91869520034913,8.58195154685524,307.68649411222754,0.6224898066672808,0.16883695207010951,0.39566337936869517,0.48639395028812943,0.3049328084492609
81022,Valderice,TP,Sicilia,2,11416.0,52.9642,48.0,3.0,75.0,126.0,4,78.0,0.6190476190476191,0.023809523809523808,110.37140854940435,2.3789654143742376,215.5418188134627,0.3920370502513321,0.35779785463018343,0.3749174524407578,0.38176529156498745,0.368069613316528
82006,Bagheria,PA,Sicilia,1,53109.5,29.8356,360.0,5.0,524.0,889.0,4,529.0,0.595050618672666,0.00562429696287964,167.39001496907335,29.796618804381342,1780.07145825792,0.626984501546973,0.18022334263373485,0.40360392209035395,0.49295615387300157,0.3142516903077063
82009,Belmonte Mezzagno,PA,Sicilia,2,10867.0,29.2934,13.0,0.0,19.0,32.0,4,19.0,0.59375,0.0,29.4469494800773,1.0923962394259459,370.97093543255477,0.14232151370141305,0.13549095376180836,0.1389062337316107,0.14027234571953165,0.13754012174368976
82020,Capaci,PA,Sicilia,2,11348.75,6.1204,56.0,1.0,80.0,137.0,4,81.0,0.5912408759124088,0.0072992700729927005,120.71814076440137,22.38415789817659,1854.2497222403765,0.5527520206144299,0.18617302350162374,0.36946252205802677,0.44277832148058804,0.2961467226354656
82021,Carini,PA,Sicilia,2,40018.25,76.5877,300.0,6.0,440.0,746.0,4,446.0,0.5978552278820375,0.00804289544235925,186.41494817989292,9.740467464096715,522.5153647387244,0.5650587607027392,0.2033057860543499,0.38418227337854455,0.4565328683082224,0.31183167844886667
82023,Casteldaccia,PA,Sicilia,2,11684.25,33.9185,41.0,1.0,60.0,102.0,4,61.0,0.5980392156862745,0.00980392156862745,87.29700237499198,3.0072084555625986,344.4801509500715,0.3666905271271381,0.21684170818791199,0.291766117657525,0.3217358814453703,0.2617963538696798
82027,Cefalù,PA,Sicilia,2,13897.75,66.2827,174.0,6.0,256.0,436.0,4,262.0,0.6009174311926605,0.013761467889908258,313.71984673778127,6.577885330561368,209.67386663488358,0.6240632149957438,0.25147934982067177,0.4377712824082078,0.5122880554432222,0.36325450937319337
82031,Cinisi,PA,Sicilia,2,11998.25,33.1606,111.0,3.0,154.0,268.0,4,157.0,0.585820895522388,0.011194029850746268,223.3659075281812,8.081880303733948,361.822464008492,0.5820195895710782,0.20592919588054903,0.39397439272581364,0.46919247146391946,0.31875631398770776
82034,Corleone,PA,Sicilia,2,10346.25,229.4546,41.0,8.0,74.0,123.0,4,82.0,0.6666666666666666,0.06504065040650407,118.88365349764408,0.5360537552962547,45.09061923360874,0.3446284345791726,0.7398397799105796,0.5422341072448761,0.46319183817859466,0.6212763763111574
82035,Ficarazzi,PA,Sicilia,2,12901.75,3.5295,79.0,1.0,125.0,205.0,4,126.0,0.6146341463414634,0.004878048780487805,158.8931734067084,58.081881286301176,3655.4044482221275,0.6676611693495962,0.20878697550135944,0.4382240724254778,0.5299989111951251,0.34644923365583047
82048,Misilmeri,PA,Sicilia,2,28923.5,69.4887,182.0,2.0,299.0,483.0,4,301.0,0.6231884057971014,0.004140786749482402,166.99223814545266,6.950770413031184,416.23314294266555,0.524333631812318,0.21816209394730807,0.37124786287981304,0.432482170452815,0.310013555306811
82049,Monreale,PA,Sicilia,2,38720.5,530.1799,186.0,11.0,283.0,480.0,4,294.0,0.6125,0.022916666666666665,123.96534135664571,0.9053530697787676,73.0327573716016,0.3677339164482194,0.3397632127496928,0.3537485645989561,0.3593427053386614,0.3481544238592508
82053,Palermo,PA,Sicilia,1,631764.5,160.6676,7275.0,87.0,9476.0,16838.0,4,9563.0,0.5679415607554341,0.005166884428079345,266.52336432325654,104.80022107755391,3932.1213486726633,0.7964018798320093,0.12945876780173704,0.46293032381687316,0.5963189462229276,0.3295417014108187
82054,Partinico,PA,Sicilia,2,30729.5,108.0578,225.0,6.0,375.0,606.0,4,381.0,0.6287128712871287,0.009900990099009901,197.20464049203534,5.608109733864654,284.38021133134305,0.5375940126424924,0.2711117119195472,0.4043528622810198,0.4576493224256088,0.35105640213643075
82067,Santa Flavia,PA,Sicilia,2,11027.75,14.5993,48.0,3.0,80.0,131.0,4,83.0,0.6335877862595419,0.022900763358778626,118.79123121216931,8.973032953634764,755.3615584308837,0.48577034564854094,0.37645520236761454,0.43111277400807774,0.45297580266426296,0.4092497453518924
82070,Termini Imerese,PA,Sicilia,2,24926.25,76.7619,249.0,8.0,392.0,649.0,4,400.0,0.6163328197226502,0.012326656394453005,260.36808585326713,8.454715164684563,324.72163925072203,0.6101908282423418,0.26766456837338876,0.43892769830786527,0.5074329502816559,0.3704224463340747
82071,Terrasini,PA,Sicilia,2,12915.25,19.8453,86.0,3.0,139.0,228.0,4,142.0,0.6228070175438597,0.013157894736842105,176.5354909893343,11.488866381460596,650.7964102331534,0.5675321186070492,0.28517967832780516,0.42635589846742716,0.48282638652327603,0.3698854104115784
82073,Trabia,PA,Sicilia,2,10612.75,22.1261,72.0,1.0,112.0,185.0,4,113.0,0.6108108108108108,0.005405405405405406,174.31862618077315,8.361166224504093,479.64846945462597,0.543693934874356,0.20608534697432537,0.3748896409243407,0.44241135850434676,0.30736792334433455
82079,Villabate,PA,Sicilia,2,19603.5,3.7976,137.0,3.0,196.0,336.0,4,199.0,0.5922619047619048,0.008928571428571428,171.39796464916978,88.47693279966295,5162.076048030335,0.7114029083219868,0.20019139165405303,0.4557971499880199,0.5580394533216066,0.35355484665443315
83005,Barcellona Pozzo di Gotto,ME,Sicilia,2,39897.5,59.1442,302.0,4.0,493.0,799.0,4,497.0,0.6220275344180225,0.0050062578222778474,200.2631743843599,13.509355101599143,674.5800940751587,0.5995097538194798,0.22265836649573548,0.4110840601576076,0.48645433762235646,0.3357137826928588
83009,Capo d'Orlando,ME,Sicilia,2,13085.0,14.6025,160.0,4.0,227.0,391.0,4,231.0,0.5907928388746803,0.010230179028132993,298.81543752388234,26.776236945728474,896.0794384523199,0.7141691341675634,0.20738800291504056,0.460778568541302,0.5621347947918065,0.3594223422907974
83041,Lipari,ME,Sicilia,2,12633.75,90.1281,49.0,2.0,65.0,116.0,4,67.0,0.5775862068965517,0.017241379310344827,91.8175521915504,1.2870569777905003,140.17548356173046,0.3325584626881686,0.23669779722830167,0.2846281299582351,0.30380026305020846,0.26545599686626176
83048,Messina,ME,Sicilia,1,218906.25,213.1243,2924.0,53.0,4045.0,7022.0,4,4098.0,0.583594417544859,0.0075477072059242385,320.7765881513205,32.94790880251571,1027.1294732698243,0.7409601957680811,0.17469283093636473,0.4578265133522229,0.5710799863185663,0.34457304038587966
83049,Milazzo,ME,Sicilia,2,30095.75,24.8562,360.0,11.0,524.0,895.0,4,535.0,0.5977653631284916,0.012290502793296089,297.384182151965,36.00711291347832,1210.794489905939,0.7350495715304217,0.23498383280667304,0.48501670216854736,0.5850298499132971,0.38500355442379763
83066,Patti,ME,Sicilia,2,12717.5,50.118,107.0,4.0,140.0,251.0,4,144.0,0.5737051792828686,0.01593625498007968,197.3658344800472,5.00818069356319,253.75114729238996,0.5305403939798593,0.2202034643959662,0.37537192918791273,0.43743931510469136,0.3133045432711341
83084,Sant'Agata di Militello,ME,Sicilia,2,11957.75,34.2327,114.0,2.0,184.0,300.0,4,186.0,0.62,0.006666666666666667,250.88331835002407,8.763550640177375,349.3078255586033,0.6065323476627976,0.23161718092031602,0.4190747642915568,0.49405779764005314,0.3440917309430605
83097,Taormina,ME,Sicilia,2,10488.0,13.135,178.0,7.0,246.0,431.0,4,253.0,0.5870069605568445,0.016241299303944315,410.9458428680397,32.813094784925774,798.4773505900266,0.7813321612251787,0.24569524654550373,0.5135137038853412,0.6206410868212762,0.4063863209494062
84001,Agrigento,AG,Sicilia,2,55526.0,243.5678,657.0,14.0,932.0,1603.0,4,946.0,0.5901434809731753,0.008733624454148471,288.69358498721317,6.581329715996942,227.96937854675372,0.6104553697169335,0.19503056779317254,0.402742968755053,0.4858279291398052,0.3196580083703008
84011,Canicattì,AG,Sicilia,2,34438.5,91.8597,141.0,1.0,242.0,384.0,4,243.0,0.6328125,0.0026041666666666665,111.5031142471362,4.180287982651805,374.9032491941515,0.4259697494105673,0.22336678301551177,0.32466826621303957,0.3651888594920506,0.28414767293402843
84017,Favara,AG,Sicilia,2,31601.75,83.6216,108.0,3.0,176.0,287.0,4,179.0,0.6236933797909407,0.010452961672473868,90.81775534582736,3.432127584260526,377.9137208568121,0.38073904788165003,0.26648682061316564,0.32361293424740784,0.3464633797011047,0.3007624887937109
84021,Licata,AG,Sicilia,2,34365.75,179.889,237.0,4.0,398.0,639.0,4,402.0,0.6291079812206573,0.006259780907668232,185.9409441085965,3.5521905174857826,191.0386404949719,0.4998165160240853,0.2444548405441933,0.3721356782841393,0.4232080133801177,0.3210633431881609
84023,Menfi,AG,Sicilia,2,11839.0,113.5493,62.0,2.0,102.0,166.0,4,104.0,0.6265060240963856,0.012048192771084338,140.2145451473942,1.4619200646767527,104.26308220306069,0.4072137917842986,0.2833395066839243,0.3452766492341115,0.3700515062541863,0.3205017922140366
84027,Palma di Montechiaro,AG,Sicilia,2,21404.5,77.0699,106.0,4.0,185.0,295.0,4,189.0,0.6406779661016949,0.013559322033898305,137.8214861360929,3.8276940803089143,277.7283998032954,0.45525560598406234,0.3193733682604751,0.3873144871222687,0.41449093466698617,0.36013803957755125
84028,Porto Empedocle,AG,Sicilia,2,15604.5,25.3826,119.0,3.0,171.0,293.0,4,174.0,0.5938566552901023,0.010238907849829351,187.76634945047903,11.54334071371727,614.7715364068299,0.5779599054352029,0.21280145093659394,0.39538067818589845,0.46841236908562023,0.32234898728617667
84030,Raffadali,AG,Sicilia,2,11959.5,22.2993,21.0,1.0,30.0,52.0,4,31.0,0.5961538461538461,0.019230769230769232,43.48007859860362,2.331911764046405,536.3172835021727,0.23986398350824645,0.28390033723007313,0.2618821603691598,0.2530748896247944,0.2706894311135251
84031,Ravanusa,AG,Sicilia,2,10345.5,49.5006,19.0,1.0,25.0,45.0,4,26.0,0.5777777777777777,0.022222222222222223,43.49717268377556,0.909079889940728,208.99746669737337,0.19786946155233487,0.2740124063602936,0.23594093395631424,0.22071234499472248,0.251169522917906
84033,Ribera,AG,Sicilia,2,17843.5,118.4633,97.0,3.0,161.0,261.0,4,164.0,0.6283524904214559,0.011494252873563218,146.27175161823632,2.203213991168573,150.62470824297483,0.43400595786220475,0.28241752694405353,0.35821174240312914,0.3885294285867594,0.32789405621949885
84041,Sciacca,AG,Sicilia,2,38903.5,191.7163,230.0,4.0,319.0,553.0,4,323.0,0.5840867992766727,0.007233273056057866,142.14659349415862,2.8844704388724383,202.9222345726472,0.4438906673637883,0.17318919800725954,0.30853993268552393,0.36268022655682963,0.2543996388142181
85004,Caltanissetta,CL,Sicilia,2,58657.75,421.2466,602.0,13.0,906.0,1521.0,4,919.0,0.6042077580539119,0.008547008547008548,259.30077440747385,3.610711635417354,139.2480081738345,0.5552853655996901,0.21817964661193523,0.38673250610581267,0.4541536499033636,0.3193113623082616
85007,Gela,CL,Sicilia,1,71155.25,279.1337,1132.0,14.0,1879.0,3025.0,4,1893.0,0.6257851239669422,0.004628099173553719,425.12674749930613,10.837100643884993,254.91458036059424,0.7076402121146405,0.2263681079734911,0.46700416004406575,0.5632585808722956,0.37074973921583587
85009,Mazzarino,CL,Sicilia,2,10891.25,295.5891,7.0,0.0,13.0,20.0,4,13.0,0.65,0.0,18.363365086652127,0.06766149360717294,36.84591211245611,0.01699227133710346,0.23367790466971627,0.12533508800340987,0.0819979613368873,0.16867221466993243
85012,Mussomeli,CL,Sicilia,2,10011.0,164.4248,15.0,1.0,25.0,41.0,1,26.0,0.6341463414634146,0.024390243902439025,40.95494955548896,0.24935411203176164,60.88497598902355,0.15616446624968017,0.3884465175440227,0.27230549189685144,0.22584908163798292,0.3187619021557199
85013,Niscemi,CL,Sicilia,2,24964.0,96.8172,123.0,7.0,211.0,341.0,4,218.0,0.6392961876832844,0.020527859237536656,136.59669924691556,3.5221014447846044,257.8467462393046,0.4488582824680182,0.3688360897629025,0.40884718611546034,0.42485162465648346,0.3928427475744372
85015,Riesi,CL,Sicilia,2,10448.5,66.9951,5.0,0.0,11.0,16.0,4,11.0,0.6875,0.0,15.313202852084032,0.23882343634086675,155.95916716297162,0.0,0.2991358719416548,0.1495679359708274,0.08974076158249644,0.20939511035915837
85016,San Cataldo,CL,Sicilia,2,20827.25,72.7745,55.0,1.0,81.0,137.0,4,82.0,0.5985401459854015,0.0072992700729927005,65.77920752859835,1.8825275336828147,286.18884361967446,0.29582574566273173,0.1989142336762103,0.24736998966947102,0.2667522920667753,0.22798768727216673
86004,Barrafranca,EN,Sicilia,2,11762.25,53.7119,37.0,1.0,48.0,86.0,4,49.0,0.5697674418604651,0.011627906976744186,73.11526281111182,1.6011349440254394,218.98778482980495,0.3052292570236598,0.18115496852374627,0.243192112773703,0.2680069704736857,0.2183772550737203
86009,Enna,EN,Sicilia,2,25445.5,358.7427,284.0,10.0,466.0,760.0,4,476.0,0.6263157894736842,0.013157894736842105,298.67756577783894,2.118510007311647,70.9296663040112,0.5489489776650138,0.2913044004117291,0.42012668903837147,0.4716556044890284,0.3685977735877145
86011,Leonforte,EN,Sicilia,2,12282.25,84.3928,33.0,0.0,49.0,82.0,4,49.0,0.5975609756097561,0.0,66.76301166317246,0.9716468703491293,145.53670455299505,0.26955203667786953,0.14214318620814353,0.20584761144300653,0.2313293815369517,0.1803658413490613
86012,Nicosia,EN,Sicilia,2,12667.5,218.506,39.0,1.0,55.0,95.0,4,56.0,0.5894736842105263,0.010526315789473684,74.99506611407143,0.4347706699129543,57.973236432866834,0.26442423453327496,0.20730437185175887,0.23586430319251692,0.24728827572882012,0.22444033065621366
86014,Piazza Armerina,EN,Sicilia,2,20652.0,304.5375,124.0,5.0,194.0,323.0,4,199.0,0.6160990712074303,0.015479876160990712,156.40131706372264,1.0606247178097934,67.81430858268686,0.41164349559972635,0.2908021482277379,0.3512228219137321,0.37539109138812976,0.32705455243933446
87002,Aci Castello,CT,Sicilia,2,17830.75,8.7542,228.0,7.0,332.0,567.0,4,339.0,0.5978835978835979,0.012345679012345678,317.9899892040436,64.76891092275707,2036.8223252838636,0.789469654965383,0.235602871506355,0.512536263235869,0.6233096199276746,0.4017629065440634
87003,Aci Catena,CT,Sicilia,1,27816.5,8.5078,118.0,2.0,155.0,275.0,4,157.0,0.5709090909090909,0.007272727272727273,98.86218611255909,32.32327981381791,3269.5291379675123,0.5469146430527454,0.15048346046165795,0.3486990517572017,0.42798528827541915,0.2694128152389842
87004,Acireale,CT,Sicilia,1,50614.75,40.4502,696.0,12.0,963.0,1671.0,4,975.0,0.5834829443447038,0.00718132854578097,330.14091742031724,41.31005532729133,1251.285531344715,0.762312079728312,0.17174468524888128,0.4670283824885967,0.5851418613844828,0.3489149035927105
87005,Aci Sant'Antonio,CT,Sicilia,1,18065.25,14.3334,166.0,2.0,240.0,408.0,4,242.0,0.5931372549019608,0.004901960784313725,225.84796778345168,28.46498388379589,1260.3604169282935,0.6727095617385248,0.17144332322526637,0.4220764424818956,0.5223296901845472,0.3218231947792439
87006,Adrano,CT,Sicilia,2,33872.0,83.2209,122.0,4.0,211.0,337.0,4,215.0,0.6379821958456974,0.011869436201780416,99.4922059518186,4.049463536203045,407.0131421313636,0.4054498019379107,0.30203432227347904,0.35374206210569487,0.3744251580385811,0.3330589661728085
87007,Belpasso,CT,Sicilia,2,28077.5,166.3266,380.0,11.0,612.0,1003.0,4,623.0,0.6211365902293121,0.010967098703888335,357.22553646157957,6.0303042327565155,168.8094387788844,0.6397170034533299,0.26587509752799043,0.4527960504906602,0.5275644316757281,0.3780276693055923
87008,Biancavilla,CT,Sicilia,2,22977.5,70.2752,131.0,6.0,274.0,411.0,4,280.0,0.681265206812652,0.014598540145985401,178.87063431617887,5.84843586357634,326.96456217840716,0.524311119642254,0.3979789143640845,0.46114501700316923,0.48641145805880315,0.4358785759475353
87009,Bronte,CT,Sicilia,2,18255.5,250.857,63.0,1.0,138.0,202.0,4,139.0,0.6881188118811881,0.0049504950495049506,110.65158445400016,0.8052396385191564,72.77253574745771,0.34511035748893415,0.3376036308196042,0.3413569941542692,0.34285833948813516,0.3398556488204032
87011,Caltagirone,CT,Sicilia,2,35742.5,383.3734,305.0,6.0,488.0,799.0,4,494.0,0.6182728410513142,0.007509386733416771,223.5434007134364,2.0841299891959117,93.23155962307244,0.5005895958874882,0.23493765187038412,0.36776362387893613,0.42089401268235693,0.3146332350755153
87015,Catania,CT,Sicilia,1,299392.0,182.818,5366.0,62.0,7426.0,12854.0,4,7488.0,0.5825423992531508,0.0048234012758674345,429.336789226165,70.3103633121465,1637.6505595729084,0.8448740957305931,0.1523576238236889,0.498615859777141,0.6371191541585218,0.3601125653957602
87017,Giarre,CT,Sicilia,2,26581.0,27.3544,402.0,2.0,625.0,1029.0,4,627.0,0.60932944606414,0.001943634596695821,387.11861856213085,37.61734858011874,971.7266692012986,0.7815554054894823,0.1773865123674051,0.4794709589284437,0.6003047375528592,0.35863718030402825
87018,Grammichele,CT,Sicilia,2,12422.25,32.0662,38.0,0.0,51.0,89.0,4,51.0,0.5730337078651685,0.0,71.64563585501821,2.7755081674785287,387.3938913871927,0.33006875050602774,0.09932971716026917,0.21469923383314846,0.2608470405023001,0.16855142716399674
87019,Gravina di Catania,CT,Sicilia,1,25253.5,5.1355,194.0,4.0,238.0,436.0,4,242.0,0.555045871559633,0.009174311926605505,172.6493357356406,84.89923084412423,4917.437445234154,0.7095120905281813,0.13707290689106066,0.423292498709621,0.5377803354370451,0.3088046619821968
87023,Mascali,CT,Sicilia,2,14362.0,37.846,202.0,4.0,298.0,504.0,4,302.0,0.5992063492063492,0.007936507936507936,350.9260548670102,13.317127305395552,379.48528246049784,0.6905062802711729,0.20486515767039726,0.4476857189707851,0.5448139434909401,0.3505574944506299
87024,Mascalucia,CT,Sicilia,1,32072.0,16.306,275.0,4.0,381.0,660.0,4,385.0,0.5833333333333334,0.006060606060606061,205.7869792965827,40.47589844229118,1966.8833558199435,0.6832854459918549,0.16305438153941926,0.42316991376563706,0.5272161266561242,0.31912370087514996
87029,Misterbianco,CT,Sicilia,1,48971.0,37.6705,543.0,1.0,836.0,1380.0,4,837.0,0.6065217391304348,0.0007246376811594203,281.79943231708563,36.633439959650126,1299.9827451188596,0.7274848872490449,0.1632688344261074,0.44537686083757616,0.5582200714021637,0.33253365027298865
87030,Motta Sant'Anastasia,CT,Sicilia,2,12095.5,35.6999,119.0,3.0,184.0,306.0,4,187.0,0.6111111111111112,0.00980392156862745,252.98664792691497,8.571452581099667,338.8104728584674,0.6064008480642531,0.23965930026527632,0.4230300741647647,0.49637838372456006,0.34968176460496936
87032,Palagonia,CT,Sicilia,2,15692.5,57.7851,107.0,5.0,198.0,310.0,4,203.0,0.6548387096774193,0.016129032258064516,197.54659869364346,5.364704742225937,271.5665457012275,0.5350436518885796,0.36326223800668667,0.44915294494763314,0.4835092277240117,0.41479666217125455
87033,Paternò,CT,Sicilia,2,45124.0,144.6803,370.0,12.0,632.0,1014.0,4,644.0,0.6351084812623274,0.011834319526627219,224.71412108855597,7.00855610611811,311.8876585132876,0.5735080254275178,0.2967553686079052,0.4351316970177115,0.49048222838163397,0.37978116565378894
87034,Pedara,CT,Sicilia,2,15139.5,19.2393,91.0,1.0,122.0,214.0,4,123.0,0.5747663551401869,0.004672897196261682,141.35209220912185,11.123065808007567,786.9049289735074,0.528922963780985,0.13765010525107182,0.3332865345160284,0.41154110622201107,0.2550319628100458
87037,Ramacca,CT,Sicilia,2,10218.0,306.4331,54.0,7.0,116.0,177.0,4,123.0,0.6949152542372882,0.03954802259887006,173.22372284204346,0.5776138413245827,33.34496175511065,0.40819108470516685,0.6057274659532319,0.5069592753291994,0.46745199907958634,0.5464665515788124
87038,Randazzo,CT,Sicilia,2,10174.75,205.6135,51.0,4.0,89.0,144.0,4,93.0,0.6458333333333334,0.027777777777777776,141.52681884075776,0.700343119493613,49.484834410191944,0.3807866793328315,0.4338416767655687,0.4073141780492001,0.3967031785626526,0.4179251775357475
87039,Riposto,CT,Sicilia,2,14012.25,13.2561,132.0,2.0,186.0,320.0,4,188.0,0.5875,0.00625,228.37160341843742,24.139829965072682,1057.0416638377803,0.662542668044027,0.17175261324989938,0.4171476406469632,0.5153056516057887,0.3189896296881376
87041,San Giovanni la Punta,CT,Sicilia,2,23916.25,10.8497,274.0,1.0,383.0,658.0,4,384.0,0.5835866261398176,0.001519756838905775,275.1267443683688,60.646838161423815,2204.3236218512952,0.7608238107508458,0.12924762213136218,0.445035716441104,0.5713509541650007,0.31872047871720727
87042,San Gregorio di Catania,CT,Sicilia,2,11486.5,5.6193,135.0,1.0,195.0,331.0,4,196.0,0.5921450151057401,0.0030211480362537764,288.16436686545075,58.9041339668642,2044.1158151371167,0.7662540755883119,0.15552792580199648,0.4608910006951542,0.5830362306524173,0.33874577073789114
87049,Scordia,CT,Sicilia,2,16076.5,24.3093,51.0,2.0,89.0,142.0,4,91.0,0.6408450704225352,0.014084507042253521,88.32768326439212,5.841385807077949,661.331260052737,0.4089954254329963,0.32358700894769044,0.36629121719034335,0.38337290048740447,0.3492095338932822
87050,Trecastagni,CT,Sicilia,2,11302.25,19.1561,49.0,0.0,68.0,117.0,4,68.0,0.5811965811965812,0.0,103.51921077661528,6.107715035941554,590.0078826065849,0.43773821240070765,0.11357838637020506,0.2756582993854564,0.34049026459155685,0.2108263341793558
87051,Tremestieri Etneo,CT,Sicilia,1,19530.5,6.4903,217.0,2.0,288.0,507.0,4,290.0,0.571992110453649,0.0039447731755424065,259.5939684083869,78.11657396422353,3009.182934533072,0.7701333147082022,0.1273185779499323,0.44872594632906726,0.5772888936807212,0.32016299897741324
88001,Acate,RG,Sicilia,2,10495.25,102.4682,37.0,1.0,62.0,100.0,4,63.0,0.63,0.01,95.28119863747885,0.9759125270083793,102.42445949084691,0.32754713901316174,0.2741006698519619,0.3008239044325618,0.3115131982648018,0.29013461060032186
88003,Comiso,RG,Sicilia,2,30094.0,65.4008,199.0,8.0,302.0,509.0,4,310.0,0.6090373280943026,0.015717092337917484,169.1367049910281,7.782779415542317,460.1472764859145,0.5339378900018186,0.28024392545275495,0.40709090772728673,0.4578297006370995,0.356352114817474
88005,Ispica,RG,Sicilia,2,16335.5,113.6602,134.0,3.0,222.0,359.0,4,225.0,0.6267409470752089,0.008356545961002786,219.7667656331303,3.1585374651813036,143.72225282024843,0.5203687148424064,0.25608245814156283,0.38822558649198463,0.4410828378321533,0.33536833515181586
88006,Modica,RG,Sicilia,2,53509.0,292.377,490.0,14.0,736.0,1240.0,4,750.0,0.6048387096774194,0.01129032258064516,231.73671718776282,4.241099676103113,183.01371174887217,0.5465344468295048,0.23984658623292632,0.39319051653121556,0.45452808865053124,0.33185294441189983
88008,Pozzallo,RG,Sicilia,2,18950.25,15.4176,113.0,4.0,166.0,283.0,4,170.0,0.6007067137809188,0.014134275618374558,149.33839922956162,18.355645496056454,1229.1309931506848,0.5732429044869762,0.25389522345495147,0.4135690639709638,0.4774386001773688,0.3496995277645589
88009,Ragusa,RG,Sicilia,1,73467.25,444.706,681.0,12.0,932.0,1625.0,4,944.0,0.5809230769230769,0.0073846153846153844,221.18699148259938,3.654099562407523,165.20408989309792,0.5299266766060688,0.1688042704811359,0.34936547354360237,0.4215899547685889,0.2771409923186158
88010,Santa Croce Camerina,RG,Sicilia,2,11122.5,41.0887,110.0,2.0,164.0,276.0,4,166.0,0.6014492753623188,0.007246376811594203,248.14565070802428,6.7171752817684665,270.694862577789,0.586970693637492,0.2035946901959497,0.39528269191672083,0.4719578926050293,0.31860749122841237
88011,Scicli,RG,Sicilia,2,26859.0,138.7257,220.0,5.0,328.0,553.0,4,333.0,0.6021699819168174,0.009041591320072333,205.89001824341935,3.9862837239242626,193.6122866923721,0.5233887574631223,0.21833444474240743,0.3708616011027649,0.4318724636469078,0.3098507385586219
88012,Vittoria,RG,Sicilia,2,64122.5,182.4933,724.0,21.0,1130.0,1875.0,4,1151.0,0.6138666666666667,0.0112,292.40906078209673,10.27434979804738,351.3690639601563,0.6425222130273484,0.2549290730752072,0.44872564305127777,0.5262442710417059,0.3712070150608495
89001,Augusta,SR,Sicilia,2,34713.25,111.4896,308.0,10.0,470.0,788.0,4,480.0,0.6091370558375635,0.012690355329949238,227.00265748669457,7.067923824284956,311.3586379357357,0.5757267009858743,0.2578235703027388,0.41677513564430657,0.4803557617809336,0.3531945095076794
89002,Avola,SR,Sicilia,2,30553.75,74.5923,358.0,6.0,544.0,908.0,4,550.0,0.6057268722466961,0.006607929515418502,297.181197070736,12.17283821520452,409.60997314736244,0.6569310998250087,0.20626101757617793,0.43159605870059337,0.5217300751503595,0.34146204225082716
89006,Carlentini,SR,Sicilia,2,17081.25,158.9118,113.0,5.0,194.0,312.0,4,199.0,0.6378205128205128,0.016025641025641024,182.65642151481887,1.963353256334646,107.48887118514799,0.46447920374046525,0.332785809648694,0.3986325066945796,0.42497118551293384,0.37229382787622534
89009,Floridia,SR,Sicilia,2,21287.25,26.4775,149.0,0.0,213.0,362.0,4,213.0,0.5883977900552486,0.0,170.05484503634804,13.671985648191862,803.9750731753376,0.573575768462554,0.12614842620457956,0.34986209733356677,0.43934756578516165,0.2603766288819719
89010,Francofonte,SR,Sicilia,2,11722.75,74.2007,34.0,2.0,61.0,97.0,4,63.0,0.6494845360824743,0.020618556701030927,82.74508967605725,1.3072652953408797,157.9870540304876,0.3162879289431648,0.387293144273273,0.3517905366082189,0.33758949354219725,0.36599157967424056
89011,Lentini,SR,Sicilia,2,21579.25,216.779,143.0,10.0,259.0,412.0,4,269.0,0.6529126213592233,0.024271844660194174,190.9241516734826,1.9005530978554197,99.54492824489458,0.47011141238654425,0.42032881330086075,0.4452201128437025,0.4551766326608392,0.4352635930265658
89012,Melilli,SR,Sicilia,2,13208.5,136.4816,105.0,1.0,183.0,289.0,4,184.0,0.6366782006920415,0.0034602076124567475,218.7985009652875,2.117501553322939,96.77861338085135,0.4978859334382043,0.23657601104755338,0.3672309722428788,0.419492956721009,0.31496898776474863
89013,Noto,SR,Sicilia,2,24309.25,555.2175,195.0,9.0,297.0,501.0,4,306.0,0.6107784431137725,0.017964071856287425,206.0943879387476,0.902349079414824,43.783292133263096,0.45078217972753354,0.3000132041408828,0.37539769193420813,0.4055514870515383,0.345243896816878
89014,Pachino,SR,Sicilia,2,21853.5,50.9825,149.0,8.0,205.0,362.0,4,213.0,0.5883977900552486,0.022099447513812154,165.64852311986638,7.100475653410483,428.6470847839945,0.5244201188997061,0.2916407526146317,0.4080304357571689,0.45458630901418373,0.361474562500154
89016,Rosolini,SR,Sicilia,2,20586.5,76.4685,115.0,3.0,186.0,304.0,4,189.0,0.6217105263157895,0.009868421052631578,147.66958929395477,3.975493176929062,269.21542857516494,0.46881709967532725,0.25864463226089773,0.3637308659681125,0.40576535945099834,0.32169637248522653
89017,Siracusa,SR,Sicilia,1,116428.25,207.8378,1657.0,25.0,2265.0,3947.0,4,2290.0,0.5801874841651887,0.006333924499619965,339.0070708784165,18.990770687526524,560.1880408664834,0.7100425021375005,0.159619699215571,0.43483110067653574,0.5449156612609216,0.32474654009214987
89021,Priolo Gargallo,SR,Sicilia,2,11273.5,56.9533,110.0,1.0,173.0,284.0,4,174.0,0.6126760563380281,0.0035211267605633804,251.91821528362973,4.986541605139649,197.942876005429,0.5702684345466108,0.19513878176391883,0.38270360815526483,0.4577295387118032,0.30767767759872644
90003,Alghero,SS,Sardegna,2,42287.0,225.9134,697.0,7.0,948.0,1652.0,4,955.0,0.5780871670702179,0.00423728813559322,390.663797384539,7.312536573749056,187.18234509329682,0.6670617797294,0.14016337794361813,0.40361257883650903,0.5089922591936654,0.29823289847935264
90006,Arzachena,SS,Sardegna,2,13399.5,230.9678,214.0,4.0,305.0,523.0,4,309.0,0.5908221797323135,0.0076481835564053535,390.3130713832606,2.26438490560156,58.01458038739599,0.5963282126002891,0.18806418830547314,0.3921962004528811,0.47384900531184426,0.3105433955939179
90035,La Maddalena,SS,Sardegna,2,10591.5,51.7393,65.0,0.0,77.0,142.0,4,77.0,0.5422535211267606,0.0,134.06977293112402,2.744528820451765,204.70899297052725,0.43155776148389163,0.04560149166301958,0.2385796265734556,0.31577088053763,0.16138837260928118
90047,Olbia,SS,Sardegna,2,61261.25,384.4091,1068.0,16.0,1421.0,2505.0,4,1437.0,0.5736526946107784,0.006387225548902195,408.90448693097187,6.516495056958849,159.36472367589633,0.6669543869133265,0.14861391504355545,0.407784150978441,0.5114522453523952,0.30411605660448676
90058,Porto Torres,SS,Sardegna,2,21104.75,104.7024,155.0,2.0,216.0,373.0,4,218.0,0.5844504021447721,0.005361930294906166,176.73746431490542,3.5624780329772765,201.56892296642675,0.4916749545018008,0.15974466017536498,0.3257098073385829,0.39209586620387005,0.25932374847329576
90064,Sassari,SS,Sardegna,1,121290.75,547.0768,2030.0,25.0,2718.0,4773.0,4,2743.0,0.5746909700398073,0.005237795935470354,393.51723029167516,8.724552019021825,221.7069888542157,0.6801048489331272,0.14177426134000315,0.41093955513656516,0.51860567265519,0.30327343761794034
90069,Sorso,SS,Sardegna,2,14445.75,67.0106,109.0,2.0,168.0,279.0,4,170.0,0.6093189964157706,0.007168458781362007,193.13638959555578,4.16352039826535,215.57410320158306,0.5155507914815427,0.2167459547579984,0.36614837311977055,0.4259093404644794,0.3063874057750617
90070,Tempio Pausania,SS,Sardegna,2,13184.0,210.8172,95.0,4.0,143.0,242.0,4,147.0,0.6074380165289256,0.01652892561983471,183.55582524271844,1.1479139273266128,62.53759180939695,0.4409800317853141,0.2835010961021809,0.3622405639437475,0.39373635108037414,0.33074477680712083
91051,Nuoro,NU,Sardegna,2,33695.5,192.0589,341.0,11.0,447.0,799.0,4,458.0,0.5732165206508135,0.01376720901126408,237.12365152616817,4.160182110800385,175.44357486167004,0.5491268265992432,0.2031690176525685,0.37614792212590586,0.44533948391524075,0.3069563603365709
91085,Siniscola,NU,Sardegna,2,11193.5,196.6394,101.0,6.0,149.0,256.0,4,155.0,0.60546875,0.0234375,228.70415866351007,1.3018754125571987,56.92399386898048,0.48223840040939503,0.3313437368075181,0.4067910686084566,0.4369700013288319,0.3766121358880812
91095,Tortolì,NU,Sardegna,2,10996.75,40.3651,118.0,2.0,187.0,307.0,4,189.0,0.6156351791530945,0.006514657980456026,279.1733921385864,7.60558006792997,272.4321257720159,0.6145236064899035,0.2228548678927369,0.4186892371913202,0.4970229849107535,0.3403554894718869
92003,Assemini,CA,Sardegna,2,25869.25,118.173,141.0,3.0,189.0,333.0,4,192.0,0.5765765765765766,0.009009009009009009,128.72425756448294,2.8179025665761213,218.90998789909708,0.42637487473313546,0.17341551036350375,0.2998951925483196,0.35048706542224595,0.24930331967439326
92009,Cagliari,CA,Sardegna,1,147872.75,84.8236,1855.0,36.0,2254.0,4145.0,4,2290.0,0.5524728588661038,0.008685162846803377,280.308576123728,48.866117448445955,1743.2972663268242,0.747869042849935,0.12891103822332398,0.4383900405366295,0.5621816414619517,0.3145984396113073
92011,Capoterra,CA,Sardegna,2,23159.5,68.5348,85.0,3.0,115.0,203.0,4,118.0,0.5812807881773399,0.014778325123152709,87.6530149614629,2.9619988677285116,337.9232156510269,0.3664961905629879,0.2247929763746727,0.29564458346883027,0.32398522630649335,0.26730394063116725
92051,Quartu Sant'Elena,CA,Sardegna,1,68588.5,96.5263,561.0,17.0,686.0,1264.0,4,703.0,0.5561708860759493,0.013449367088607595,184.28745343607164,13.094876733076891,710.568000638168,0.5837042936040441,0.17104101641366606,0.3773726550088551,0.45990531044693067,0.29483999957077944
92068,Selargius,CA,Sardegna,2,28491.5,26.706,210.0,2.0,326.0,538.0,4,328.0,0.6096654275092936,0.0037174721189591076,188.82824702104134,20.14528570358721,1066.8576349883922,0.6183209834384767,0.19136475580672918,0.40484286962260296,0.4902341151489525,0.31945162409625344
92074,Sestu,CA,Sardegna,2,20788.5,48.263,141.0,6.0,201.0,348.0,4,207.0,0.5948275862068966,0.017241379310344827,167.40024532794575,7.210492509790108,430.7336883326772,0.5271604722416268,0.2667934143648252,0.39697694330322597,0.4490503548785863,0.34490353172786564
92080,Sinnai,CA,Sardegna,2,17297.25,223.9254,60.0,3.0,87.0,150.0,4,90.0,0.6,0.02,86.71898712223042,0.6698659464268011,77.24559161220657,0.2995044995698056,0.2963257612735933,0.2979151304216995,0.2985508780809419,0.29727938276245697
92105,Quartucciu,CA,Sardegna,2,12855.25,27.9312,73.0,0.0,97.0,170.0,4,97.0,0.5705882352941176,0.0,132.24169113786198,6.086383685627542,460.24696396860855,0.4774855060883356,0.09506103279972859,0.2862732694440321,0.3627581641017535,0.20978837478631068
92109,Monserrato,CA,Sardegna,2,18908.0,6.43,160.0,4.0,203.0,367.0,4,207.0,0.5640326975476839,0.010899182561307902,194.09773640786966,57.07620528771385,2940.5909797822706,0.6991277236493382,0.16568900752137802,0.4324083655853581,0.53909610881095,0.32572062235976607
93005,Azzano Decimo,PN,Friuli-Venezia Giulia,2,15727.0,51.3374,125.0,6.0,165.0,296.0,4,171.0,0.5777027027027027,0.02027027027027027,188.21135626629362,5.76577699688726,306.34586091231733,0.531729432672505,0.2594106290679339,0.39557003087021947,0.45003379159113366,0.34110627014930517
93017,Cordenons,PN,Friuli-Venezia Giulia,2,17816.5,56.3377,129.0,0.0,149.0,278.0,4,149.0,0.5359712230215827,0.0,156.03513596946652,4.934528743629932,316.2447171254773,0.49114120459557775,0.034635452629385,0.26288832861248135,0.3541894790057199,0.17158717821924283
93021,Fiume Veneto,PN,Friuli-Venezia Giulia,2,11786.75,35.7653,109.0,0.0,168.0,277.0,4,168.0,0.6064981949458483,0.0,235.0096506670626,7.744937131800935,329.55825898286884,0.5874945538153522,0.15774351182958524,0.3726190328224687,0.45856924121962206,0.2866688244253153
93022,Fontanafredda,PN,Friuli-Venezia Giulia,2,12849.0,46.4017,111.0,3.0,158.0,272.0,4,161.0,0.5919117647058824,0.011029411764705883,211.6896256518017,5.861854199307353,276.9079581136036,0.5520524374195424,0.21532846451963245,0.3836904509695874,0.45103524554956936,0.31634565638960543
93025,Maniago,PN,Friuli-Venezia Giulia,2,11517.25,69.4596,76.0,2.0,95.0,173.0,4,97.0,0.5606936416184971,0.011560693641618497,150.20946840608653,2.4906564391387227,165.81221314260378,0.44483995507935975,0.1648131967386992,0.3048265759090295,0.36083192757716154,0.24882122424089737
93032,Porcia,PN,Friuli-Venezia Giulia,2,14965.5,29.5339,191.0,5.0,250.0,446.0,4,255.0,0.5717488789237668,0.011210762331838564,298.0187765193278,15.101290381561528,506.7227829714328,0.6725525686837903,0.18149112423786018,0.42702184646082525,0.5252341353500113,0.3288095575716392
93033,Pordenone,PN,Friuli-Venezia Giulia,1,51980.0,38.213,749.0,11.0,943.0,1703.0,4,954.0,0.5601879036993541,0.0064591896652965355,327.6260100038476,44.565985397639544,1360.2700651610708,0.7666555469408736,0.12565186697261538,0.4461537069567445,0.5743544429503961,0.31795297096309283
93037,Sacile,PN,Friuli-Venezia Giulia,2,19940.5,32.7407,126.0,1.0,180.0,307.0,4,181.0,0.5895765472312704,0.003257328990228013,153.95802512474611,9.37670850042913,609.0431786736386,0.5311465212728154,0.15282707125091657,0.34198679626186596,0.4176506862662457,0.26632290625748617
93041,San Vito al Tagliamento,PN,Friuli-Venezia Giulia,2,15201.0,60.8716,57.0,4.0,74.0,135.0,4,78.0,0.5777777777777777,0.02962962962962963,88.80994671403197,2.217783005539529,249.72236642375097,0.3529189481947272,0.32867670506951996,0.34079782663212355,0.345646275257165,0.3359493780070821
93044,Spilimbergo,PN,Friuli-Venezia Giulia,2,11803.75,71.8756,95.0,4.0,132.0,231.0,4,136.0,0.5887445887445888,0.017316017316017316,195.70051890289105,3.2138862145150786,164.22471603715306,0.5023633923101822,0.2567307479726279,0.3795470701414051,0.42867359900891594,0.3304205412738942
94023,Isernia,IS,Molise,2,20661.5,69.1501,206.0,2.0,271.0,479.0,4,273.0,0.569937369519833,0.0041753653444676405,231.8321515862837,6.926960337006021,298.7920480230687,0.5778465851813712,0.12547068109270187,0.35165863313703655,0.44213381395477036,0.2611834523193027
94052,Venafro,IS,Molise,2,10841.5,46.3861,100.0,2.0,137.0,239.0,4,139.0,0.5815899581589958,0.008368200836820083,220.4491998339713,5.152405569771979,233.7230334087151,0.5504556951860504,0.17735684632566373,0.3639062707558571,0.4385260405279344,0.2892865009837797
95038,Oristano,OR,Sardegna,2,30363.5,84.706,372.0,6.0,485.0,863.0,4,491.0,0.5689455388180765,0.006952491309385863,284.2228333360779,10.188180294194035,358.4574882534885,0.6372839152282336,0.14464861539948354,0.3909662653138586,0.48949332527960854,0.2924392053481085
96004,Biella,BI,Piemonte,2,42872.75,46.6885,705.0,6.0,857.0,1568.0,4,863.0,0.5503826530612245,0.003826530612244898,365.73347872483106,33.58428735127494,918.2721655225591,0.7638943784259868,0.08870653431117811,0.4263004563685825,0.5613380251915442,0.29126288754562074
96020,Cossato,BI,Piemonte,2,13934.75,27.7337,105.0,4.0,120.0,229.0,4,124.0,0.5414847161572053,0.017467248908296942,164.33735804373958,8.257102370040782,502.4482849385405,0.5331988538233244,0.17536187387776175,0.35428036385054307,0.4258477598396556,0.2827129678614306
96088,Valdilana,BI,Piemonte,2,10125.666666666666,61.1378,41.0,1.0,56.0,98.0,3,57.0,0.5816326530612245,0.01020408163265306,96.78375086414064,1.6029363176300095,165.6203963287306,0.3509101623365281,0.19120289474466828,0.2710565285405982,0.30299798205897016,0.23911507502222623
97013,Calolziocorte,LC,Lombardia,2,13585.0,9.1002,111.0,2.0,133.0,246.0,4,135.0,0.5487804878048781,0.008130081300813009,181.08207581891793,27.032372914880995,1492.8243335311313,0.6327533469795705,0.11829836673455477,0.37552585685706263,0.4784168529060658,0.2726348608080595
97016,Casatenovo,LC,Lombardia,2,13232.75,12.6588,77.0,4.0,109.0,190.0,4,113.0,0.5947368421052631,0.021052631578947368,143.58315542876576,15.009321578664645,1045.3400006319714,0.5524819706285555,0.2949478304444331,0.4237149005364943,0.4752217285733188,0.3722080724996698
97042,Lecco,LC,Lombardia,1,47049.25,45.2832,816.0,6.0,1021.0,1843.0,4,1027.0,0.5572436245252306,0.0032555615843733042,391.71718996583365,40.69942053565119,1039.000114832874,0.7892933751436406,0.09637513646820911,0.44283425580592484,0.5814179035410111,0.30425060807083854
97046,Mandello del Lario,LC,Lombardia,2,10014.0,43.331,28.0,2.0,33.0,63.0,1,35.0,0.5555555555555556,0.031746031746031744,62.91192330736968,1.453924442085343,231.10475179432737,0.27644346543801984,0.30543294872410187,0.2909382070810609,0.2851403104238444,0.29673610373827725
97048,Merate,LC,Lombardia,2,14830.75,11.0564,150.0,5.0,172.0,327.0,4,177.0,0.5412844036697247,0.01529051987767584,220.4878377694992,29.575630404109837,1341.372417785174,0.6715667768933271,0.15879783096194908,0.4151823039276381,0.5177360931139137,0.31262851474136244
97083,Valmadrera,LC,Lombardia,2,11217.0,12.4959,33.0,0.0,41.0,74.0,4,41.0,0.5540540540540541,0.0,65.9712935722564,5.921942397106251,897.6544306532542,0.36245449491282844,0.06619986228025175,0.2143271785965401,0.2735781051230554,0.15507625207002473
98010,Casalpusterlengo,LO,Lombardia,2,15584.5,25.6088,113.0,0.0,168.0,281.0,4,168.0,0.597864768683274,0.0,180.30735666848472,10.97279060323014,608.5603386335947,0.5678065068446496,0.14267347092984425,0.35523998888724695,0.44026659607020796,0.2702133817042859
98019,Codogno,LO,Lombardia,2,15613.25,20.8697,88.0,0.0,121.0,209.0,4,121.0,0.5789473684210527,0.0,133.86066321874048,10.014518656233678,748.1300641600022,0.5127803062765945,0.1096522824702537,0.31121629437342413,0.3918418991346923,0.23059068961215595
98031,Lodi,LO,Lombardia,2,45018.5,41.4211,633.0,5.0,835.0,1473.0,4,840.0,0.570264765784114,0.0033944331296673455,327.19881826360273,35.56158576184601,1086.8494559536082,0.7498151111766547,0.1201520431815688,0.43498357717911174,0.5609161907781288,0.30905096358009454
98050,Sant'Angelo Lodigiano,LO,Lombardia,2,13412.5,20.0412,40.0,0.0,61.0,101.0,4,61.0,0.6039603960396039,0.0,75.30288909599255,5.039618386124584,669.2463525138215,0.37363433592203266,0.1533136676229797,0.2634740017725062,0.3075381354323168,0.21940986811269558
99001,Bellaria-Igea Marina,RN,Emilia-Romagna,2,19474.0,18.2355,235.0,6.0,277.0,518.0,4,283.0,0.5463320463320464,0.011583011583011582,265.99568655643424,28.406130898522115,1067.916975130926,0.6993875354575526,0.13991141010114677,0.4196494727793497,0.5315446978506309,0.3077542477080685
99002,Cattolica,RN,Emilia-Romagna,2,16575.25,6.2313,316.0,1.0,374.0,691.0,4,375.0,0.5426917510853835,0.001447178002894356,416.8866231278563,110.89178823038532,2659.998716158747,0.8740606060333996,0.05731506656349862,0.4656878362984491,0.6290369441924294,0.3023387284044689
99003,Coriano,RN,Emilia-Romagna,2,10448.75,46.7666,163.0,0.0,235.0,398.0,4,235.0,0.5904522613065326,0.0,380.90680703433424,8.510347128078587,223.42334058922395,0.6730741841145145,0.1297345998559845,0.40140439198524946,0.5100723088369554,0.2927364751335435
99005,Misano Adriatico,RN,Emilia-Romagna,2,14073.25,22.3449,296.0,6.0,370.0,672.0,4,376.0,0.5595238095238095,0.008928571428571428,477.50164318831827,30.073976612112833,629.8193323756204,0.7996107994987719,0.14304554721029714,0.47132817335453453,0.6026412238122295,0.34001512289683955
99013,Riccione,RN,Emilia-Romagna,2,34480.5,17.5207,918.0,3.0,1118.0,2039.0,4,1121.0,0.5497793035801863,0.0014713094654242277,591.3487333420339,116.37662878766258,1967.986438897989,0.9351160551125726,0.06986914643533902,0.5024926007739557,0.6755419825094024,0.3294432190385091
99014,Rimini,RN,Emilia-Romagna,1,149807.25,135.8217,3421.0,24.0,4118.0,7563.0,4,4142.0,0.5476662699986777,0.0031733439111463705,504.84873061884525,55.683296557177535,1102.969923068258,0.8541557936646915,0.07903695229773927,0.46659637298121537,0.6216201412546059,0.31157260470782494
99018,Santarcangelo di Romagna,RN,Emilia-Romagna,2,22201.25,45.0584,324.0,2.0,405.0,731.0,4,407.0,0.5567715458276333,0.0027359781121751026,329.26073982320816,16.223390089306324,492.721667879907,0.6940016947779596,0.09162909864379597,0.3928153967108778,0.5132899159377105,0.272340877484045
99020,Verucchio,RN,Emilia-Romagna,2,10060.5,27.302,91.0,2.0,109.0,202.0,4,111.0,0.5495049504950495,0.009900990099009901,200.7852492420854,7.398725368104901,368.48948794960074,0.5586496262606917,0.13285065893591463,0.34575014259830317,0.43090993606325856,0.2605903491333478
100002,Carmignano,PO,Toscana,2,14633.5,38.4289,107.0,1.0,124.0,232.0,4,125.0,0.5387931034482759,0.004310344827586207,158.54033553148597,6.037123102664921,380.79414190882386,0.5066161795605406,0.07212454683554662,0.2893703631980436,0.3762686897430424,0.2024720366530448
100003,Montemurlo,PO,Toscana,2,19100.75,30.6959,226.0,0.0,269.0,495.0,4,269.0,0.5434343434343434,0.0,259.15212753425914,16.125932127743443,622.2573698767587,0.6542867552107325,0.04766267107538563,0.35097471314305906,0.4722995299701284,0.2296498963159897
100005,Prato,PO,Toscana,1,196418.75,97.6019,3169.0,21.0,3736.0,6926.0,4,3757.0,0.542448743863702,0.003032053133121571,352.61399433608045,70.9617333269127,2012.4480158685435,0.8132311228736167,0.0688631216215601,0.44104712224758835,0.5899207224979997,0.29217352199717705
101008,Cirò Marina,KR,Calabria,2,14096.25,41.7534,84.0,5.0,107.0,196.0,4,112.0,0.5714285714285714,0.025510204081632654,139.04407200496584,4.694228493966959,337.6072367759272,0.46916605755832635,0.2872425586611655,0.3782043081097459,0.4145890078891781,0.3418196083303138
101010,Crotone,KR,Calabria,2,58768.25,181.8574,635.0,17.0,971.0,1623.0,4,988.0,0.6087492298213185,0.010474430067775724,276.16953031611456,8.924574969179147,323.15567032191154,0.6235179553597293,0.2405619759978562,0.43203996567879277,0.5086311615511674,0.35544876980641815
101013,Isola di Capo Rizzuto,KR,Calabria,2,17715.25,126.6561,90.0,3.0,175.0,268.0,4,178.0,0.664179104477612,0.011194029850746268,151.28208746701287,2.115965989794412,139.86890485337855,0.4374286423123205,0.3427070379413163,0.3900678401268184,0.40901216100101917,0.37112351925261755
102047,Vibo Valentia,VV,Calabria,2,31150.25,46.5301,264.0,3.0,407.0,674.0,4,410.0,0.6083086053412463,0.004451038575667656,216.37065513117872,14.485247184080842,669.464497174947,0.617101482438664,0.19452758136347348,0.40581453190106875,0.49032931211610686,0.32129975168603064
103028,Domodossola,VB,Piemonte,2,17709.75,36.8912,125.0,2.0,148.0,275.0,4,150.0,0.5454545454545454,0.007272727272727273,155.2816951114499,7.454352257448932,480.0535086958408,0.5170746665035675,0.10605138570737226,0.3115630261054699,0.39376768226470893,0.22935836994623082
103050,Omegna,VB,Piemonte,2,14324.75,30.3724,102.0,0.0,122.0,224.0,4,122.0,0.5446428571428571,0.0,156.37271156564685,7.375116882432735,471.6370784001264,0.5175089581305464,0.04977218709617444,0.28364057261336045,0.37718792682023483,0.19009321840648602
103072,Verbania,VB,Piemonte,2,29962.0,37.4932,537.0,3.0,642.0,1182.0,4,645.0,0.5456852791878173,0.0025380710659898475,394.499699619518,31.525716663288275,799.131575859089,0.7716929188748138,0.07078310452586944,0.42123801170034164,0.5614199745701305,0.28105604883055274
108001,Agrate Brianza,MB,Lombardia,2,15638.25,11.2176,216.0,5.0,286.0,507.0,4,291.0,0.5739644970414202,0.009861932938856016,324.2050740971656,45.19683354728284,1394.08162173727,0.7659710141129553,0.17525311021062573,0.4706120621617905,0.5887556429422565,0.3524684813813246
108004,Arcore,MB,Lombardia,1,17864.5,9.2455,212.0,2.0,247.0,461.0,4,249.0,0.5401301518438177,0.004338394793926247,258.0536818830642,49.862095073278894,1932.2373046346872,0.7357931427962953,0.07466987716901688,0.40523150998265606,0.5374561631081117,0.2730068568572004
108007,Bernareggio,MB,Lombardia,2,11493.25,5.9345,76.0,0.0,86.0,162.0,4,86.0,0.5308641975308642,0.0,140.95229808800818,27.29800320161766,1936.6837981295812,0.5924750127771031,0.02572090576462746,0.3090979592708653,0.4224487806733604,0.19574713786837014
108008,Besana in Brianza,MB,Lombardia,2,15451.25,15.7574,126.0,1.0,152.0,279.0,4,153.0,0.5483870967741935,0.0035842293906810036,180.56791521721544,17.705966720398035,980.5710332922944,0.6017394718906638,0.08339551580083804,0.3425674938457509,0.44623628506371604,0.23889870262778576
108009,Biassono,MB,Lombardia,1,12318.5,4.8949,132.0,2.0,165.0,299.0,4,167.0,0.5585284280936454,0.006688963210702341,242.72435767341804,61.0839853725306,2516.5989090686226,0.7408063630247712,0.12448342387391928,0.43264489344934526,0.5559094812795157,0.30938030561917484
108010,Bovisio-Masciago,MB,Lombardia,1,16812.25,4.9447,125.0,1.0,161.0,287.0,4,162.0,0.5644599303135889,0.003484320557491289,170.70885812428438,58.04194389952879,3400.0546039193478,0.679348225638648,0.11069763968996923,0.39502293266430866,0.5087530498540443,0.28129281547457285
108012,Brugherio,MB,Lombardia,1,35148.0,10.4119,370.0,5.0,477.0,852.0,4,482.0,0.5657276995305164,0.005868544600938967,242.40355069989758,81.82944515410253,3375.752744455863,0.7623609739582238,0.13087747109270176,0.44661922252546277,0.5729159230985672,0.32032252195235833
108015,Carate Brianza,MB,Lombardia,1,17871.5,9.9166,154.0,1.0,207.0,362.0,4,208.0,0.574585635359116,0.0027624309392265192,202.55714405617883,36.50444708871992,1802.1801827239174,0.6730924709311116,0.12292413223999357,0.39800830158555256,0.5080419693237761,0.28797463384732896
108019,Cesano Maderno,MB,Lombardia,1,39436.25,11.4892,375.0,6.0,455.0,836.0,4,461.0,0.5514354066985646,0.007177033492822967,211.98770167041744,72.76398704870661,3432.4626605855933,0.7316298941089924,0.11577195476409124,0.42370092443654184,0.546872512305522,0.30052933656756153
108021,Concorezzo,MB,Lombardia,2,15926.5,8.5081,115.0,1.0,149.0,265.0,4,150.0,0.5660377358490566,0.0037735849056603774,166.38935108153078,31.146789529977312,1871.9220507516366,0.6292434835720369,0.11563386522578217,0.37243867439890954,0.4751605980681604,0.26971675072965856
108023,Desio,MB,Lombardia,1,41613.75,14.7673,446.0,1.0,577.0,1024.0,4,578.0,0.564453125,0.0009765625,246.07251209035476,69.34239840729178,2817.9660466029673,0.7524839191127684,0.09174183687115314,0.42211287799196073,0.5542612944402837,0.2899644615436377
108024,Giussano,MB,Lombardia,1,26171.0,10.2807,362.0,2.0,479.0,843.0,4,481.0,0.5705812574139977,0.002372479240806643,322.1122616636735,81.99830750824361,2545.6437791200988,0.8091546554750753,0.11298955406729332,0.46107210477118427,0.6003051250527406,0.3218390844896279
108027,Limbiate,MB,Lombardia,1,35049.0,12.2859,260.0,2.0,348.0,610.0,4,350.0,0.5737704918032787,0.003278688524590164,174.0420554081429,49.65041226121001,2852.782457939589,0.6709366877093651,0.1253980633707536,0.3981673755400593,0.5072751004077817,0.289059650672337
108028,Lissone,MB,Lombardia,1,46547.5,9.2957,611.0,2.0,754.0,1367.0,4,756.0,0.5530358449158742,0.001463057790782736,293.6785004565229,147.0572415202728,5007.422786879955,0.837696737734281,0.0754912067903157,0.45659397226229836,0.6090350784510914,0.3041528660735053
108030,Meda,MB,Lombardia,1,23480.0,8.3083,212.0,1.0,266.0,479.0,4,267.0,0.55741127348643,0.0020876826722338203,204.00340715502557,57.65319018331067,2826.089573077525,0.7080283846081222,0.08784935479099941,0.3979388696995608,0.5219746756629854,0.27390306373613627
108033,Monza,MB,Lombardia,1,122567.0,33.0874,2227.0,11.0,2705.0,4943.0,4,2716.0,0.5494638883269269,0.002225369208982399,403.2896293455824,149.39221576793582,3704.3406251322253,0.8909461704734911,0.07501700786503582,0.4829815891692635,0.6461674216909545,0.3197957566475724
108034,Muggiò,MB,Lombardia,1,23556.5,5.4761,122.0,0.0,149.0,271.0,4,149.0,0.5498154981549815,0.0,115.04255725595908,49.48777414583372,4301.69281057687,0.6030141788510095,0.05880126885833786,0.3309077238546737,0.43975030585320796,0.22206514185613935
108035,Nova Milanese,MB,Lombardia,1,23099.75,5.8455,224.0,2.0,272.0,498.0,4,274.0,0.5502008032128514,0.004016064257028112,215.5867487743374,85.19373877341545,3951.7149944401676,0.7461489361131022,0.08981845618326081,0.4179836961481815,0.5492497921341497,0.2867176001622132
108039,Seregno,MB,Lombardia,1,44957.75,13.0462,440.0,4.0,520.0,964.0,4,524.0,0.5435684647302904,0.004149377593360996,214.42354210341932,73.89124802624518,3446.0417592862286,0.7346474863940137,0.07924661326113418,0.4069470498275739,0.5380272244541499,0.275866875200998
108040,Seveso,MB,Lombardia,1,23918.0,7.4021,105.0,0.0,146.0,251.0,4,146.0,0.5816733067729084,0.0,104.94188477297432,33.90929601059159,3231.245187176612,0.5601563182784977,0.11441053269481626,0.33728342548665696,0.4264325826033932,0.24813426836992064
108044,Usmate Velate,MB,Lombardia,2,10586.5,9.7507,98.0,0.0,150.0,248.0,4,150.0,0.6048387096774194,0.0,234.26061493411422,25.43407140000205,1085.7169228875875,0.67050746756914,0.15484680429920958,0.4126771359341748,0.5158092685881609,0.3095450032801887
108045,Varedo,MB,Lombardia,1,13802.25,4.848,186.0,1.0,240.0,427.0,4,241.0,0.5644028103044496,0.00234192037470726,309.3698491188031,88.07755775577559,2846.9987623762377,0.8078683683204693,0.101973975448015,0.45492117188424214,0.5961000504587329,0.31374229330975123
108049,Villasanta,MB,Lombardia,1,14182.5,4.8648,167.0,0.0,193.0,360.0,4,193.0,0.5361111111111111,0.0,253.8339502908514,74.0009866798224,2915.330537740503,0.7624190726077532,0.034879633695680534,0.3986493531517169,0.5441572409341314,0.2531414653693023
108050,Vimercate,MB,Lombardia,2,25942.5,20.7175,372.0,1.0,504.0,877.0,4,505.0,0.5758266818700114,0.0011402508551881414,338.055314638142,42.33136237480391,1252.202244479305,0.7680020660344468,0.11283287098729164,0.4404174685108692,0.5714513075203002,0.30938362950143816
108053,Cornate d'Adda,MB,Lombardia,2,10867.25,13.8153,57.0,0.0,77.0,134.0,4,77.0,0.5746268656716418,0.0,123.30626423428191,9.699391254623496,786.6097732224417,0.4971708533547625,0.10211064706840683,0.29964075021158465,0.37865279146885583,0.22062870895431352
108054,Lentate sul Seveso,MB,Lombardia,1,15858.5,13.9779,201.0,2.0,286.0,489.0,4,288.0,0.588957055214724,0.00408997955010225,308.3519878929281,34.98379584916189,1134.540953934425,0.7388752043561515,0.15802662054455718,0.44845091245035434,0.5646206292126732,0.3322811956880355
109006,Fermo,FM,Marche,2,35851.25,124.6982,566.0,9.0,823.0,1398.0,4,832.0,0.5951359084406295,0.006437768240343348,389.9445626024197,11.211068002585442,287.5041500198078,0.6958016695814955,0.18649406775591107,0.44114786866870326,0.5430093890338201,0.3392863483035864
109018,Montegranaro,FM,Marche,2,12472.5,31.4182,78.0,2.0,110.0,190.0,4,112.0,0.5894736842105263,0.010526315789473684,152.33513730206454,6.047450204021873,396.98327720875164,0.5001954050641337,0.20730437185175887,0.3537498884579463,0.41232809510042123,0.2951716818154713
109033,Porto San Giorgio,FM,Marche,2,15621.5,8.8509,208.0,1.0,265.0,474.0,4,266.0,0.5611814345991561,0.002109704641350211,303.4279678648017,53.55387587702946,1764.9617553017208,0.7676579713351401,0.09459672220826894,0.43112734677170456,0.5657395965970787,0.29651509694633027
109034,Porto Sant'Elpidio,FM,Marche,2,25785.5,18.1489,446.0,4.0,617.0,1067.0,4,621.0,0.5820056232427366,0.0037488284910965324,413.7984526187198,58.79144190557003,1420.7748127985717,0.825514615820143,0.14331981609209105,0.484417215956117,0.6208561759017274,0.3479782560105066
109037,Sant'Elpidio a Mare,FM,Marche,2,16488.25,50.5171,205.0,5.0,281.0,491.0,4,286.0,0.5824847250509165,0.010183299389002037,297.7878185980926,9.719481126192912,326.3894799978621,0.6417019095921438,0.1925344713365683,0.41711819046435605,0.5069516781154711,0.32728470281324096
110001,Andria,BT,Puglia,1,97156.25,402.8825,752.0,14.0,1195.0,1961.0,4,1209.0,0.6165221825599184,0.0071392146863844975,201.8398198777742,4.86742412489994,241.152817508827,0.5324222803466817,0.2290996124499948,0.38076094639833824,0.4414254799776756,0.32009641281900086
110002,Barletta,BT,Puglia,1,92495.25,149.4477,1102.0,15.0,1875.0,2992.0,4,1890.0,0.6316844919786097,0.005013368983957219,323.476070392804,20.02038171213073,618.9138407616846,0.7061373314106844,0.23956859818117338,0.47285296479592887,0.5661667114418311,0.37953921815002667
110003,Bisceglie,BT,Puglia,1,53585.5,69.2714,548.0,3.0,822.0,1373.0,4,825.0,0.6008739985433358,0.0021849963583394027,256.22603129577965,19.82058973833357,773.558784722122,0.6671767289426155,0.16445072033384978,0.41581372463823263,0.5163589263599857,0.3152685229164795
110004,Canosa di Puglia,BT,Puglia,2,27848.25,150.9318,146.0,10.0,223.0,379.0,4,233.0,0.6147757255936676,0.026385224274406333,136.09472767588628,2.5110679127924,184.5088311409524,0.42914624913786636,0.36936420579642115,0.39925522746714376,0.41121163613543277,0.3872988187988547
110005,Margherita di Savoia,BT,Puglia,2,11167.25,35.8948,84.0,2.0,155.0,241.0,4,157.0,0.6514522821576764,0.008298755186721992,215.8096218854239,6.714064432731204,311.1105229726869,0.5640519175864941,0.2987833063195032,0.43141761195299866,0.48447133420639676,0.37836388969960044
110007,San Ferdinando di Puglia,BT,Puglia,2,13726.75,41.2303,95.0,3.0,158.0,256.0,4,161.0,0.62890625,0.01171875,186.49716793851422,6.209025886302064,332.92869564373774,0.5350231455650952,0.285064300431829,0.41004372299846215,0.4600354920251153,0.3600519539718089
110009,Trani,BT,Puglia,1,54962.25,103.5067,590.0,9.0,873.0,1472.0,4,882.0,0.5991847826086957,0.006114130434782609,267.8201856728937,14.221301616223878,531.0018578507478,0.6507797101165159,0.19112659184522687,0.4209531509808714,0.5128837746351291,0.3290225273266136
110010,Trinitapoli,BT,Puglia,2,13803.5,148.7656,176.0,7.0,341.0,524.0,4,348.0,0.6641221374045801,0.013358778625954198,379.613866048466,3.5223196760541415,92.78690772597966,0.6163792252165232,0.3587980978516996,0.4875886615341114,0.5391048870070762,0.43607243606114665
111009,Carbonia,SU,Sardegna,2,26117.0,145.541,193.0,14.0,324.0,531.0,4,338.0,0.6365348399246704,0.026365348399246705,203.31584791515107,3.648456448698305,179.44771576394282,0.5160293768813468,0.4071991235457064,0.4616142502135266,0.48338030088065465,0.4398481995463985
111034,Guspini,SU,Sardegna,2,10923.75,174.6685,73.0,9.0,110.0,192.0,4,119.0,0.6197916666666666,0.046875,175.7638173704085,1.0992251035533025,62.53989700489785,0.4321462099903201,0.5277706121131052,0.47995841105171266,0.4608335306271556,0.4990832914762696
111035,Iglesias,SU,Sardegna,2,25019.5,208.2296,164.0,6.0,224.0,394.0,4,230.0,0.583756345177665,0.015228426395939087,157.4771678091089,1.8921421354120644,120.1534267942694,0.4383646885253404,0.2324715075600282,0.3354180980426843,0.3765967342357467,0.2942394618496218
111071,Sant'Antioco,SU,Sardegna,2,10628.75,88.0162,49.0,3.0,79.0,131.0,4,82.0,0.6259541984732825,0.022900763358778626,123.25061742914265,1.4883623696546773,120.75901936234466,0.3869496213340127,0.3631304253148028,0.3750400233244078,0.3798038625282497,0.37027618412056573
111096,Villacidro,SU,Sardegna,2,13160.25,183.4761,77.0,1.0,127.0,205.0,4,128.0,0.624390243902439,0.004878048780487805,155.7721167910944,1.1173117370600312,71.72732579338671,0.4130334357498969,0.22581669056397763,0.3194250631569373,0.35686841219412113,0.2819817141197534
