city_id,year,city,province,region,residents,area (km2),degurba,collisions,injuries,fatalities,total_accidents,harmful_accidents,severity_index,fatality_rate,per_capita_accidents_rate,collision_density,resident_density,frequency_subscore,severity_subscore,risk_score_equal,risk_score_frequency_heavy,risk_score_severity_heavy
1008,2024,Alpignano,TO,Piemonte,16494.0,11.9193,2,20.0,24.0,0.0,44.0,24.0,0.5454545454545454,0.0,26.676367163817144,3.6914919500306227,1383.8060959955703,0.46770479820730965,0.06452043840960894,0.2661126183084593,0.3467494902679994,0.18547574634891914
1013,2024,Avigliana,TO,Piemonte,12139.0,23.2173,2,34.0,47.0,1.0,82.0,48.0,0.5853658536585366,0.012195121951219513,67.55086909959634,3.531849095286704,522.8428800937231,0.6130603433310537,0.18249622301773924,0.3977782831743965,0.48389110723705936,0.3116654591117336
1024,2024,Beinasco,TO,Piemonte,17351.0,6.7366,2,33.0,40.0,0.0,73.0,40.0,0.547945205479452,0.0,42.0725030257622,10.836326930499064,2575.6316242614967,0.6262274910720435,0.0680558048978067,0.3471416479849251,0.4587759852197724,0.23550731075007772
1028,2024,Borgaro Torinese,TO,Piemonte,11642.0,11.1093,2,14.0,22.0,1.0,37.0,23.0,0.6216216216216216,0.02702702702702703,31.781480845215597,3.330542878489194,1047.9508159830052,0.4879896626842119,0.3075542345124619,0.39777194859833687,0.4338590342326869,0.3616848629639869
1059,2024,Carmagnola,TO,Piemonte,28084.0,95.7163,2,71.0,102.0,2.0,175.0,104.0,0.5942857142857143,0.011428571428571429,62.31306081754736,1.8283197323757814,293.4087506516654,0.5561932726999774,0.1913247000066392,0.3737589863533083,0.446732700891976,0.30078527181464065
1063,2024,Caselle Torinese,TO,Piemonte,13738.0,23.5512,2,30.0,45.0,0.0,75.0,45.0,0.6,0.0,54.59309943223177,3.1845511056761437,583.3248411970515,0.5713240123337906,0.14194496450113975,0.35663448841746515,0.4425102979839953,0.27075867885093496
1078,2024,Chieri,TO,Piemonte,35819.0,54.1967,2,65.0,90.0,1.0,156.0,91.0,0.5833333333333334,0.00641025641025641,43.55230464278735,2.8784040356700684,660.907398420937,0.5279911348898125,0.1506143706625769,0.3393027527761947,0.41477810562164186,0.2638273999307476
1082,2024,Chivasso,TO,Piemonte,26058.0,51.2027,2,67.0,102.0,1.0,170.0,103.0,0.6058823529411764,0.0058823529411764705,65.23908204773966,3.3201374146285256,508.9184750022948,0.602991164822777,0.17996714440985398,0.3914791546163155,0.47608395869890013,0.3068743505337309
1086,2024,Ciriè,TO,Piemonte,18065.0,17.7329,2,42.0,49.0,0.0,91.0,49.0,0.5384615384615384,0.0,50.37365070578467,5.131704346158834,1018.7279012457071,0.5939283991254554,0.05459421711582296,0.32426130812063914,0.4321281445225656,0.21639447171871268
1090,2024,Collegno,TO,Piemonte,47814.0,18.1075,2,138.0,205.0,1.0,344.0,206.0,0.5988372093023255,0.0029069767441860465,71.94545530597732,18.997652906254313,2640.5633024989643,0.7613025811495391,0.1549799169184345,0.4581412490339868,0.5794057818802076,0.3368767161877658
1115,2024,Giaveno,TO,Piemonte,16295.0,71.7379,2,15.0,19.0,1.0,35.0,20.0,0.5714285714285714,0.02857142857142857,21.478981282602025,0.48788715588273424,227.14632014597584,0.3268268259807793,0.24390974620720457,0.2853682860939919,0.30195170204870686,0.268784870139277
1120,2024,Grugliasco,TO,Piemonte,36505.0,13.1375,2,61.0,76.0,0.0,137.0,76.0,0.5547445255474452,0.0,37.52910560197233,10.428163653663178,2778.686964795433,0.6047036587730253,0.07770709735463856,0.34120537806383194,0.4466046903475093,0.2358060657801546
1125,2024,Ivrea,TO,Piemonte,22532.0,30.1076,2,54.0,71.0,1.0,126.0,72.0,0.5714285714285714,0.007936507936507936,55.92046866678501,4.184989836453254,748.3824682140057,0.595126491934144,0.14138269135448675,0.3682545916443154,0.4590033517602468,0.27750583152838393
1130,2024,Leini,TO,Piemonte,16232.0,31.9192,2,35.0,48.0,1.0,84.0,49.0,0.5833333333333334,0.011904761904761904,51.74963035978315,2.631644903381037,508.5340484723928,0.5495435823431878,0.1781596801328893,0.36385163123803854,0.4381284116800982,0.28957485079597883
1156,2024,Moncalieri,TO,Piemonte,55439.0,47.5444,2,175.0,250.0,0.0,425.0,250.0,0.5882352941176471,0.0,76.66083443063548,8.93901279645973,1166.0468951127787,0.7065396820832401,0.12524555691277042,0.41589261949800527,0.5321514445320992,0.2996337944639113
1164,2024,Nichelino,TO,Piemonte,45830.0,20.6222,2,120.0,190.0,2.0,312.0,192.0,0.6153846153846154,0.00641025641025641,68.07767837660921,15.129326647981301,2222.362308580074,0.7323844367509585,0.19610955159242938,0.46424699417169396,0.5715019712033997,0.3569920171399881
1171,2024,Orbassano,TO,Piemonte,22811.0,22.2081,2,72.0,95.0,3.0,170.0,98.0,0.5764705882352941,0.01764705882352941,74.52544824865197,7.654864666495557,1027.147752396648,0.689105611056831,0.19704652868443726,0.44307606987063414,0.5414878863451128,0.34466425339615536
1189,2024,Pianezza,TO,Piemonte,15604.0,16.4634,2,39.0,58.0,1.0,98.0,59.0,0.6020408163265306,0.01020408163265306,62.804409125865156,5.952597883790712,947.7993610068394,0.6411108935039525,0.19620409623558038,0.41865749486976644,0.5076388543234408,0.329676135416092
1191,2024,Pinerolo,TO,Piemonte,35439.0,50.3375,2,82.0,116.0,1.0,199.0,117.0,0.5879396984924623,0.005025125628140704,56.15282598267445,3.953315122920288,704.0278122671964,0.591542517154177,0.15018513805633554,0.37086382760525627,0.45913530342482456,0.282592351785688
1194,2024,Piossasco,TO,Piemonte,18051.0,40.1458,2,29.0,38.0,0.0,67.0,38.0,0.5671641791044776,0.0,37.11705722674644,1.6689167982703046,449.6360765011533,0.46767588984618236,0.09533617018733265,0.2815060300167575,0.3559739739485274,0.20703808608498755
1197,2024,Poirino,TO,Piemonte,10197.0,75.619,2,19.0,28.0,0.0,47.0,28.0,0.5957446808510638,0.0,46.09198783956065,0.6215369153255135,134.84706224626086,0.45596811436074514,0.1359047532457721,0.2959364338032586,0.3599491060262532,0.231923761580264
1214,2024,Rivalta di Torino,TO,Piemonte,20057.0,25.1076,2,54.0,82.0,1.0,137.0,83.0,0.6058394160583942,0.0072992700729927005,68.30532981004139,5.4565151587567104,798.8417849575427,0.6477732014756469,0.1870276486377261,0.4174004250566865,0.5095495356242706,0.32525131448910233
1217,2024,Rivarolo Canavese,TO,Piemonte,12326.0,32.246,2,29.0,34.0,1.0,64.0,35.0,0.546875,0.015625,51.922764887230244,1.984742293617813,382.2489611114557,0.5318354581187752,0.14497459385234251,0.3384050259855589,0.41577719883884534,0.2610328531322723
1219,2024,Rivoli,TO,Piemonte,46560.0,29.5,2,166.0,239.0,3.0,408.0,242.0,0.5931372549019608,0.007352941176470588,87.62886597938144,13.830508474576272,1578.3050847457628,0.765402219774286,0.16926712547515452,0.4673346726247203,0.5865616914845466,0.34810765376489394
1248,2024,San Maurizio Canavese,TO,Piemonte,10275.0,17.3443,2,20.0,38.0,0.0,58.0,38.0,0.6551724137931034,0.0,56.447688564476884,3.3440380989719967,592.413645981677,0.5801783823130918,0.22025942767418238,0.4002189049936371,0.472202695921419,0.3282351140658552
1249,2024,San Mauro Torinese,TO,Piemonte,18411.0,12.5489,2,24.0,32.0,0.0,56.0,32.0,0.5714285714285714,0.0,30.416598772472977,4.462542533608524,1467.1405461833308,0.5026208785432288,0.10138926035795695,0.30200506945059286,0.3822513930876472,0.2217587458135385
1257,2024,Santena,TO,Piemonte,10480.0,16.1984,2,10.0,15.0,1.0,26.0,16.0,0.6153846153846154,0.038461538461538464,24.80916030534351,1.6050967996839194,646.9774792572106,0.4015500013694113,0.35471635520710076,0.37813317828825604,0.3874999075207181,0.3687664490557939
1265,2024,Settimo Torinese,TO,Piemonte,45586.0,31.3902,2,122.0,174.0,0.0,296.0,174.0,0.5878378378378378,0.0,64.93221603123766,9.429694618065511,1452.2366853349135,0.6842018556712126,0.12468138773748763,0.4044416217043501,0.5163457152910951,0.29253752811760514
1272,2024,Torino,TO,Piemonte,853196.0,129.9988,1,2968.0,4288.0,16.0,7272.0,4304.0,0.5918591859185919,0.0022002200220022,85.23246710017393,55.93897789825753,6563.106736369875,0.8860303827241055,0.14150848820859874,0.5137694354663521,0.6626738143694535,0.36486505656325074
1280,2024,Trofarello,TO,Piemonte,10497.0,12.3476,2,4.0,8.0,0.0,12.0,8.0,0.6666666666666666,0.0,11.431837667905116,0.9718487803297807,850.1247205934757,0.25599016612513237,0.2365749408352329,0.24628255348018263,0.2501655985381625,0.24239950842220273
1292,2024,Venaria Reale,TO,Piemonte,32035.0,20.4469,2,71.0,101.0,1.0,173.0,102.0,0.5895953757225434,0.005780346820809248,54.00343374434213,8.460940289237,1566.7411685879033,0.6454477098199776,0.15633552876158446,0.400891619290781,0.4987140555024596,0.30306918307910236
1309,2024,Vinovo,TO,Piemonte,15334.0,17.6327,2,11.0,17.0,0.0,28.0,17.0,0.6071428571428571,0.0,18.260075648884833,1.5879587357579952,869.6342590754678,0.3529896769522505,0.1520838905369354,0.25253678374459293,0.29271794102765597,0.21235562646152992
1314,2024,Volpiano,TO,Piemonte,15011.0,32.4806,2,29.0,42.0,1.0,72.0,43.0,0.5972222222222222,0.013888888888888888,47.96482579441742,2.216707819436833,462.15279274397636,0.5260631838317121,0.20778443344775785,0.366923808639735,0.4305795587165258,0.30326805856294414
2016,2024,Borgosesia,VC,Piemonte,12031.0,41.0898,2,28.0,38.0,0.0,66.0,38.0,0.5757575757575758,0.0,54.858282769512094,1.6062380444781919,292.7977259563201,0.5280667001624006,0.10753406401601505,0.31780038208920786,0.40190690931848494,0.23369385485993072
2158,2024,Vercelli,VC,Piemonte,45951.0,79.7747,2,174.0,234.0,2.0,410.0,236.0,0.5756097560975609,0.004878048780487805,89.22547931492242,5.139474043775784,576.0096872818074,0.6863018732814676,0.1319429891800855,0.4091224312307766,0.5199942080510529,0.29825065441050014
3008,2024,Arona,NO,Piemonte,13655.0,15.1698,2,33.0,45.0,0.0,78.0,45.0,0.5769230769230769,0.0,57.12193335774441,5.1417948819364785,900.1437065749054,0.6142984047927187,0.10918843423164593,0.3617434195121823,0.4627654136243968,0.26072142539996773
3024,2024,Borgomanero,NO,Piemonte,21208.0,32.2544,2,57.0,74.0,2.0,133.0,76.0,0.5714285714285714,0.015037593984962405,62.71218408147869,4.123468426013195,657.5226945781042,0.6124811889139697,0.17690025431854045,0.39469072161625507,0.48180690853534097,0.3075745346971692
3032,2024,Cameri,NO,Piemonte,10811.0,39.9852,2,20.0,26.0,1.0,47.0,27.0,0.574468085106383,0.02127659574468085,43.47423920081398,1.1754349109170394,270.37503876434283,0.47392911351424494,0.21221589789208353,0.3430725057031642,0.3954151488275965,0.2907298625787319
3068,2024,Galliate,NO,Piemonte,15700.0,29.3663,2,38.0,43.0,0.0,81.0,43.0,0.5308641975308642,0.0,51.59235668789809,2.7582637240646593,534.6264255285821,0.552241843253766,0.04381017422874689,0.29802600874125645,0.39971234254626026,0.1963396749362526
3106,2024,Novara,NO,Piemonte,102231.0,103.0499,1,413.0,552.0,3.0,968.0,555.0,0.5733471074380165,0.0030991735537190084,94.68752139761912,9.393507417280366,992.0533644380054,0.7448914762254846,0.11976744065936169,0.43232945844242315,0.5573542655556477,0.30730465132919854
3108,2024,Oleggio,NO,Piemonte,14241.0,37.7945,2,33.0,41.0,1.0,75.0,42.0,0.56,0.013333333333333334,52.66484095218032,1.9844157218642924,376.8008572675919,0.534106252445977,0.1521764705893481,0.34314136151766256,0.4195273178889883,0.2667554051463368
3149,2024,Trecate,NO,Piemonte,21084.0,38.2225,2,52.0,78.0,0.0,130.0,78.0,0.6,0.0,61.65812938721305,3.4011380731244687,551.6122702596639,0.5956146944400451,0.14194496450113975,0.3687798294705924,0.45951377545837346,0.27804588348281134
4003,2024,Alba,CN,Piemonte,30987.0,53.5852,2,49.0,58.0,0.0,107.0,58.0,0.5420560747663551,0.0,34.53060961048182,1.9968200174675097,578.2753446847264,0.4669426554136313,0.05969648039767554,0.2633195679056534,0.34476880290884454,0.18187033290246224
4025,2024,Borgo San Dalmazzo,CN,Piemonte,12517.0,22.3398,2,21.0,26.0,0.0,47.0,26.0,0.5531914893617021,0.0,37.54893345050731,2.103868432125623,560.3004503173707,0.4835629593537241,0.07550264069209567,0.2795328000229099,0.3611448637552356,0.1979207362905842
4029,2024,Bra,CN,Piemonte,29673.0,59.5299,2,81.0,101.0,2.0,184.0,103.0,0.5597826086956522,0.010869565217391304,62.009233983756275,3.0908837407756438,498.4553980436722,0.5897312156760002,0.13955236970760823,0.3646417926918042,0.4546775618854826,0.2746060234981258
4034,2024,Busca,CN,Piemonte,10175.0,76.7645,2,16.0,26.0,0.0,42.0,26.0,0.6190476190476191,0.0,41.27764127764128,0.5471279041744557,132.54824821369252,0.43393327379947805,0.16898210059659502,0.30145768719803656,0.3544479218386131,0.24846745255745992
4078,2024,Cuneo,CN,Piemonte,55751.0,119.669,2,220.0,296.0,2.0,518.0,298.0,0.5752895752895753,0.003861003861003861,92.91313160302057,4.328606406003225,465.87670992487614,0.6796898193449871,0.12636551789473882,0.40302766861986294,0.5136925289099126,0.29236280832981326
4089,2024,Fossano,CN,Piemonte,24097.0,130.1431,2,55.0,71.0,3.0,129.0,74.0,0.5736434108527132,0.023255813953488372,53.533634892310246,0.9912165915826502,185.15772253772963,0.4991019563668111,0.22084036611638108,0.3599711612415961,0.41562347929168203,0.30431884319151004
4130,2024,Mondovì,CN,Piemonte,22114.0,87.0516,2,44.0,68.0,1.0,113.0,69.0,0.6106194690265486,0.008849557522123894,51.09885140634891,1.2980806785860342,254.03324005532352,0.504950154270075,0.2015929986580876,0.35327157646408125,0.41394300758647873,0.29260014534168377
4203,2024,Saluzzo,CN,Piemonte,17560.0,79.9307,2,46.0,62.0,0.0,108.0,62.0,0.5740740740740741,0.0,61.503416856492024,1.3511704514035283,219.6903067282033,0.5369005727641042,0.10514441814899243,0.3210224954565483,0.40737372637957064,0.23467126453352594
4215,2024,Savigliano,CN,Piemonte,21792.0,110.7878,2,68.0,99.0,2.0,169.0,101.0,0.5976331360946746,0.011834319526627219,77.55139500734215,1.5254387215920886,196.7003587037562,0.5809863971328083,0.1981053324686885,0.3895458648007484,0.4661220777335724,0.31296965186792447
5005,2024,Asti,AT,Piemonte,73440.0,151.3147,1,302.0,397.0,7.0,706.0,404.0,0.5722379603399433,0.009915014164305949,96.13289760348583,4.665772723998396,485.3461031875952,0.6909179997184249,0.1524525742143395,0.4216852869663822,0.5293783720671993,0.31399220186556515
5080,2024,Nizza Monferrato,AT,Piemonte,10142.0,30.3635,2,12.0,14.0,0.0,26.0,14.0,0.5384615384615384,0.0,25.635969236836917,0.8562912707691801,334.01946415927017,0.3751972162178733,0.05459421711582296,0.21489571666684812,0.27901631648725816,0.15077511684643805
6001,2024,Acqui Terme,AL,Piemonte,19005.0,33.2966,2,40.0,48.0,0.0,88.0,48.0,0.5454545454545454,0.0,46.303604314654045,2.642912489563499,570.7789984562988,0.5319812478794257,0.06452043840960894,0.29825084314451733,0.39174300503848064,0.20475868125055396
6003,2024,Alessandria,AL,Piemonte,92522.0,203.721,1,420.0,532.0,5.0,957.0,537.0,0.5611285266457681,0.00522466039707419,103.43485873630055,4.697601130958517,454.1603467487397,0.7033125270328663,0.1131323574916411,0.4082224422622537,0.5262584761704987,0.29018640835400866
6039,2024,Casale Monferrato,AL,Piemonte,32428.0,86.2099,2,95.0,131.0,1.0,227.0,132.0,0.5814977973568282,0.004405286343612335,70.00123350191193,2.633108262508134,376.1516948749505,0.5982557002490656,0.13792004511252515,0.36808787268079535,0.4601550037081034,0.2760207416534873
6114,2024,Novi Ligure,AL,Piemonte,27395.0,55.1949,2,91.0,121.0,1.0,213.0,122.0,0.5727699530516432,0.004694835680751174,77.75141449169557,3.859052195039759,496.3320886531183,0.6422677771932039,0.1269895459655621,0.384628661579383,0.48768430782491135,0.28157301533385465
6121,2024,Ovada,AL,Piemonte,10816.0,35.3721,2,27.0,38.0,0.0,65.0,38.0,0.5846153846153846,0.0,60.09615384615385,1.837606475159801,305.7777174665909,0.5506595085146772,0.12010727765481063,0.3353833930847439,0.4214938392567172,0.24927294691277058
6174,2024,Tortona,AL,Piemonte,26462.0,98.8665,2,107.0,151.0,1.0,259.0,152.0,0.5868725868725869,0.003861003861003861,97.87619983372383,2.6196942341440224,267.6538564630082,0.6521609238258005,0.14280701957440764,0.3974839717001041,0.4993547525503826,0.29561319084982546
6177,2024,Valenza,AL,Piemonte,18218.0,48.4945,2,27.0,31.0,1.0,59.0,32.0,0.5423728813559322,0.01694915254237288,32.38555275002745,1.216632814030457,375.67146789842144,0.4286953196828821,0.14517578091389974,0.2869355502983909,0.3436394580521873,0.23023164254459444
7003,2024,Aosta,AO,Valle d'Aosta,33096.0,21.3922,2,94.0,105.0,1.0,200.0,106.0,0.53,0.005,60.430263475948756,9.349202045605407,1547.1059545067828,0.6718958876073584,0.06781617345126369,0.36985603052931104,0.49067197336053,0.2490400876980921
8008,2024,Bordighera,IM,Liguria,10218.0,10.6993,2,38.0,40.0,1.0,79.0,41.0,0.5189873417721519,0.012658227848101266,77.31454296339793,7.383660613311152,955.0157486938399,0.692084994038527,0.09058942939815258,0.3913372117183398,0.5116363246464146,0.2710380987902649
8031,2024,Imperia,IM,Liguria,42580.0,45.4686,2,229.0,290.0,1.0,520.0,291.0,0.5596153846153846,0.0019230769230769232,122.12306247064349,11.436463845379008,936.4704433389196,0.8028772452663003,0.09434081411065587,0.4486090296884781,0.5903163159196069,0.3069017434573492
8055,2024,Sanremo,IM,Liguria,53059.0,56.0067,2,358.0,443.0,3.0,804.0,446.0,0.554726368159204,0.0037313432835820895,151.52942950300607,14.355425333040511,947.368796947508,0.8575697029085612,0.09652359023558596,0.4770466465720736,0.6292558691066685,0.3248374240374785
8059,2024,Taggia,IM,Liguria,13859.0,31.3633,2,54.0,66.0,1.0,121.0,67.0,0.5537190082644629,0.008264462809917356,87.30788657190274,3.8580123902778087,441.88589848644756,0.6610095786487573,0.11789069662795042,0.38945013763835384,0.4980739140425152,0.28082636123419247
8065,2024,Ventimiglia,IM,Liguria,23024.0,53.8308,2,123.0,168.0,1.0,292.0,169.0,0.5787671232876712,0.003424657534246575,126.82418346073662,5.424403872875751,427.71053003113457,0.7475832906416666,0.12910219630898911,0.43834274347532787,0.5620389623418633,0.31464652460879233
9002,2024,Albenga,SV,Liguria,23539.0,36.5893,2,172.0,220.0,0.0,392.0,220.0,0.5612244897959183,0.0,166.53213815370236,10.713514606729289,643.3301538974508,0.8477593001043068,0.08690508030682022,0.4673321902055635,0.6195030341650608,0.3151613462460662
9015,2024,Cairo Montenotte,SV,Liguria,12862.0,100.4025,2,22.0,32.0,0.0,54.0,32.0,0.5925925925925926,0.0,41.98413932514383,0.5378352132666019,128.10437987101915,0.43608776389272536,0.1314305226862405,0.28375914328948293,0.3446905915307799,0.22282769504818595
9029,2024,Finale Ligure,SV,Liguria,11012.0,35.5308,2,83.0,112.0,1.0,196.0,113.0,0.576530612244898,0.00510204081632653,177.98764983654195,5.5163407522487535,309.9282875702208,0.8040533273697921,0.13437767910388598,0.469215503236839,0.6031506328900202,0.3352803735836578
9034,2024,Loano,SV,Liguria,10688.0,13.5303,2,55.0,69.0,0.0,124.0,69.0,0.5564516129032258,0.0,116.01796407185628,9.164615714359622,789.9307480248036,0.7757854872923247,0.08013022189580465,0.42795785459406466,0.5670889076733686,0.28882680151476064
9056,2024,Savona,SV,Liguria,58581.0,65.374,1,409.0,492.0,1.0,902.0,493.0,0.5465631929046563,0.0011086474501108647,153.9748382581383,13.797534187903448,896.0901887600576,0.8567332019869021,0.0716998064672844,0.4642165042270932,0.6212231833310167,0.3072098251231697
9065,2024,Varazze,SV,Liguria,12447.0,48.0095,2,45.0,75.0,1.0,121.0,76.0,0.628099173553719,0.008264462809917356,97.21217964168072,2.5203345171268183,259.2611878898968,0.6484684736577149,0.22346959584367418,0.43596903475069454,0.5209688103135026,0.35096925918788635
10001,2024,Arenzano,GE,Liguria,11156.0,24.305,2,16.0,20.0,0.0,36.0,20.0,0.5555555555555556,0.0,32.269630692004306,1.481176712610574,459.00020571898784,0.43861120756256816,0.07885831361174436,0.2587347605871563,0.330685339377321,0.18678418179699147
10015,2024,Chiavari,GE,Liguria,27452.0,12.2802,2,165.0,198.0,3.0,366.0,201.0,0.5491803278688525,0.00819672131147541,133.32361940842196,29.804074852201104,2235.468477712089,0.9014961912365923,0.11110835215735795,0.5063022716969752,0.664379839512822,0.34822470388112825
10025,2024,Genova,GE,Liguria,564080.0,240.6542,1,3872.0,4594.0,13.0,8479.0,4607.0,0.5433423752801038,0.001533199669772379,150.31555807686854,35.2331270345583,2343.9441322860766,0.9361056482890594,0.06927305488810351,0.5026893515885814,0.6760558702687726,0.32932283290839026
10028,2024,Lavagna,GE,Liguria,12367.0,13.8679,2,102.0,133.0,2.0,237.0,135.0,0.569620253164557,0.008438818565400843,191.63903937899246,17.08982614527073,891.7716453103931,0.9110545910626278,0.1413364978140199,0.5261955444383238,0.6801391630880455,0.3722519257886023
10046,2024,Rapallo,GE,Liguria,29496.0,33.6304,2,135.0,159.0,1.0,295.0,160.0,0.5423728813559322,0.003389830508474576,100.01356116083537,8.771825491222227,877.063609115562,0.7480282318959898,0.07726680592662338,0.4126475189113066,0.5467998041051798,0.2784952337174333
10059,2024,Sestri Levante,GE,Liguria,17240.0,33.6243,2,92.0,116.0,1.0,209.0,117.0,0.5598086124401914,0.004784688995215311,121.22969837587007,6.215742781262361,512.7244284639384,0.7510556968428302,0.10904401193322424,0.43004985438802723,0.5584521913699485,0.301647517406106
11002,2024,Arcola,SP,Liguria,10175.0,16.5379,2,17.0,24.0,0.0,41.0,24.0,0.5853658536585366,0.0,40.2948402948403,2.479153943366449,615.2534481403322,0.5054501227264563,0.12117253067170465,0.31331132669908046,0.3901668451100308,0.23645580828813012
11015,2024,La Spezia,SP,Liguria,92706.0,51.5856,1,524.0,598.0,3.0,1125.0,601.0,0.5342222222222223,0.0026666666666666666,121.35136884344055,21.808411649762725,1797.1294314692473,0.858254209327826,0.062049812169794494,0.4601520107488103,0.6193928901804164,0.30091113131720393
11026,2024,Santo Stefano di Magra,SP,Liguria,10034.0,13.8525,2,27.0,37.0,0.0,64.0,37.0,0.578125,0.0,63.78313733306757,4.620104674246527,724.3457859592132,0.6238164769042283,0.11089450351651546,0.36735549021037184,0.4699398848879144,0.2647710955328293
11027,2024,Sarzana,SP,Liguria,21768.0,34.5435,2,43.0,58.0,2.0,103.0,60.0,0.5825242718446602,0.019417475728155338,47.31716280779125,2.9817476515118617,630.1619696903904,0.5437256512115941,0.2144332521989643,0.37907945170527924,0.44493793150780514,0.3132209719027532
12026,2024,Busto Arsizio,VA,Lombardia,84005.0,30.6597,1,414.0,528.0,1.0,943.0,529.0,0.5609756097560976,0.0010604453870625664,112.25522290339862,30.756987185132274,2739.9159156808446,0.8763822986581693,0.0919139095287595,0.4841481040934644,0.6410417819193464,0.32725442626758244
12032,2024,Cardano al Campo,VA,Lombardia,14715.0,9.4198,1,31.0,37.0,0.0,68.0,37.0,0.5441176470588235,0.0,46.21134896364254,7.218836917981273,1562.1350771778593,0.6073341097342319,0.06262277845638513,0.33497844409530847,0.44392071035087777,0.22603617783973912
12034,2024,Caronno Pertusella,VA,Lombardia,18475.0,8.5453,1,43.0,51.0,0.0,94.0,51.0,0.5425531914893617,0.0,50.87956698240866,11.00019893976806,2162.007185236329,0.6579815777580634,0.060402112553676446,0.35919184515586994,0.47870773819674733,0.23967595211499254
12040,2024,Cassano Magnago,VA,Lombardia,21326.0,12.3236,1,66.0,88.0,0.0,154.0,88.0,0.5714285714285714,0.0,72.21232298602645,12.496348469603037,1730.5008276802232,0.7253318138072608,0.10138926035795695,0.41336053708260884,0.5381490477724695,0.2885720263927481
12042,2024,Castellanza,VA,Lombardia,13901.0,6.9206,1,68.0,78.0,1.0,147.0,79.0,0.5374149659863946,0.006802721088435374,105.74778792892597,21.240932867092447,2008.6408692887899,0.8335626535960177,0.08740806393713607,0.46048535876657687,0.609716276698353,0.3112544408348005
12050,2024,Cislago,VA,Lombardia,10467.0,11.1335,2,18.0,25.0,0.0,43.0,25.0,0.5813953488372093,0.0,41.081494219929304,3.862217631472583,940.1356267121749,0.5396704167347393,0.11553659901255568,0.32760350787364745,0.41243027141808414,0.24277674432921076
12067,2024,Fagnano Olona,VA,Lombardia,12394.0,8.6812,1,24.0,27.0,0.0,51.0,27.0,0.5294117647058824,0.0,41.14894303695336,5.874763857531216,1427.6828088282725,0.5721460429723344,0.04174851897092348,0.30694728097162893,0.4130267857719111,0.20086777617134674
12070,2024,Gallarate,VA,Lombardia,52902.0,20.9848,1,281.0,350.0,4.0,635.0,354.0,0.5574803149606299,0.006299212598425197,120.03326906355147,30.259997712630096,2520.9675574701687,0.885795824259484,0.11335907388399648,0.49957744907174023,0.6540647991468378,0.3450900989966427
12075,2024,Gerenzano,VA,Lombardia,10933.0,9.7868,2,18.0,25.0,0.0,43.0,25.0,0.5813953488372093,0.0,39.330467392298544,4.393673110720562,1117.1169330118119,0.5423558774947308,0.11553659901255568,0.3289462382536432,0.41431009395007823,0.2435823825572082
12083,2024,Induno Olona,VA,Lombardia,10421.0,12.3656,2,16.0,22.0,0.0,38.0,22.0,0.5789473684210527,0.0,36.464830630457726,3.0730413404929804,842.7411528757196,0.5041632518301409,0.11206181407984724,0.3081125329549941,0.3865328205050528,0.22969224540493532
12090,2024,Lonate Pozzolo,VA,Lombardia,11330.0,29.2578,2,40.0,53.0,2.0,95.0,55.0,0.5789473684210527,0.021052631578947368,83.84819064430714,3.246997381894743,387.2471614407098,0.6419613830015021,0.21746443222087214,0.4297129076111871,0.5146122977673131,0.3448135174550611
12092,2024,Luino,VA,Lombardia,14125.0,20.9338,2,35.0,43.0,0.0,78.0,43.0,0.5512820512820513,0.0,55.2212389380531,3.7260315852831303,674.7461043862079,0.584481888249265,0.07279228948776405,0.3286370888685145,0.4309750086208146,0.2262991691162143
12096,2024,Malnate,VA,Lombardia,16612.0,9.0011,2,28.0,42.0,0.0,70.0,42.0,0.6,0.0,42.138213339754394,7.776827276666186,1845.5522102854097,0.598663436894546,0.14194496450113975,0.37030420069784287,0.46164789517652416,0.27896050621916163
12108,2024,Olgiate Olona,VA,Lombardia,12744.0,7.2066,1,55.0,79.0,1.0,135.0,80.0,0.5925925925925926,0.007407407407407408,105.9322033898305,18.732828240779288,1768.3789859295646,0.8227173483935644,0.1687675384603751,0.4957424434269697,0.6265324054136076,0.3649524814403319
12118,2024,Samarate,VA,Lombardia,16184.0,16.0203,1,37.0,50.0,0.0,87.0,50.0,0.5747126436781609,0.0,53.75679683638161,5.430609913672029,1010.2182855502083,0.6088022766853555,0.10605083554682852,0.357426556116092,0.4579768443437974,0.2568762678883866
12119,2024,Saronno,VA,Lombardia,38732.0,11.0575,2,136.0,162.0,2.0,300.0,164.0,0.5466666666666666,0.006666666666666667,77.45533409067437,27.130906624463037,3502.7809179290075,0.8049689768959061,0.09985667305652951,0.4524128249762178,0.593435285744093,0.31139036420834243
12120,2024,Sesto Calende,VA,Lombardia,10957.0,25.0378,2,32.0,44.0,0.0,76.0,44.0,0.5789473684210527,0.0,69.36205165647532,3.035410459385409,437.61832109849905,0.606541617451984,0.11206181407984724,0.35930171576591563,0.4581976764403429,0.2604057550914882
12123,2024,Somma Lombardo,VA,Lombardia,17879.0,30.505,2,60.0,72.0,0.0,132.0,72.0,0.5454545454545454,0.0,73.82963252978355,4.327159482052123,586.1006392394689,0.6424540436574314,0.06452043840960894,0.3534872410335202,0.46907396208308466,0.23790051998395567
12127,2024,Tradate,VA,Lombardia,19056.0,21.4984,2,16.0,24.0,1.0,41.0,25.0,0.6097560975609756,0.024390243902439025,21.51553316540722,1.9071186692963198,886.3915454173334,0.3893878709046158,0.2777062052730048,0.3335470380888103,0.35588337121513247,0.3112107049624881
12130,2024,Uboldo,VA,Lombardia,10964.0,10.7362,2,21.0,30.0,0.0,51.0,30.0,0.5882352941176471,0.0,46.51587012039402,4.750284085616885,1021.2179355824221,0.575168031530804,0.12524555691277042,0.3502067942217872,0.4401912891453939,0.26022229929818047
12133,2024,Varese,VA,Lombardia,78992.0,54.8393,1,373.0,482.0,3.0,858.0,485.0,0.5652680652680653,0.0034965034965034965,108.61859428802917,15.645713931432384,1440.4268471698217,0.8109588714477406,0.11030318865851285,0.4606310300531267,0.6007621666109723,0.3204998934952812
13041,2024,Cantù,CO,Lombardia,40237.0,23.2534,2,119.0,138.0,4.0,261.0,142.0,0.5440613026819924,0.01532567049808429,64.86567089991799,11.224165068334093,1730.3706124695743,0.6988016208817388,0.13948941947051863,0.4191455201761287,0.5310079604583727,0.3072830798938847
13075,2024,Como,CO,Lombardia,83135.0,37.1193,1,406.0,509.0,3.0,918.0,512.0,0.5577342047930284,0.0032679738562091504,110.4228062789439,24.731069820820974,2239.6704679236946,0.8541408463455276,0.09845698626238618,0.4762989163039569,0.6274356883205852,0.32516214428732854
13095,2024,Erba,CO,Lombardia,16264.0,17.8017,2,43.0,63.0,1.0,107.0,64.0,0.5981308411214953,0.009345794392523364,65.78947368421052,6.010661903076672,913.6206092676542,0.6493743133191258,0.18635391929039619,0.41786411630476095,0.5104681951105069,0.325260037499015
13102,2024,Fino Mornasco,CO,Lombardia,10054.0,7.2966,2,31.0,38.0,1.0,70.0,39.0,0.5571428571428572,0.014285714285714285,69.6240302367217,9.593509305704027,1377.9020365649756,0.6969121346000958,0.15287350050088247,0.42489281755048913,0.5337005443703318,0.31608509073064645
13133,2024,Lomazzo,CO,Lombardia,10015.0,9.477,2,34.0,55.0,0.0,89.0,55.0,0.6179775280898876,0.0,88.86669995007489,9.391157539305688,1056.7690197319826,0.7345896452121582,0.16746316036651315,0.4510264027893357,0.5644516997584647,0.33760110582020664
13143,2024,Mariano Comense,CO,Lombardia,25430.0,13.8027,1,66.0,77.0,2.0,145.0,79.0,0.5448275862068965,0.013793103448275862,57.019268580416835,10.50519101335246,1842.393154962435,0.6723859728642129,0.13293490941615738,0.4026604411401851,0.5105506538297961,0.294770228450574
13165,2024,Olgiate Comasco,CO,Lombardia,12111.0,10.9517,2,25.0,28.0,0.0,53.0,28.0,0.5283018867924528,0.0,43.7618693749484,4.83943132116475,1105.8557118986093,0.5668181908585763,0.04017310316069993,0.3034956470096381,0.4088246645492134,0.19816662947006283
14045,2024,Morbegno,SO,Lombardia,12358.0,14.8161,2,22.0,31.0,0.0,53.0,31.0,0.5849056603773585,0.0,42.88719857582133,3.5771896787953645,834.0926424632663,0.540934489200692,0.1205193094820998,0.3307268993413959,0.4148099352851143,0.24664386339767744
14061,2024,Sondrio,SO,Lombardia,21331.0,20.8693,2,41.0,46.0,1.0,88.0,47.0,0.5340909090909091,0.011363636363636364,41.25451221227322,4.2167202541532305,1022.1234061516199,0.5468876632800045,0.10555639099883966,0.32622202713942205,0.414488281595655,0.23795577268318913
15002,2024,Abbiategrasso,MI,Lombardia,32658.0,47.7777,2,103.0,129.0,1.0,233.0,130.0,0.5579399141630901,0.004291845493562232,71.34545899932635,4.87675212494532,683.54064762431,0.6460553470534552,0.10390938762451117,0.3749823673389832,0.48341155922477197,0.2665531754531944
15009,2024,Arese,MI,Lombardia,19505.0,6.5849,1,45.0,55.0,1.0,101.0,56.0,0.5544554455445545,0.009900990099009901,51.78159446295821,15.33812206715364,2962.079910097344,0.6895043906806719,0.12714093622694853,0.40832266345381024,0.5207953543445548,0.29584997256306556
15010,2024,Arluno,MI,Lombardia,12564.0,12.3585,2,31.0,52.0,1.0,84.0,53.0,0.6309523809523809,0.011904761904761904,66.85768863419294,6.796941376380629,1016.6282315815026,0.6618598455070768,0.2457525203715272,0.45380618293930197,0.5370276479664118,0.37058471791219205
15012,2024,Bareggio,MI,Lombardia,17236.0,11.3841,1,55.0,64.0,0.0,119.0,64.0,0.5378151260504201,0.0,69.04154096077977,10.45317592080182,1514.0415140415141,0.7028121951138288,0.05367666724833013,0.3782444311810794,0.5080715367541792,0.24841732560797972
15027,2024,Bollate,MI,Lombardia,36365.0,13.0991,1,78.0,87.0,1.0,166.0,88.0,0.5301204819277109,0.006024096385542169,45.64828818919291,12.672626363643303,2776.1449259872816,0.6527049185656852,0.07313984000886022,0.3629223792872727,0.4788353949986377,0.24700936357590772
15032,2024,Bresso,MI,Lombardia,26513.0,3.3825,1,46.0,57.0,0.0,103.0,57.0,0.5533980582524272,0.0,38.848866593746465,30.450849963045087,7838.285291943829,0.7043734297169228,0.07579585483070568,0.3900846422738143,0.5158001572510577,0.2643691272965708
15036,2024,Buccinasco,MI,Lombardia,26432.0,12.0057,1,82.0,115.0,0.0,197.0,115.0,0.583756345177665,0.0,74.53087167070218,16.40887245225185,2201.620896740715,0.7541143393635359,0.11888791442988862,0.4365011268967123,0.5635464118834417,0.30945584190998277
15041,2024,Busto Garolfo,MI,Lombardia,14049.0,12.9872,2,26.0,39.0,0.0,65.0,39.0,0.6,0.0,46.26663819488931,5.004927929037822,1081.7574226931133,0.5783365421815091,0.14194496450113975,0.36014075334132445,0.44741906887739824,0.27286243780525055
15046,2024,Canegrate,MI,Lombardia,12714.0,5.2538,1,17.0,24.0,1.0,42.0,25.0,0.5952380952380952,0.023809523809523808,33.03445021236432,7.9942137119799,2419.962693669344,0.562110012065839,0.2542298240848725,0.40816991807535574,0.46974595567154903,0.3465938804791624
15051,2024,Carugate,MI,Lombardia,15691.0,5.3712,1,20.0,23.0,0.0,43.0,23.0,0.5348837209302325,0.0,27.404244471353007,8.00565981531129,2921.3211200476617,0.532605727773015,0.04951568529109521,0.29106070653205507,0.387678715028439,0.19444269803567113
15059,2024,Cassano d'Adda,MI,Lombardia,19683.0,18.5697,2,55.0,65.0,1.0,121.0,66.0,0.5454545454545454,0.008264462809917356,61.474368744601946,6.515991103787353,1059.9525032714582,0.6449067574803242,0.10615970782620321,0.3755332326532637,0.4832826425840879,0.2677838227224395
15060,2024,Cassina de' Pecchi,MI,Lombardia,13895.0,7.1469,1,17.0,23.0,0.0,40.0,23.0,0.575,0.0,28.787333573227777,5.596832192978774,1944.1995830360017,0.5114451132318558,0.10645872337585478,0.3089519183038553,0.3899491962750555,0.2279546403326551
15062,2024,Castano Primo,MI,Lombardia,10882.0,19.1728,2,20.0,34.0,0.0,54.0,34.0,0.6296296296296297,0.0,49.62323102370888,2.8164900275390137,567.5748977718434,0.5474206682355571,0.18400273176073678,0.36571169999814696,0.438395287293111,0.29302811270318285
15070,2024,Cernusco sul Naviglio,MI,Lombardia,34786.0,13.3101,1,78.0,109.0,1.0,188.0,110.0,0.5851063829787234,0.005319148936170213,54.04473063876272,14.124612136648109,2613.504030773623,0.6892038527514692,0.14764324123472966,0.41842354699309947,0.5267356692964473,0.3101114246897515
15072,2024,Cerro Maggiore,MI,Lombardia,15019.0,10.1211,1,56.0,68.0,0.0,124.0,68.0,0.5483870967741935,0.0,82.562088021839,12.25163272766794,1483.9296123939098,0.745289979812231,0.06868304733926113,0.40698651357574606,0.54230790007034,0.2716651270811521
15074,2024,Cesano Boscone,MI,Lombardia,23262.0,3.9495,1,50.0,61.0,4.0,115.0,65.0,0.5652173913043478,0.034782608695652174,49.43684979795375,29.117609824028357,5889.859475883023,0.7389431416076824,0.26555179544379764,0.50224746852574,0.596925737758517,0.4075691992929631
15076,2024,Cesate,MI,Lombardia,14308.0,5.7681,1,16.0,22.0,1.0,39.0,23.0,0.5897435897435898,0.02564102564102564,27.257478333799273,6.76132521974307,2480.539519079073,0.5179273374970259,0.255472909409744,0.38670012345338495,0.4391910090708413,0.33420923783592854
15077,2024,Cinisello Balsamo,MI,Lombardia,74702.0,12.724,1,348.0,461.0,4.0,813.0,465.0,0.5719557195571956,0.004920049200492005,108.83242751198095,63.89500157183276,5870.9525306507385,0.9378216605246044,0.12696771852229066,0.5323946895234475,0.6945654779239102,0.37022390112298476
15081,2024,Cologno Monzese,MI,Lombardia,46994.0,8.4029,1,146.0,171.0,0.0,317.0,171.0,0.5394321766561514,0.0,67.45541984083074,37.72507110640374,5592.593033357531,0.8123599269300819,0.05597198915660084,0.43416595804334135,0.5854435455980376,0.2828883704886451
15085,2024,Corbetta,MI,Lombardia,19111.0,18.6867,2,45.0,59.0,0.0,104.0,59.0,0.5673076923076923,0.0,54.41892104023861,5.56545564492393,1022.7059887513581,0.6127012821084814,0.09553987995269021,0.3541205810305858,0.457552861461744,0.2506883005994276
15086,2024,Cormano,MI,Lombardia,20744.0,4.4733,1,126.0,175.0,1.0,302.0,176.0,0.5827814569536424,0.0033112582781456954,145.5842653297339,67.51168041490622,4637.292379227863,0.9901485749279456,0.13422856351152584,0.5621885692197357,0.7333725715030197,0.39100456693645175
15087,2024,Cornaredo,MI,Lombardia,20708.0,11.0674,1,13.0,22.0,0.0,35.0,22.0,0.6285714285714286,0.0,16.901680509947848,3.162441043063412,1871.0808319930609,0.385207368665608,0.18250066864432254,0.2838540186549653,0.32439535865922237,0.24331267865070816
15093,2024,Corsico,MI,Lombardia,34694.0,5.366,1,114.0,155.0,0.0,269.0,155.0,0.5762081784386617,0.0,77.53502046463365,50.130450987700335,6465.52366753634,0.8607065082394287,0.10817367183172358,0.48444009003557614,0.6349466573171171,0.3339335227540351
15098,2024,Cusano Milanino,MI,Lombardia,19016.0,3.0817,1,50.0,62.0,1.0,113.0,63.0,0.5575221238938053,0.008849557522123894,59.42364324779133,36.66807281695168,6170.620112275692,0.789342201829138,0.12622399095836742,0.4577830963937527,0.5904067385679067,0.3251594542195986
15105,2024,Garbagnate Milanese,MI,Lombardia,26870.0,8.9162,1,75.0,98.0,0.0,173.0,98.0,0.5664739884393064,0.0,64.38407145515444,19.40288463695296,3013.615665866625,0.7452420859731708,0.09435647929266525,0.419799282632918,0.549976403969019,0.2896221612968169
15108,2024,Gorgonzola,MI,Lombardia,21306.0,10.5799,1,53.0,77.0,0.0,130.0,77.0,0.5923076923076923,0.0,61.01567633530461,12.287450732048507,2013.8186561309653,0.6966923679156577,0.1310261210779752,0.41385924449681644,0.5269924938643529,0.30072599512927994
15114,2024,Inzago,MI,Lombardia,11384.0,12.1607,2,28.0,39.0,0.0,67.0,39.0,0.582089552238806,0.0,58.85453267744202,5.5095512593847396,936.1303214453116,0.624518711968428,0.11652198578451775,0.3705203488764729,0.4721196941132549,0.26892100363969085
15116,2024,Lainate,MI,Lombardia,26356.0,12.871,1,97.0,133.0,1.0,231.0,134.0,0.5800865800865801,0.004329004329004329,87.64607679465776,17.94732344029213,2047.7041410923782,0.7882179144751571,0.13553264971104714,0.46187528209310214,0.592412335045924,0.3313382291402801
15118,2024,Legnano,MI,Lombardia,60679.0,17.6972,1,295.0,376.0,0.0,671.0,376.0,0.5603576751117735,0.0,110.58191466569983,37.91560246818706,3428.7344890717177,0.8928501824212726,0.08567468051112015,0.48926243146619636,0.6506975318482268,0.32782733108416584
15125,2024,Locate di Triulzi,MI,Lombardia,10316.0,12.6104,2,21.0,30.0,0.0,51.0,30.0,0.5882352941176471,0.0,49.437766576192324,4.0442809109941,818.054938780689,0.5727606042358027,0.12524555691277042,0.34900308057428653,0.43850609003889296,0.2595000711096801
15130,2024,Magenta,MI,Lombardia,24752.0,21.9919,2,75.0,94.0,0.0,169.0,94.0,0.5562130177514792,0.0,68.27731092436974,7.684647529317612,1125.505299678518,0.6752797304264833,0.07979154809235663,0.37753563925941996,0.49663327572624527,0.2584380027925946
15139,2024,Mediglia,MI,Lombardia,12312.0,21.9542,2,26.0,35.0,0.0,61.0,35.0,0.5737704918032787,0.0,49.545159194282,2.7785116287544067,560.8038552987583,0.5462377072998144,0.10471349840248012,0.32547560285114724,0.4137804446306141,0.2371707610716804
15140,2024,Melegnano,MI,Lombardia,18138.0,4.9986,2,68.0,74.0,0.0,142.0,74.0,0.5211267605633803,0.0,78.28867570845739,28.407954227183613,3628.6160124834955,0.8108288286600662,0.029988372781930908,0.42040860072099856,0.5765766918966256,0.2642405095453715
15142,2024,Melzo,MI,Lombardia,18330.0,9.8205,2,38.0,52.0,0.0,90.0,52.0,0.5777777777777777,0.0,49.09983633387889,9.164502825721705,1866.5037421719874,0.6368226485136557,0.11040163905644199,0.3736121437850488,0.47889634567649153,0.2683279418936061
15146,2024,Milano,MI,Lombardia,1365698.0,181.845,1,7743.0,9585.0,38.0,17366.0,9623.0,0.5541287573419326,0.002188183807439825,127.15842008994667,95.49891391019824,7510.231240891969,1.0,0.08789128515144323,0.5439456425757216,0.7263673855454329,0.3615238996060102
15154,2024,Nerviano,MI,Lombardia,16989.0,13.243,1,32.0,42.0,2.0,76.0,44.0,0.5789473684210527,0.02631578947368421,44.73482841838837,5.738880918220946,1282.8664199954692,0.583664543800808,0.24347550584172578,0.4135700248212669,0.4816078324130833,0.34553221722945043
15157,2024,Novate Milanese,MI,Lombardia,20296.0,5.4619,1,69.0,90.0,0.0,159.0,90.0,0.5660377358490566,0.0,78.34055971620023,29.110749006755892,3715.9230304472803,0.8131324752798148,0.09373724070829983,0.4534348579940573,0.5973139049083603,0.30955581107975433
15159,2024,Opera,MI,Lombardia,14396.0,7.6168,2,38.0,48.0,0.0,86.0,48.0,0.5581395348837209,0.0,59.738816337871626,11.29083079508455,1890.0325596050836,0.6860331878847292,0.08252614215182545,0.3842796650182773,0.504981074164858,0.2635782558716966
15166,2024,Paderno Dugnano,MI,Lombardia,47594.0,14.1139,1,142.0,171.0,2.0,315.0,173.0,0.5492063492063493,0.006349206349206349,66.18481321174939,22.31842368161883,3372.136687945926,0.7621149461714263,0.10186593214773293,0.4319904391595796,0.5640402419643182,0.2999406363548409
15168,2024,Parabiago,MI,Lombardia,28207.0,14.3077,1,88.0,107.0,2.0,197.0,109.0,0.5532994923857868,0.01015228426395939,69.84081965469564,13.76880980171516,1971.4559293247692,0.7283173599401187,0.1267588313140427,0.42753809562708067,0.5478498013522959,0.3072263899018655
15169,2024,Paullo,MI,Lombardia,11153.0,8.8211,2,18.0,27.0,1.0,46.0,28.0,0.6086956521739131,0.021739130434782608,41.244508204070655,5.214769133101314,1264.3547856843252,0.5631302099307915,0.2630909654993038,0.41311058771504766,0.47311843660134517,0.3531027388287501
15170,2024,Pero,MI,Lombardia,11816.0,5.0025,1,57.0,83.0,1.0,141.0,84.0,0.5957446808510638,0.0070921985815602835,119.32972241029114,28.18590704647676,2362.0189905047473,0.8784557798929473,0.17165856053419085,0.5250571702135691,0.6664166140853204,0.38369772634181776
15171,2024,Peschiera Borromeo,MI,Lombardia,24300.0,23.2213,2,42.0,55.0,0.0,97.0,55.0,0.5670103092783505,0.0,39.91769547325103,4.177199381602236,1046.453040958086,0.5409141397139544,0.0951177597172586,0.3180159497156065,0.4071752257149457,0.22885667371626733
15173,2024,Pieve Emanuele,MI,Lombardia,15739.0,12.9138,2,41.0,55.0,0.0,96.0,55.0,0.5729166666666666,0.0,60.99498062138636,7.433907912465735,1218.7737149406062,0.6543615945260872,0.10350153661541438,0.3789315655707508,0.4891035771528853,0.26875955398861623
15175,2024,Pioltello,MI,Lombardia,37184.0,13.0918,1,68.0,80.0,1.0,149.0,81.0,0.5436241610738255,0.006711409395973154,40.0709982788296,11.381169892604532,2840.251149574543,0.622618496593488,0.09576284535520557,0.35919067097434676,0.46456180122200325,0.2538195407266903
15181,2024,Rescaldina,MI,Lombardia,14321.0,8.0299,2,28.0,37.0,1.0,66.0,38.0,0.5757575757575758,0.015151515151515152,46.086167167097265,8.2192804393579,1783.459320788553,0.6175824521970513,0.18361283112963458,0.40059764166334294,0.4873915658768263,0.3138037174498596
15182,2024,Rho,MI,Lombardia,50879.0,22.241,1,208.0,284.0,4.0,496.0,288.0,0.5806451612903226,0.008064516129032258,97.48619273177539,22.301155523582572,2287.6219594442696,0.8246984022685542,0.15510764817052655,0.4899030252195404,0.6238211760391458,0.3559848743999348
15189,2024,Rozzano,MI,Lombardia,41559.0,12.2435,1,151.0,177.0,2.0,330.0,179.0,0.5424242424242425,0.006060606060606061,79.40518299285354,26.953077142973825,3394.3725241965126,0.8084005879169849,0.09078800676779586,0.44959429734239037,0.5931168135722281,0.30607178111255257
15192,2024,San Donato Milanese,MI,Lombardia,32161.0,12.8132,1,110.0,146.0,0.0,256.0,146.0,0.5703125,0.0,79.59951494045583,19.979396247619643,2509.98969812381,0.7821049976393258,0.0998050531648639,0.44095502540209486,0.5774150142969872,0.30449503650720244
15195,2024,San Giuliano Milanese,MI,Lombardia,39910.0,30.9043,1,155.0,209.0,2.0,366.0,211.0,0.5765027322404371,0.00546448087431694,91.70633926334251,11.843012137469543,1291.4060502907362,0.7593881839446414,0.13616210416156607,0.4477751440531037,0.5724203600097187,0.32312992809648866
15204,2024,Sedriano,MI,Lombardia,12998.0,7.7527,1,18.0,20.0,0.0,38.0,20.0,0.5263157894736842,0.0,29.23526696414833,4.901518180762831,1676.577192461981,0.5035312744596611,0.0373539380266157,0.2704426062431384,0.3636780735297474,0.1772071389565293
15205,2024,Segrate,MI,Lombardia,37078.0,17.3217,1,98.0,125.0,0.0,223.0,125.0,0.5605381165919282,0.0,60.14348130967151,12.874025066823695,2140.5520243394126,0.6983898099755058,0.08593080810607112,0.39216030904078847,0.5146521094146754,0.2696685086669015
15206,2024,Senago,MI,Lombardia,21566.0,8.5991,1,46.0,60.0,0.0,106.0,60.0,0.5660377358490566,0.0,49.151442084763055,12.326871416776175,2507.936877115047,0.6621844301969378,0.09373724070829983,0.3779608354526188,0.4916502733503464,0.2642713975548912
15209,2024,Sesto San Giovanni,MI,Lombardia,78792.0,11.6989,1,165.0,228.0,2.0,395.0,230.0,0.5822784810126582,0.005063291139240506,50.13199309574576,33.76385814050894,6734.992178751849,0.7545286201863349,0.14234144060863374,0.44843503039748434,0.5708724663130245,0.3259975944819441
15211,2024,Settimo Milanese,MI,Lombardia,19922.0,10.7192,1,30.0,39.0,0.0,69.0,39.0,0.5652173913043478,0.0,34.635076799518124,6.437047540861258,1858.534218971565,0.5519574211006275,0.09257280293552589,0.3222651120180767,0.414142035651097,0.23038818838505637
15213,2024,Solaro,MI,Lombardia,14110.0,6.676,2,29.0,44.0,0.0,73.0,44.0,0.6027397260273972,0.0,51.7363571934798,10.934691431995207,2113.5410425404434,0.6601557147124886,0.14583386763815726,0.4029947911753229,0.5058591605901891,0.3001304217604567
15220,2024,Trezzano sul Naviglio,MI,Lombardia,21738.0,10.7661,2,22.0,37.0,0.0,59.0,37.0,0.6271186440677966,0.0,27.141411353390374,5.480164590706012,2019.1155571655474,0.50047442834879,0.1804385141963641,0.34045647127257705,0.40446365410306223,0.2764492884420918
15221,2024,Trezzo sull'Adda,MI,Lombardia,12220.0,13.0531,2,28.0,37.0,1.0,66.0,38.0,0.5757575757575758,0.015151515151515152,54.00981996726678,5.056270158046747,936.1760807777463,0.6039795080526198,0.18361283112963458,0.3937961695911272,0.4778695049757242,0.30972283420653013
15242,2024,Vimodrone,MI,Lombardia,16938.0,4.742,1,30.0,37.0,0.0,67.0,37.0,0.5522388059701493,0.0,39.556027866336045,14.129059468578658,3571.910586250527,0.6391934438976613,0.07415035459014771,0.3566718992439045,0.4696805171054072,0.2436632813824018
15250,2024,Baranzate,MI,Lombardia,11970.0,2.7721,1,24.0,36.0,1.0,61.0,37.0,0.6065573770491803,0.01639344262295082,50.96073517126149,22.004978175390498,4318.026045236464,0.7187638114417845,0.23351712608298963,0.476140468762387,0.573189805834146,0.3790911316906281
16004,2024,Albino,BG,Lombardia,17567.0,31.8066,2,50.0,66.0,0.0,116.0,66.0,0.5689655172413793,0.0,66.03290260146866,3.6470418089327374,552.3067539441499,0.6117267096314432,0.09789307896630334,0.3548098942988732,0.45757662043190117,0.25204316816584527
16008,2024,Alzano Lombardo,BG,Lombardia,13439.0,13.6844,1,22.0,25.0,0.0,47.0,25.0,0.5319148936170213,0.0,34.97284024108937,3.4345678290608284,982.0671713776271,0.5054153803663542,0.045301584415257376,0.2753584823908058,0.36738124158102514,0.18333572320058644
16024,2024,Bergamo,BG,Lombardia,120389.0,40.243,1,893.0,1078.0,6.0,1977.0,1084.0,0.5483055134041477,0.0030349013657056147,164.21766108199253,49.126556171259594,2991.551325696394,0.9806910901649052,0.08389799096337042,0.5322945405641378,0.7116531604044447,0.35293592072383084
16030,2024,Bonate Sopra,BG,Lombardia,10583.0,6.151,1,21.0,28.0,1.0,50.0,29.0,0.58,0.02,47.24558253803269,8.128759551292474,1720.5332466265647,0.6206494452737933,0.2137402884285211,0.4171948668511572,0.4985766982202116,0.33581303548210273
16053,2024,Caravaggio,BG,Lombardia,16443.0,33.3882,2,56.0,79.0,0.0,135.0,79.0,0.5851851851851851,0.0,82.10180623973727,4.043344654698367,492.47937894226106,0.6545380782518668,0.12091608087134124,0.387727079561604,0.49445147903770914,0.2810026800854989
16062,2024,Castelli Calepio,BG,Lombardia,10427.0,10.1527,2,25.0,37.0,0.0,62.0,37.0,0.5967741935483871,0.0,59.46101467344395,6.106749928590425,1027.017443635683,0.6343336046601206,0.1373660946785224,0.38584984966932145,0.48524335166564103,0.2864563476730019
16079,2024,Cologno al Serio,BG,Lombardia,11174.0,18.5186,2,17.0,24.0,1.0,42.0,25.0,0.5952380952380952,0.023809523809523808,37.587256130302485,2.2679900208439085,603.3933450692817,0.4885178675911429,0.2542298240848725,0.3713738458380077,0.41823145453926175,0.3245162371367536
16091,2024,Dalmine,BG,Lombardia,23742.0,11.8076,2,84.0,109.0,0.0,193.0,109.0,0.5647668393782384,0.0,81.29053997135878,16.34540465462922,2010.7388461668754,0.7678155939326878,0.09193326716395064,0.42987443054831925,0.5650508959020666,0.2946979651945718
16133,2024,Martinengo,BG,Lombardia,11025.0,22.0512,2,17.0,24.0,0.0,41.0,24.0,0.5853658536585366,0.0,37.188208616780045,1.8593092439413728,499.9727905964301,0.4743900766628666,0.12117253067170465,0.2977813036672856,0.368424812865518,0.22713779446905324
16144,2024,Nembro,BG,Lombardia,11313.0,15.2349,1,32.0,51.0,0.0,83.0,51.0,0.6144578313253012,0.0,73.36692300892778,5.448017381144609,742.571332926373,0.6591976046876397,0.1624671280434732,0.4108323663655564,0.5101784616943896,0.3114862710367231
16153,2024,Osio Sotto,BG,Lombardia,12799.0,7.5856,2,40.0,44.0,1.0,85.0,45.0,0.5294117647058824,0.011764705882352941,66.41143839362451,11.205441889896646,1687.275891162202,0.7024590215845598,0.10092045286324723,0.4016897372239035,0.521997450968166,0.281382023479641
16170,2024,Ponte San Pietro,BG,Lombardia,11906.0,4.5806,1,21.0,25.0,0.0,46.0,25.0,0.5434782608695652,0.0,38.63598185788678,10.042352530236215,2599.2228092389646,0.6061492956572834,0.061715201957017254,0.33393224880715033,0.4428190675472035,0.2250454300670971
16183,2024,Romano di Lombardia,BG,Lombardia,20929.0,19.3832,2,39.0,54.0,0.0,93.0,54.0,0.5806451612903226,0.0,44.435950117062454,4.797969375541706,1079.7494737711008,0.5686039429211643,0.11447174556543536,0.34153784424329986,0.43236428371444563,0.25071140477215403
16194,2024,Scanzorosciate,BG,Lombardia,10053.0,10.6892,2,10.0,11.0,1.0,22.0,12.0,0.5454545454545454,0.045454545454545456,21.884014721973543,2.0581521535755716,940.4819818134192,0.3967575626587905,0.28940824740257115,0.34308290503068084,0.36455276808192466,0.32161304197943696
16198,2024,Seriate,BG,Lombardia,25595.0,12.5534,1,87.0,106.0,1.0,194.0,107.0,0.5515463917525774,0.005154639175257732,75.79605391678062,15.453980594898594,2038.8898625073684,0.7515888995406954,0.09917858109566802,0.4253837403181817,0.5558658040071871,0.2949016766291762
16207,2024,Stezzano,BG,Lombardia,13748.0,9.3738,2,38.0,50.0,2.0,90.0,52.0,0.5777777777777777,0.022222222222222223,65.46406750072738,9.601228957306535,1466.6410633894473,0.687035129609098,0.22159606398323162,0.4543155967961648,0.5474034099213381,0.3612277836709915
16219,2024,Treviglio,BG,Lombardia,31417.0,32.2199,2,152.0,205.0,0.0,357.0,205.0,0.5742296918767507,0.0,113.63274660215806,11.080108876812156,975.0806178790126,0.7884689844168875,0.10536530978375916,0.4469171471003233,0.583537882026949,0.31029641217369763
16220,2024,Treviolo,BG,Lombardia,10870.0,8.4155,2,25.0,33.0,1.0,59.0,34.0,0.576271186440678,0.01694915254237288,54.277828886844524,7.010872794248708,1291.6641910759909,0.6307895301704107,0.19329271803293022,0.4120411241016705,0.49954048652916655,0.32454176167417437
16222,2024,Urgnano,BG,Lombardia,10163.0,14.7781,2,21.0,29.0,0.0,50.0,29.0,0.58,0.0,49.19807143559972,3.3833848735629073,687.7068094003965,0.5589192939988591,0.11355597160091177,0.33623763279988544,0.4253102972794749,0.24716496832029594
17009,2024,Bagnolo Mella,BS,Lombardia,12471.0,31.3456,2,19.0,32.0,0.0,51.0,32.0,0.6274509803921569,0.0,40.89487611258119,1.6270226124240723,397.8548823439334,0.48168474915013026,0.18091024887400167,0.33129749901206595,0.3914523990672917,0.27114259895684023
17014,2024,Bedizzole,BS,Lombardia,12172.0,26.4435,2,24.0,33.0,1.0,58.0,34.0,0.5862068965517241,0.017241379310344827,47.65034505422281,2.19335564505455,460.3021536483446,0.5243300629736145,0.2088495260177387,0.36658979449567664,0.42968590188685174,0.3034936871045014
17023,2024,Botticino,BS,Lombardia,10772.0,18.4824,2,8.0,8.0,0.0,16.0,8.0,0.5,0.0,14.853323431117712,0.8656884387309008,582.8247413755789,0.2906684468355669,0.0,0.14533422341778346,0.20346791278489684,0.08720053405067008
17029,2024,Brescia,BS,Lombardia,199853.0,90.3504,1,860.0,1055.0,8.0,1923.0,1063.0,0.5527821112844514,0.004160166406656267,96.22072223083967,21.283801731923713,2211.9769253926934,0.8184279380088959,0.09592476631764567,0.4571763521632708,0.6016769865015208,0.3126757178250207
17032,2024,Calcinato,BS,Lombardia,13028.0,33.2958,2,44.0,65.0,2.0,111.0,67.0,0.6036036036036037,0.018018018018018018,85.20110531163647,3.3337538067864414,391.2805819352591,0.6464334752097771,0.23740433261597346,0.4419189039128753,0.523724732431636,0.3601130753941145
17039,2024,Carpenedolo,BS,Lombardia,12968.0,29.8419,2,26.0,43.0,0.0,69.0,43.0,0.6231884057971014,0.0,53.207896360271434,2.312185216088788,434.5567809020203,0.5454470352656493,0.17485973887821565,0.36015338707193245,0.4342708463494192,0.28603592779444575
17042,2024,Castel Mella,BS,Lombardia,10953.0,7.5282,2,11.0,13.0,1.0,25.0,14.0,0.56,0.04,22.824796859307952,3.3208469488058237,1454.9294652108074,0.43550332066155106,0.2835901623512267,0.3595467415063889,0.3899293731684538,0.329164109844324
17043,2024,Castenedolo,BS,Lombardia,11687.0,26.195,2,49.0,78.0,1.0,128.0,79.0,0.6171875,0.0078125,109.52340207067682,4.886428707768658,446.15384615384613,0.715626972674988,0.20571271408659675,0.46066984338079237,0.5626526950984706,0.35868699166311413
17046,2024,Cazzago San Martino,BS,Lombardia,10787.0,22.3414,2,21.0,29.0,0.0,50.0,29.0,0.58,0.0,46.35209047928061,2.2379976187705335,482.8256062735549,0.5211905003440023,0.11355597160091177,0.31737323597245704,0.3989001417210751,0.23584633022383888
17052,2024,Chiari,BS,Lombardia,19552.0,37.9591,2,36.0,50.0,0.0,86.0,50.0,0.5813953488372093,0.0,43.98527004909984,2.2655963919060254,515.0807052854257,0.5135803453529142,0.11553659901255568,0.3145584721827349,0.3941672214508066,0.23494972291466323
17061,2024,Concesio,BS,Lombardia,15670.0,19.0745,2,22.0,28.0,0.0,50.0,28.0,0.56,0.0,31.90810465858328,2.6213006894020814,821.5156360586122,0.4719864393641615,0.08516697870068395,0.2785767090324227,0.3559406011651182,0.2012128168997272
17065,2024,Darfo Boario Terme,BS,Lombardia,15877.0,36.0712,2,29.0,50.0,1.0,80.0,51.0,0.6375,0.0125,50.38735277445361,2.2178358357914347,440.15724456075765,0.5340061697490425,0.25802162724254185,0.39601389849579216,0.45121080699709226,0.340816989994492
17067,2024,Desenzano del Garda,BS,Lombardia,29313.0,59.2622,2,121.0,153.0,3.0,277.0,156.0,0.5631768953068592,0.010830324909747292,94.49732200730051,4.67414304565136,494.63232887067977,0.6882734872373703,0.1441739971547032,0.41622374219603675,0.5250436402125701,0.3074038441795033
17075,2024,Gardone Val Trompia,BS,Lombardia,11467.0,26.6562,2,22.0,31.0,0.0,53.0,31.0,0.5849056603773585,0.0,46.219586639923264,1.9882804000570224,430.18134617837507,0.5132672109215995,0.1205193094820998,0.31689326020184966,0.3954428404897496,0.23834367991394972
17077,2024,Gavardo,BS,Lombardia,12316.0,29.7959,2,8.0,9.0,1.0,18.0,10.0,0.5555555555555556,0.05555555555555555,14.615134784020785,0.6041099614376475,413.34546028144814,0.2741392444896424,0.3523921000489987,0.31326567226932056,0.29761510115744927,0.3289162433811918
17078,2024,Ghedi,BS,Lombardia,18504.0,60.84,2,31.0,37.0,1.0,69.0,38.0,0.5507246376811594,0.014492753623188406,37.28923476005188,1.1341222879684418,304.14201183431953,0.4476167611450367,0.14479574463051595,0.2962062528877763,0.35677045619068043,0.23564204958487217
17081,2024,Gussago,BS,Lombardia,16692.0,25.089,2,10.0,10.0,1.0,21.0,11.0,0.5238095238095238,0.047619047619047616,12.580877066858376,0.8370202080593089,665.3114910917135,0.2638841062672064,0.2691478164509843,0.26651596135909533,0.26546321932233974,0.26756870339585087
17088,2024,Leno,BS,Lombardia,14410.0,58.4516,2,27.0,37.0,1.0,65.0,38.0,0.5846153846153846,0.015384615384615385,45.10756419153366,1.1120311505587528,246.528751993102,0.47708630716924716,0.19734759744826977,0.3372169523087585,0.3931646942529539,0.281269210364563
17092,2024,Lonato del Garda,BS,Lombardia,17062.0,68.1952,2,69.0,109.0,2.0,180.0,111.0,0.6166666666666667,0.011111111111111112,105.49759699917946,2.6394819576744406,250.19356201022947,0.6648315068320065,0.2215051563859582,0.4431683316089824,0.5318336016981919,0.3545030615197727
17096,2024,Lumezzane,BS,Lombardia,21637.0,31.7179,2,17.0,24.0,0.0,41.0,24.0,0.5853658536585366,0.0,18.94902250774137,1.2926454777901437,682.1700049498863,0.34747821354517977,0.12117253067170465,0.2343253721084422,0.2795865086831372,0.18906423553374718
17103,2024,Manerbio,BS,Lombardia,13501.0,27.8838,2,58.0,103.0,4.0,165.0,107.0,0.6484848484848484,0.024242424242424242,122.21316939485965,5.917414412669722,484.18795142699344,0.7484415189542493,0.33194962932847294,0.5401955741413611,0.6234939520665164,0.45689719621620584
17107,2024,Mazzano,BS,Lombardia,12707.0,15.7266,2,21.0,28.0,0.0,49.0,28.0,0.5714285714285714,0.0,38.561422837805935,3.11574021085295,807.9940991695598,0.5140529360068633,0.10138926035795695,0.3077210981824101,0.3902538333121914,0.22518836305262885
17113,2024,Montichiari,BS,Lombardia,26271.0,81.6612,2,85.0,108.0,1.0,194.0,109.0,0.5618556701030928,0.005154639175257732,73.84568535647672,2.375669228470804,321.70724897503345,0.6000582520711519,0.11381208259063083,0.35693516733089137,0.45418440122699555,0.25968593343478713
17117,2024,Nave,BS,Lombardia,10567.0,27.2115,2,13.0,18.0,0.0,31.0,18.0,0.5806451612903226,0.0,29.336613986940474,1.1392242250519082,388.3284640685004,0.40970161914579406,0.11447174556543536,0.2620866823556147,0.3211326570716864,0.20304070763954296
17125,2024,Orzinuovi,BS,Lombardia,12449.0,47.8683,2,23.0,26.0,0.0,49.0,26.0,0.5306122448979592,0.0,39.36059121214555,1.0236419509362147,260.0677274939783,0.45130330931243456,0.043452540153410185,0.24737792473292236,0.32894807856472724,0.1658077709011175
17127,2024,Ospitaletto,BS,Lombardia,14855.0,9.2899,2,19.0,23.0,0.0,42.0,23.0,0.5476190476190477,0.0,28.273308650286097,4.521038977814616,1599.0484289389553,0.49203666556407594,0.06759284023863807,0.279814752901357,0.36470351796644457,0.1949259878362694
17133,2024,Palazzolo sull'Oglio,BS,Lombardia,20403.0,23.0394,2,50.0,71.0,0.0,121.0,71.0,0.5867768595041323,0.0,59.30500416605401,5.251872878633992,885.569936717102,0.6219905495497648,0.1231753824183445,0.37258296598405466,0.4723459994103387,0.2728199325577706
17161,2024,Rezzato,BS,Lombardia,13540.0,18.2064,2,102.0,142.0,0.0,244.0,142.0,0.5819672131147541,0.0,180.20679468242244,13.401880657351262,743.6945250021971,0.8798286245354303,0.11634833155831127,0.4980884780468708,0.6507845366422946,0.345392419451447
17166,2024,Rovato,BS,Lombardia,19649.0,26.0941,2,51.0,70.0,0.0,121.0,70.0,0.5785123966942148,0.0,61.58074202249478,4.637063550764349,753.0054686691627,0.6184308720982141,0.1114443936165973,0.3649376328574057,0.46633492855372904,0.2635403371610823
17170,2024,Salò,BS,Lombardia,10326.0,27.3048,2,38.0,56.0,0.0,94.0,56.0,0.5957446808510638,0.0,91.03234553554135,3.442618147724942,378.1752658873165,0.6594634375768201,0.1359047532457721,0.3976840954112961,0.5023958322775057,0.29297235854508646
17174,2024,Sarezzo,BS,Lombardia,13219.0,17.6791,2,32.0,36.0,0.0,68.0,36.0,0.5294117647058824,0.0,51.44110749678493,3.846349644495478,747.7190580968489,0.5754181942811771,0.04174851897092348,0.3085833566260503,0.415317291688101,0.20184942156399957
17188,2024,Travagliato,BS,Lombardia,13944.0,17.736,2,24.0,28.0,1.0,53.0,29.0,0.5471698113207547,0.018867924528301886,38.009179575444634,2.9882724402345513,786.1975642760486,0.5088242063186549,0.16152133973964644,0.33517277302915066,0.40463334634495235,0.265712199713349
17199,2024,Villa Carcina,BS,Lombardia,10728.0,14.2195,2,12.0,18.0,0.0,30.0,18.0,0.6,0.0,27.964205816554813,2.1097788248531946,754.4569077675023,0.4369118467394093,0.14194496450113975,0.2894284056202745,0.3484217820679284,0.2304350291726206
18102,2024,Mortara,PV,Lombardia,15603.0,51.9695,2,23.0,33.0,1.0,57.0,34.0,0.5964912280701754,0.017543859649122806,36.53143626225726,1.0967971598726176,300.23379097355183,0.44270119977638434,0.2249517471739885,0.3338264734751864,0.37737636399566554,0.29027658295470726
18110,2024,Pavia,PV,Lombardia,71610.0,63.2096,1,318.0,399.0,4.0,721.0,403.0,0.5589459084604715,0.005547850208044383,100.68426197458456,11.40649521591657,1132.8975345517135,0.7713140258505535,0.11166054457526776,0.44148728521291064,0.5734179814679679,0.3095565889578535
18153,2024,Stradella,PV,Lombardia,11608.0,18.835,2,30.0,49.0,0.0,79.0,49.0,0.620253164556962,0.0,68.0565127498277,4.194319086806477,616.29944252721,0.6269533155621418,0.1706933117418769,0.3988233136520094,0.49007531441606234,0.30757131288795636
18177,2024,Vigevano,PV,Lombardia,62771.0,81.3639,1,202.0,242.0,4.0,448.0,246.0,0.5491071428571429,0.008928571428571428,71.37053735005018,5.506127410313419,771.4846510553206,0.6555744124507872,0.11467556970889395,0.38512499107984055,0.4933047596282192,0.2769452225314619
18182,2024,Voghera,PV,Lombardia,39515.0,63.4413,2,138.0,188.0,0.0,326.0,188.0,0.5766871165644172,0.0,82.50031633556877,5.138608445917723,622.8592415350884,0.6735997834387835,0.10885350038430966,0.39122664191154655,0.5041758985224413,0.2782773853006518
19021,2024,Casalmaggiore,CR,Lombardia,15095.0,64.5302,2,51.0,74.0,3.0,128.0,77.0,0.6015625,0.0234375,84.7962901623054,1.98356738395356,233.92148172483584,0.6109424702426782,0.2613683128327083,0.4361553915376932,0.5060702230196872,0.36624056005569927
19035,2024,Crema,CR,Lombardia,34012.0,34.51,2,115.0,143.0,0.0,258.0,143.0,0.5542635658914729,0.0,75.8555803833941,7.476093885830195,985.5694001738627,0.6900243044137262,0.07702439934170374,0.38352435187771494,0.5061243328921194,0.26092437086331044
19036,2024,Cremona,CR,Lombardia,70922.0,70.4899,1,310.0,373.0,6.0,689.0,379.0,0.5500725689404935,0.008708272859216255,97.14898057020388,9.774449956660456,1006.1299562064919,0.7523998463468665,0.11494116393421892,0.43367050514054273,0.5611622416230723,0.3061787686580132
20015,2024,Castel Goffredo,MN,Lombardia,12742.0,42.4042,2,11.0,17.0,0.0,28.0,17.0,0.6071428571428571,0.0,21.974572280646683,0.6603119502313449,300.4891024945642,0.340596885206501,0.1520838905369354,0.2463403878717182,0.28404298680563134,0.20863778893780507
20017,2024,Castiglione delle Stiviere,MN,Lombardia,23864.0,42.0226,2,70.0,104.0,2.0,176.0,106.0,0.6022727272727273,0.011363636363636364,73.75125712370098,4.188222527877857,567.8849000299839,0.6398245513251463,0.20233704861325322,0.4210807999691997,0.5085783005115783,0.3335832994268211
20021,2024,Curtatone,MN,Lombardia,14739.0,67.4705,2,40.0,54.0,0.0,94.0,54.0,0.574468085106383,0.0,63.776375602143965,1.3932014732364515,218.4510267450219,0.5443997522834624,0.10570369696893396,0.3250517246261982,0.41279093568910386,0.23731251356329247
20026,2024,Goito,MN,Lombardia,10102.0,78.8766,2,15.0,21.0,0.0,36.0,21.0,0.5833333333333334,0.0,35.63650762225302,0.45640912513977533,128.07347172672252,0.4048535744617382,0.11828747041761654,0.2615705224396774,0.3188837432485017,0.20425730163085304
20030,2024,Mantova,MN,Lombardia,49607.0,63.8077,2,267.0,326.0,3.0,596.0,329.0,0.552013422818792,0.0050335570469798654,120.14433446892576,9.340565480341715,777.4453553411266,0.7830585015306362,0.09923204109883721,0.4411452713147367,0.5779105634010964,0.3043799792283769
20045,2024,Porto Mantovano,MN,Lombardia,16691.0,37.4412,2,30.0,40.0,0.0,70.0,40.0,0.5714285714285714,0.0,41.93876939668085,1.8695981966389965,445.7923357157356,0.493930620720202,0.10138926035795695,0.29765994053907946,0.37616821261152844,0.21915166846663048
20057,2024,San Giorgio Bigarello,MN,Lombardia,11891.0,51.5351,2,44.0,60.0,0.0,104.0,60.0,0.5769230769230769,0.0,87.46110503742325,2.0180420722963572,230.73594501611524,0.6170214578093292,0.10918843423164593,0.36310494602048754,0.4646715507360242,0.2615383413049509
20065,2024,Suzzara,MN,Lombardia,21195.0,61.0989,2,52.0,74.0,2.0,128.0,76.0,0.59375,0.015625,60.391601792875676,2.094964066456188,346.8965889729602,0.5595239707682901,0.2115112959622518,0.38551763336527095,0.4551201683264786,0.3159150984040633
20066,2024,Viadana,MN,Lombardia,19739.0,103.8407,2,64.0,76.0,1.0,141.0,77.0,0.5460992907801419,0.0070921985815602835,71.4321900805512,1.3578490900003564,190.0892424646598,0.5613148572242952,0.10118942922156832,0.3312521432229317,0.4232772288234771,0.23922705762238636
20071,2024,Borgo Virgilio,MN,Lombardia,15137.0,69.9869,2,41.0,54.0,1.0,96.0,55.0,0.5729166666666666,0.010416666666666666,63.420757085287704,1.3716852725295732,216.28333302375157,0.5426580230604434,0.15592835473699396,0.3492931888987187,0.4266391225634086,0.2719472552340288
21004,2024,Appiano sulla strada del vino/Eppan an der Weinstraße,BZ,Trentino-Alto Adige/Südtirol,14963.0,59.4501,2,62.0,93.0,2.0,157.0,95.0,0.6050955414012739,0.012738853503184714,104.9254828577157,2.640870242438617,251.69007285101287,0.6639846020672598,0.21321846474384365,0.43860153340555175,0.528754760870235,0.3484483059408685
21008,2024,Bolzano/Bozen,BZ,Trentino-Alto Adige/Südtirol,106568.0,52.2909,1,660.0,846.0,3.0,1509.0,849.0,0.562624254473161,0.0019880715705765406,141.59972975001875,28.857793612272882,2037.9836644616942,0.9083885073828597,0.09893992878567072,0.5036642180842652,0.665553933803703,0.34177450236482737
21011,2024,Bressanone/Brixen,BZ,Trentino-Alto Adige/Südtirol,23108.0,84.6986,2,41.0,50.0,2.0,93.0,52.0,0.5591397849462365,0.021505376344086023,40.24580231954302,1.0980110651179595,272.82623325533126,0.45821387438949557,0.19159134124174118,0.32490260781561836,0.3782271144451692,0.2715781011860675
21013,2024,Brunico/Bruneck,BZ,Trentino-Alto Adige/Südtirol,17157.0,44.9974,2,44.0,55.0,0.0,99.0,55.0,0.5555555555555556,0.0,57.70239552369295,2.200127118455733,381.28869668025266,0.5552941731996957,0.07885831361174436,0.31707624340572,0.4123634153233102,0.22178907148812976
21040,2024,Laives/Leifers,BZ,Trentino-Alto Adige/Südtirol,18658.0,24.1083,2,41.0,52.0,0.0,93.0,52.0,0.5591397849462365,0.0,49.844570693536284,3.8575926133323377,773.924333113492,0.5705691124880747,0.08394594674798583,0.3272575296180303,0.42458216276604804,0.2299328964700125
21041,2024,Lana/Lana,BZ,Trentino-Alto Adige/Südtirol,12680.0,36.1238,2,29.0,42.0,1.0,72.0,43.0,0.5972222222222222,0.013888888888888888,56.782334384858046,1.9931457930782475,351.01512022544694,0.5464875911126947,0.20778443344775785,0.3771360122802263,0.4448766438132136,0.30939538074723894
21051,2024,Merano/Meran,BZ,Trentino-Alto Adige/Südtirol,41498.0,26.3397,2,141.0,158.0,1.0,300.0,159.0,0.53,0.0033333333333333335,72.29264060918598,11.389651362771785,1575.4925075076785,0.7175541824895826,0.059419254221027396,0.388486718355305,0.520113704009016,0.25685973270159396
22006,2024,Arco,TN,Trentino-Alto Adige/Südtirol,17653.0,63.2175,2,68.0,76.0,0.0,144.0,76.0,0.5277777777777778,0.0,81.57253724579391,2.277850278799383,279.2422984142049,0.6134175203685521,0.03942915680587218,0.3264233385872122,0.44122101129974817,0.21162566587467616
22123,2024,Mori,TN,Trentino-Alto Adige/Südtirol,10268.0,34.4832,2,19.0,30.0,0.0,49.0,30.0,0.6122448979591837,0.0,47.72107518504091,1.4209818114328139,297.76818856718637,0.49881518567170435,0.15932598056250385,0.32907058311710413,0.3969684241389442,0.261172742095264
22139,2024,Pergine Valsugana,TN,Trentino-Alto Adige/Südtirol,21577.0,54.3035,2,53.0,55.0,1.0,109.0,56.0,0.5137614678899083,0.009174311926605505,50.51675395096631,2.007237102580865,397.3408712145626,0.5281229298583229,0.06573624803318781,0.29692958894575533,0.38940692531078236,0.20445225258072833
22153,2024,Riva del Garda,TN,Trentino-Alto Adige/Südtirol,17782.0,40.7247,2,54.0,60.0,2.0,116.0,62.0,0.5344827586206896,0.017241379310344827,65.2345068046339,2.848394217759738,436.6391894845143,0.5922256267942366,0.13542971679301125,0.36382767179362396,0.45518685379386903,0.27246848979337884
22161,2024,Rovereto,TN,Trentino-Alto Adige/Südtirol,40263.0,50.9842,2,97.0,115.0,3.0,215.0,118.0,0.5488372093023256,0.013953488372093023,53.3989022179172,4.216992715390258,789.7152451151533,0.5882763608899034,0.1394266748095805,0.36385151784974196,0.45362145506580653,0.2740815806336774
22205,2024,Trento,TN,Trentino-Alto Adige/Südtirol,118640.0,157.8398,1,350.0,443.0,4.0,797.0,447.0,0.560853199498118,0.005018820577164366,67.17801753202967,5.049423529426672,751.6481901269515,0.6390296969070941,0.11170547791295583,0.37536758741002496,0.48083243120885255,0.2699027436111973
23012,2024,Bovolone,VR,Veneto,16265.0,41.2728,2,43.0,54.0,2.0,99.0,56.0,0.5656565656565656,0.020202020202020204,60.86689209960036,2.39867418735826,394.0852086604253,0.5694933633282118,0.19438241527439368,0.38193788930130274,0.45696007891206636,0.3069156996905391
23015,2024,Bussolengo,VR,Veneto,20943.0,24.2257,2,54.0,66.0,2.0,122.0,68.0,0.5573770491803278,0.01639344262295082,58.25335434273981,5.0359741926961865,864.4951435871823,0.6158401538433894,0.1637081271480028,0.38977414049569614,0.48020054583477345,0.2993477351566188
23021,2024,Castel d'Azzano,VR,Veneto,12234.0,9.7317,2,21.0,29.0,0.0,50.0,29.0,0.58,0.0,40.869707372895206,5.137848474572788,1257.1287647584697,0.560512064275085,0.11355597160091177,0.3370340179379984,0.42642523647283304,0.24764279940316375
23022,2024,Castelnuovo del Garda,VR,Veneto,13252.0,34.4299,2,41.0,65.0,0.0,106.0,65.0,0.6132075471698113,0.0,79.98792635073951,3.078719368920618,384.8980101597739,0.6305736978246693,0.1606924126427997,0.3956330552337345,0.4896093122701084,0.3016567981973606
23025,2024,Cerea,VR,Veneto,17084.0,70.2946,2,49.0,58.0,1.0,108.0,59.0,0.5462962962962963,0.009259259259259259,63.217045188480455,1.5363911310399376,243.03431558042865,0.5483836575199572,0.11234363450351617,0.3303636460117367,0.4175716506150249,0.24315564140844848
23038,2024,Grezzana,VR,Veneto,10792.0,49.4895,2,4.0,4.0,0.0,8.0,4.0,0.5,0.0,7.4128984432913265,0.16165045110579013,218.06645854171086,0.14281170546339295,0.0,0.07140585273169647,0.09996819382437505,0.04284351163901788
23040,2024,Isola della Scala,VR,Veneto,11806.0,69.8295,2,34.0,45.0,0.0,79.0,45.0,0.569620253164557,0.0,66.91512790106725,1.131327017950866,169.06894650541676,0.5413728701284973,0.09882244364003409,0.3200976568842657,0.40860774218195833,0.23158757158657306
23044,2024,Legnago,VR,Veneto,25881.0,79.2725,2,94.0,132.0,2.0,228.0,134.0,0.5877192982456141,0.008771929824561403,88.09551408369073,2.8761550348481504,326.4814406004605,0.6414650618015258,0.16869805979351132,0.40508156079751856,0.4996349611991215,0.3105281603959157
23052,2024,Negrar di Valpolicella,VR,Veneto,16467.0,40.4501,2,28.0,31.0,1.0,60.0,32.0,0.5333333333333333,0.016666666666666666,36.43650938240117,1.4833090647489129,407.09417282033917,0.458020942348791,0.13093908505336066,0.2944800137010758,0.35989638516016187,0.22906364224198975
23055,2024,Oppeano,VR,Veneto,10376.0,46.7256,3,37.0,61.0,1.0,99.0,62.0,0.6262626262626263,0.010101010101010102,95.41249036237471,2.1187528892084853,222.0624240245176,0.6341739253597555,0.23006952303938955,0.4321217241995725,0.5129426046636456,0.3513008437354993
23058,2024,Pescantina,VR,Veneto,17547.0,19.7213,2,26.0,33.0,5.0,64.0,38.0,0.59375,0.078125,36.4734712486465,3.245222170952219,889.7486474015404,0.5080518014491417,0.5136394247486732,0.5108456130989074,0.5097280884390012,0.5119631377588137
23059,2024,Peschiera del Garda,VR,Veneto,10899.0,18.2598,2,61.0,99.0,2.0,162.0,101.0,0.6234567901234568,0.012345679012345678,148.6374896779521,8.871948214109684,596.8849604048238,0.8133473189122566,0.2373168459701978,0.5253320824412272,0.640538177029639,0.4101259878528154
23069,2024,San Bonifacio,VR,Veneto,21309.0,33.792,2,63.0,89.0,0.0,152.0,89.0,0.5855263157894737,0.0,71.33136233516355,4.4981060606060606,630.5930397727273,0.6398292738373149,0.12140029858650112,0.38061478621190803,0.48430058126207076,0.27692899116174524
23071,2024,San Giovanni Lupatoto,VR,Veneto,25470.0,19.0111,2,50.0,58.0,0.0,108.0,58.0,0.5370370370370371,0.0,42.40282685512367,5.680891689591871,1339.7436234620827,0.5742876637915917,0.05257220907449629,0.313429936433044,0.41777302737646305,0.20908684548962492
23073,2024,San Martino Buon Albergo,VR,Veneto,16590.0,34.7085,2,51.0,75.0,1.0,127.0,76.0,0.5984251968503937,0.007874015748031496,76.55213984327908,3.6590460550009363,477.98089805090973,0.6358447577869739,0.1793893645287115,0.4076170611578427,0.49890813980949517,0.31632598250619015
23076,2024,San Pietro in Cariano,VR,Veneto,12940.0,20.231,2,33.0,48.0,0.0,81.0,48.0,0.5925925925925926,0.0,62.596599690880986,4.003756611141317,639.6124759033166,0.6099848647574615,0.1314305226862405,0.370707693721851,0.46641856213609517,0.2749968253076068
23077,2024,Sant'Ambrogio di Valpolicella,VR,Veneto,11880.0,23.4999,2,19.0,22.0,0.0,41.0,22.0,0.5365853658536586,0.0,34.51178451178451,1.7446882752692565,505.53406610240893,0.45868221457538555,0.05193108457358778,0.2553066495744867,0.3366568755748462,0.1739564235741271
23082,2024,Sommacampagna,VR,Veneto,14510.0,40.8235,2,55.0,78.0,0.0,133.0,78.0,0.5864661654135338,0.0,91.66092350103378,3.2579274192560654,355.43253273237224,0.6566293564558505,0.12273436780173737,0.38968186212879397,0.4964608598596165,0.2829028643979713
23083,2024,Sona,VR,Veneto,17583.0,41.1199,3,31.0,43.0,1.0,75.0,44.0,0.5866666666666667,0.013333333333333334,42.65483705852243,1.8239343967276185,427.6031799688229,0.4951479926814295,0.19002846112298533,0.3425882269022074,0.4036121332138962,0.28156432059051856
23089,2024,Valeggio sul Mincio,VR,Veneto,16059.0,63.9591,2,35.0,46.0,5.0,86.0,51.0,0.5930232558139535,0.05813953488372093,53.55252506382714,1.3446092893739905,251.08233230298737,0.5143531076746506,0.4179451620344573,0.46614913485455395,0.48543072398259257,0.4468675457265152
23091,2024,Verona,VR,Veneto,255039.0,198.8971,1,1230.0,1515.0,13.0,2758.0,1528.0,0.5540246555474981,0.004713560551124003,108.14032363677713,13.866466630232416,1282.2660561667315,0.7997289380275227,0.10047582831789462,0.4501023831727086,0.5899530051146342,0.310251761230783
23094,2024,Vigasio,VR,Veneto,10346.0,30.7626,2,13.0,18.0,0.0,31.0,18.0,0.5806451612903226,0.0,29.963270829306012,1.007717163048637,336.3174764161677,0.4071502748456124,0.11447174556543536,0.2608110102055239,0.3193467160615593,0.20227530434948848
23096,2024,Villafranca di Verona,VR,Veneto,32836.0,57.3351,2,101.0,140.0,1.0,242.0,141.0,0.5826446280991735,0.004132231404958678,73.69959800219272,4.220800173017925,572.7032829802338,0.6402934697293379,0.13817236160122576,0.38923291566528184,0.4896571372909042,0.28880869403965936
23097,2024,Zevio,VR,Veneto,15809.0,54.8718,2,42.0,48.0,2.0,92.0,50.0,0.5434782608695652,0.021739130434782608,58.194699221962175,1.6766353573237984,288.1079169992601,0.5400488385431906,0.17051816256377778,0.35528350055348423,0.42918963574936675,0.2813773653576016
24004,2024,Altavilla Vicentina,VI,Veneto,11776.0,16.7237,2,36.0,54.0,1.0,91.0,55.0,0.6043956043956044,0.01098901098901099,77.2758152173913,5.44137959901218,704.1503973403014,0.6674933893079452,0.2034760307255855,0.43548471001676536,0.5282881817332373,0.3426812383002934
24008,2024,Arzignano,VI,Veneto,25734.0,34.1902,2,68.0,89.0,0.0,157.0,89.0,0.5668789808917197,0.0,61.00878215590269,4.591959099391054,752.6718182403146,0.6161796765572316,0.09493134568547563,0.35555551112135364,0.45980517729570475,0.2513058449470024
24012,2024,Bassano del Grappa,VI,Veneto,42299.0,47.0587,2,148.0,174.0,1.0,323.0,175.0,0.541795665634675,0.0030959752321981426,76.36114328943947,6.863768017391045,898.8561094972874,0.6841245015900851,0.07496562699346522,0.37954506429177515,0.5013768392110991,0.2577132893724512
24018,2024,Caldogno,VI,Veneto,11353.0,15.8631,2,17.0,21.0,0.0,38.0,21.0,0.5526315789473685,0.0,33.4713291640976,2.3954964666427117,715.6860890998607,0.47360076942638957,0.07470787605323155,0.27415432273981055,0.35393290141444217,0.19437574406517896
24021,2024,Camisano Vicentino,VI,Veneto,11119.0,30.0208,2,14.0,17.0,0.0,31.0,17.0,0.5483870967741935,0.0,27.88020505441137,1.0326173852795395,370.37653893300643,0.39688803775146964,0.06868304733926113,0.23278554254536538,0.29842654062780705,0.16714454446292368
24026,2024,Cassola,VI,Veneto,15342.0,12.723,2,38.0,45.0,0.0,83.0,45.0,0.5421686746987951,0.0,54.09985660278973,6.523618643401713,1205.8476774345672,0.6244250135216854,0.0598563103318059,0.3421406619267457,0.45505440256472157,0.22922692128876976
24029,2024,Chiampo,VI,Veneto,12567.0,22.6041,2,26.0,33.0,2.0,61.0,35.0,0.5737704918032787,0.03278688524590164,48.53982652980027,2.6986254706004664,555.9610867055092,0.5409593120566625,0.26792580317709286,0.40444255761687764,0.4590492593927916,0.34983585584096377
24034,2024,Cornedo Vicentino,VI,Veneto,11698.0,23.5599,2,26.0,44.0,0.0,70.0,44.0,0.6285714285714286,0.0,59.83928876731065,2.971150132216181,496.5216320952126,0.581227680433541,0.18250066864432254,0.3818641745389318,0.46160957689677545,0.30211877218108807
24036,2024,Creazzo,VI,Veneto,11160.0,10.5283,2,14.0,15.0,0.0,29.0,15.0,0.5172413793103449,0.0,25.985663082437274,2.7544807803728997,1060.0001899641918,0.4428433397500381,0.024473269741575876,0.23365830474580698,0.31733231874749945,0.14998429074411454
24038,2024,Dueville,VI,Veneto,13563.0,20.0176,2,23.0,39.0,0.0,62.0,39.0,0.6290322580645161,0.0,45.712600457126,3.097274398529294,677.553752697626,0.5408533407526712,0.1831547929046965,0.36200406682868386,0.4335437763982788,0.2904643572590889
24048,2024,Isola Vicentina,VI,Veneto,10343.0,26.479,2,14.0,20.0,0.0,34.0,20.0,0.5882352941176471,0.0,32.872474137097555,1.2840364062086937,390.6114279240153,0.43385314636174255,0.12524555691277042,0.27954935163725647,0.3412708695270509,0.21782783374746206
24052,2024,Lonigo,VI,Veneto,15998.0,49.4233,2,29.0,40.0,0.0,69.0,40.0,0.5797101449275363,0.0,43.13039129891236,1.3961026479413556,323.69348060530154,0.48164333094522177,0.11314453692119841,0.2973939339332101,0.37109369273801474,0.2236941751284054
24055,2024,Malo,VI,Veneto,14701.0,30.5281,2,21.0,25.0,1.0,47.0,26.0,0.5531914893617021,0.02127659574468085,31.970614243928985,1.5395651874830076,481.55633662101474,0.43929555906117024,0.18201484161524525,0.31065520033820776,0.36211134382739274,0.2591990568490228
24057,2024,Marostica,VI,Veneto,14052.0,36.5245,2,38.0,51.0,0.0,89.0,51.0,0.5730337078651685,0.0,63.33617990321662,2.4367205574340507,384.7280592479021,0.5769397512117,0.10366767070307956,0.3403037109573898,0.4349581270591139,0.24564929485566567
24061,2024,Montecchio Maggiore,VI,Veneto,23799.0,30.5401,2,72.0,97.0,1.0,170.0,98.0,0.5764705882352941,0.0058823529411764705,71.43157275515779,5.566451976254171,779.2705328404295,0.6565708682375169,0.13821862543893051,0.3973947468382237,0.5010651953979409,0.2937242982785064
24086,2024,Romano d'Ezzelino,VI,Veneto,14077.0,21.3597,2,13.0,17.0,0.0,30.0,17.0,0.5666666666666667,0.0,21.311358954322653,1.4045141083442183,659.044836772052,0.3702420315692202,0.09462997633409317,0.2324360039516567,0.28755841499868207,0.17731359290463128
24087,2024,Rosà,VI,Veneto,14599.0,24.3246,2,56.0,69.0,1.0,126.0,70.0,0.5555555555555556,0.007936507936507936,86.3072813206384,5.1799412939986675,600.1743091356076,0.6815271320659286,0.11885174460827416,0.4001894383371014,0.5127245158286323,0.2876543608455705
24100,2024,Schio,VI,Veneto,38875.0,66.2059,2,104.0,130.0,2.0,236.0,132.0,0.559322033898305,0.00847457627118644,60.70739549839228,3.564636988546338,587.1833174988936,0.5965025097364649,0.12689808045177658,0.3617002950941207,0.4556211809510584,0.2677794092371831
24104,2024,Tezze sul Brenta,VI,Veneto,13069.0,17.9505,2,25.0,35.0,0.0,60.0,35.0,0.5833333333333334,0.0,45.910169102456194,3.3425252778474133,728.0577142697974,0.5469514358374794,0.11828747041761654,0.332619453127548,0.41835224621152056,0.2468866600435754
24105,2024,Thiene,VI,Veneto,24009.0,19.7034,2,84.0,110.0,1.0,195.0,111.0,0.5692307692307692,0.005128205128205128,81.21954267149819,9.896769085538537,1218.520661408691,0.7244400217034722,0.12414761487772724,0.42429381829059976,0.5443522996557487,0.3042353369254507
24108,2024,Torri di Quartesolo,VI,Veneto,11799.0,18.6733,2,21.0,28.0,0.0,49.0,28.0,0.5714285714285714,0.0,41.5289431307738,2.624067518863832,631.8647480627419,0.5140692065809535,0.10138926035795695,0.3077292334694552,0.39026522271405445,0.22519324422485587
24111,2024,Valdagno,VI,Veneto,25835.0,50.2157,2,35.0,42.0,0.0,77.0,42.0,0.5454545454545454,0.0,29.804528740081288,1.5333849772083235,514.4805309893121,0.4279372312007138,0.06452043840960894,0.2462288348051614,0.31891219336338233,0.1735454762469404
24116,2024,Vicenza,VI,Veneto,110468.0,80.5165,1,441.0,540.0,4.0,985.0,544.0,0.5522842639593909,0.0040609137055837565,89.16609334829997,12.233517353585912,1371.992076158303,0.7576227363108665,0.09471801912341313,0.42617037771713984,0.5587513211546304,0.2935894342796491
25006,2024,Belluno,BL,Veneto,35543.0,147.2211,2,112.0,156.0,2.0,270.0,158.0,0.5851851851851851,0.007407407407407408,75.9643249022311,1.8339762438943874,241.42599124717856,0.5883630972860359,0.15825309664547582,0.37330809696575584,0.4593300970938678,0.28728609683764383
25021,2024,Feltre,BL,Veneto,20631.0,99.7877,2,62.0,84.0,0.0,146.0,84.0,0.5753424657534246,0.0,70.76729193931462,1.4631061744082687,206.74892797408899,0.5638660257148123,0.10694483626798199,0.33540543099139714,0.42678966888076314,0.24402119310203105
25053,2024,Sedico,BL,Veneto,10129.0,91.2029,2,24.0,38.0,0.0,62.0,38.0,0.6129032258064516,0.0,61.210386020337644,0.6798029448624989,111.06006497600406,0.5048592589933784,0.16026044379160945,0.3325598513924939,0.40147961443284763,0.2636400883521401
25074,2024,Borgo Valbelluna,BL,Veneto,13580.0,167.6917,3,22.0,26.0,1.0,49.0,27.0,0.5510204081632653,0.02040816326530612,36.08247422680412,0.29220289376278014,80.98194484282764,0.3957098498510021,0.1746292789925946,0.28516956442179836,0.32938567859347984,0.24095345025011683
26008,2024,Carbonera,TV,Veneto,11254.0,19.8602,2,25.0,48.0,0.0,73.0,48.0,0.6575342465753424,0.0,64.86582548427226,3.675693094732178,566.6609601111771,0.6094212279369076,0.2236119303785078,0.4165165791577077,0.4936784386693876,0.3393547196460277
26009,2024,Casale sul Sile,TV,Veneto,13074.0,26.9182,2,27.0,36.0,1.0,64.0,37.0,0.578125,0.015625,48.95211870888787,2.3775735376065263,485.6936942291833,0.5338718206613516,0.18933239525894868,0.36160210796015013,0.43050999304063076,0.2926942228796695
26010,2024,Casier,TV,Veneto,11410.0,13.4065,2,13.0,15.0,0.0,28.0,15.0,0.5357142857142857,0.0,24.539877300613497,2.0885391414612315,851.0797001454519,0.4156638904136626,0.05069463017897846,0.23317926029632052,0.30617311234325734,0.1601854082493837
26012,2024,Castelfranco Veneto,TV,Veneto,33205.0,51.609,2,81.0,97.0,1.0,179.0,98.0,0.547486033519553,0.00558659217877095,53.9075440445716,3.4683872967893197,643.3955317870914,0.5753951107326744,0.09558874517535959,0.33549192795401694,0.4314532010654799,0.239530654842554
26021,2024,Conegliano,TV,Veneto,34578.0,36.3933,2,105.0,139.0,1.0,245.0,140.0,0.5714285714285714,0.004081632653061225,70.85430042223379,6.732008364176922,950.119939659223,0.670456553093693,0.12199679465496299,0.396226673874328,0.505918625562074,0.286534722186582
26043,2024,Mogliano Veneto,TV,Veneto,28017.0,46.2565,2,70.0,99.0,3.0,172.0,102.0,0.5930232558139535,0.01744186046511628,61.39129814041475,3.718396333488266,605.687849275237,0.6013892680919095,0.21952197838391452,0.410455623237912,0.486829081179511,0.33408216529631296
26046,2024,Montebelluna,TV,Veneto,31142.0,48.9883,2,96.0,123.0,1.0,220.0,124.0,0.5636363636363636,0.004545454545454545,70.64414616916062,4.490868227719679,635.7028106711194,0.638142967737814,0.11327261080760273,0.37570778927270837,0.48068186065875057,0.2707337178866661
26049,2024,Motta di Livenza,TV,Veneto,10577.0,37.7773,2,9.0,11.0,0.0,20.0,11.0,0.55,0.0,18.908953389429893,0.529418460292292,279.9829527255786,0.3094988944286263,0.07097248225056997,0.19023568833959814,0.23794097077520943,0.14253040590398686
26051,2024,Oderzo,TV,Veneto,20244.0,42.3532,2,46.0,55.0,2.0,103.0,57.0,0.5533980582524272,0.019417475728155338,50.87927287097412,2.4319295826525504,477.9804123419246,0.5415575880306129,0.173090058654943,0.35732382334277796,0.4310173292179119,0.283630317467644
26055,2024,Paese,TV,Veneto,22174.0,38.0826,2,41.0,53.0,0.0,94.0,53.0,0.5638297872340425,0.0,42.39199061964463,2.468318864783392,582.2606649756057,0.5132747471793875,0.09060316883051474,0.30193895800495113,0.38647327367472567,0.21740464233517656
26057,2024,Pieve di Soligo,TV,Veneto,11500.0,19.0375,2,19.0,23.0,0.0,42.0,23.0,0.5476190476190477,0.0,36.52173913043478,2.206172028890348,604.0709126723572,0.48215477516727134,0.06759284023863807,0.2748738077029547,0.35778619468868134,0.19196142071722805
26059,2024,Ponzano Veneto,TV,Veneto,13017.0,22.2843,2,20.0,26.0,0.0,46.0,26.0,0.5652173913043478,0.0,35.3384036260275,2.0642335635402502,584.1332238392051,0.47269415587484964,0.09257280293552589,0.2826334794051878,0.3586577499930525,0.20660920881732298
26063,2024,Preganziol,TV,Veneto,16759.0,23.0246,2,45.0,55.0,3.0,103.0,58.0,0.5631067961165048,0.02912621359223301,61.45951429082881,4.47347619502619,727.8736655577079,0.6153743177933089,0.2348254412137179,0.42509987950351336,0.5012096548194316,0.34899010418759513
26064,2024,Quinto di Treviso,TV,Veneto,10046.0,19.0993,2,20.0,32.0,1.0,53.0,33.0,0.6226415094339622,0.018867924528301886,52.75731634481385,2.7749708104485507,525.9878634295497,0.556243286007769,0.2686496148348463,0.4124464504213076,0.4699651846558921,0.35492771618672303
26068,2024,Riese Pio X,TV,Veneto,10956.0,30.6437,3,29.0,32.0,2.0,63.0,34.0,0.5396825396825397,0.031746031746031744,57.50273822562979,2.0558875070569154,357.5286274177074,0.5504466651623985,0.21443844340373777,0.3824425542830681,0.44964419863480026,0.31524090993133597
26069,2024,Roncade,TV,Veneto,14611.0,61.7761,2,29.0,37.0,0.0,66.0,37.0,0.5606060606060606,0.0,45.171446170693315,1.0683743389433777,236.51541615608625,0.47537050952686194,0.08602725121281192,0.2806988803698369,0.3585675320326469,0.20283022870702694
26071,2024,San Biagio di Callalta,TV,Veneto,12641.0,48.5044,2,36.0,48.0,0.0,84.0,48.0,0.5714285714285714,0.0,66.45043904754371,1.7318016509842407,260.61553178680697,0.5633334460211011,0.10138926035795695,0.33236135318952903,0.42475019032215783,0.23997251605690018
26081,2024,Silea,TV,Veneto,10542.0,18.9333,2,33.0,45.0,0.0,78.0,45.0,0.5769230769230769,0.0,73.98975526465566,4.119725562897118,556.7967549238643,0.6391103057086257,0.10918843423164593,0.3741493699701358,0.48013374426553174,0.26816499567473984
26082,2024,Spresiano,TV,Veneto,12399.0,25.6847,2,23.0,35.0,2.0,60.0,37.0,0.6166666666666667,0.03333333333333333,48.39099927413501,2.3360210553364453,482.7387510852765,0.5308700225556188,0.3314908505281622,0.4311804365418905,0.4710562709473818,0.3913046021363991
26083,2024,Susegana,TV,Veneto,11719.0,44.0817,2,51.0,67.0,1.0,119.0,68.0,0.5714285714285714,0.008403361344537815,101.5445003839918,2.6995329127506427,265.84727902962004,0.6601573309516852,0.1437254293795953,0.40194138016564024,0.5052277604800581,0.29865499985122224
26085,2024,Trevignano,TV,Veneto,10696.0,26.4946,2,13.0,20.0,1.0,34.0,21.0,0.6176470588235294,0.029411764705882353,31.787584143605084,1.2832803665652623,403.70490590535434,0.4284898742322714,0.31364616071701135,0.37106801747464135,0.3940367601776934,0.34809927477158936
26086,2024,Treviso,TV,Veneto,85652.0,55.5281,1,355.0,415.0,6.0,776.0,421.0,0.5425257731958762,0.007731958762886598,90.5991687292766,13.974906398742258,1542.498302661175,0.7717033191803866,0.09932982539143162,0.4355165722859091,0.5699912710437001,0.30104187352811806
26089,2024,Vedelago,TV,Veneto,16554.0,61.8489,2,29.0,42.0,2.0,73.0,44.0,0.6027397260273972,0.0273972602739726,44.098103177479764,1.1802958500474543,267.6522945436378,0.47641858349660154,0.28257577755954216,0.37949718052807185,0.41826574171548375,0.34072861934065996
26091,2024,Villorba,TV,Veneto,17526.0,30.6239,2,58.0,74.0,2.0,134.0,76.0,0.5671641791044776,0.014925373134328358,76.45783407508844,4.375667370909649,572.2981070340486,0.6489517763282113,0.17028780291402026,0.4096197896211158,0.505352584303954,0.31388699493827754
26092,2024,Vittorio Veneto,TV,Veneto,27259.0,82.8021,2,89.0,118.0,1.0,208.0,119.0,0.5721153846153846,0.004807692307692308,76.30507355368869,2.512013584196536,329.2066264019874,0.6090370212135339,0.12662867686618187,0.36783284903985786,0.46431451790932826,0.27135118017038745
26093,2024,Volpago del Montello,TV,Veneto,10020.0,44.822,2,25.0,31.0,0.0,56.0,31.0,0.5535714285714286,0.0,55.88822355289421,1.2493864620052653,223.55093480879924,0.5173646605690742,0.0760419452684678,0.296703302918771,0.3849678459788922,0.2084387598586497
26095,2024,Zero Branco,TV,Veneto,11672.0,26.0604,2,19.0,25.0,0.0,44.0,25.0,0.5681818181818182,0.0,37.697052775873885,1.6883854430476892,447.88261116483244,0.47082564709561986,0.09678065761441357,0.28380315235501674,0.3586121502512579,0.20899415445877545
27003,2024,Campolongo Maggiore,VE,Veneto,10708.0,23.6148,2,12.0,15.0,1.0,28.0,16.0,0.5714285714285714,0.03571428571428571,26.14867388868136,1.1856971052052103,453.44445009062116,0.39351304651012664,0.27892125393082345,0.33621715022047505,0.3591355087363357,0.3132987917046144
27004,2024,Camponogara,VE,Veneto,12959.0,21.2991,2,26.0,33.0,1.0,60.0,34.0,0.5666666666666667,0.016666666666666666,46.29986881703835,2.817020437483274,608.4294641557625,0.5363103774499645,0.17825407322040726,0.35728222533518583,0.4288934861810973,0.2856709644892744
27005,2024,Caorle,VE,Veneto,11038.0,154.7905,2,27.0,39.0,0.0,66.0,39.0,0.5909090909090909,0.0,59.79344084073202,0.4263827560476902,71.30928577658189,0.48587559287073034,0.12904087681921803,0.3074582348449742,0.37882517805527666,0.2360912916346717
27006,2024,Cavarzere,VE,Veneto,12773.0,140.4374,2,43.0,56.0,1.0,100.0,57.0,0.57,0.01,78.29014327096219,0.7120610321751898,90.951555639737,0.5463673648224603,0.14970161859861397,0.34803449171053713,0.4273676409553064,0.2687013424657679
27008,2024,Chioggia,VE,Veneto,47265.0,188.4467,2,239.0,326.0,5.0,570.0,331.0,0.5807017543859649,0.008771929824561403,120.59663598857506,3.0247279469473334,250.81362528502754,0.6959083295204299,0.15873700965308044,0.4273226695867552,0.534756933560225,0.31988840561328524
27011,2024,Concordia Sagittaria,VE,Veneto,10251.0,66.8348,2,9.0,9.0,2.0,20.0,11.0,0.55,0.1,19.510291678860597,0.299245303344964,153.3781802294613,0.2992040313235784,0.5531602802431621,0.42618215578337026,0.37539090599945346,0.47697340556728696
27012,2024,Dolo,VE,Veneto,14985.0,24.2839,2,36.0,50.0,1.0,87.0,51.0,0.5862068965517241,0.011494252873563218,58.05805805805806,3.582620584008335,617.0755109352287,0.5896797557477629,0.18018575146667784,0.38493275360722035,0.4668315544634374,0.3030339527510033
27013,2024,Eraclea,VE,Veneto,11901.0,95.3753,3,34.0,62.0,0.0,96.0,62.0,0.6458333333333334,0.0,80.6654902949332,1.006549913866588,124.7807346346486,0.5659642298283473,0.2070030732308289,0.3864836515295881,0.4582758828490917,0.3146914202100844
27019,2024,Jesolo,VE,Veneto,26994.0,96.9423,2,176.0,243.0,2.0,421.0,245.0,0.5819477434679335,0.004750593824228029,155.96058383344447,4.342789473738502,278.45429704061075,0.7640739824699561,0.14029771975623104,0.45218585111309356,0.5769411036558385,0.3274305985703485
27020,2024,Marcon,VE,Veneto,17708.0,25.5477,2,28.0,32.0,0.0,60.0,32.0,0.5333333333333333,0.0,33.8829907386492,2.3485480101926983,693.1348027415384,0.47425050946670844,0.04731498816704659,0.2607827488168775,0.3461698530768098,0.17539564455694512
27021,2024,Martellago,VE,Veneto,21242.0,20.1697,2,30.0,37.0,1.0,68.0,38.0,0.5588235294117647,0.014705882352941176,32.012051595894924,3.371393724249741,1053.16390427225,0.49001101690907445,0.157354447094502,0.3236827320017882,0.39021404596470266,0.2571514180388737
27023,2024,Mira,VE,Veneto,37596.0,99.1083,2,89.0,140.0,2.0,231.0,142.0,0.6147186147186147,0.008658008658008658,61.44270667092244,2.330783597337458,379.3425979458834,0.5691343174212635,0.20645086596060333,0.38779259169093344,0.46032928198306544,0.31525590139880133
27024,2024,Mirano,VE,Veneto,27011.0,45.6766,2,72.0,94.0,2.0,168.0,96.0,0.5714285714285714,0.011904761904761904,62.19688275147162,3.678032077694049,591.3531217297259,0.6026917722943904,0.1612614700732297,0.38197662118381004,0.4702626816280422,0.2936905607395779
27025,2024,Musile di Piave,VE,Veneto,11454.0,44.9537,2,32.0,56.0,1.0,89.0,57.0,0.6404494382022472,0.011235955056179775,77.70211279902217,1.9798147872144007,254.79548958150275,0.596687652849741,0.25588822707276965,0.42628793996125536,0.4944478251166496,0.3581280548058611
27026,2024,Noale,VE,Veneto,16216.0,24.6976,2,23.0,31.0,0.0,54.0,31.0,0.5740740740740741,0.0,33.30044400592008,2.186447266131122,656.5820160663384,0.46687687066788425,0.10514441814899243,0.2860106444084383,0.3583571349122167,0.21366415390465998
27028,2024,Pianiga,VE,Veneto,12251.0,20.0735,2,30.0,52.0,0.0,82.0,52.0,0.6341463414634146,0.0,66.93331156640274,4.084987670311605,610.3071213291155,0.6222885648518971,0.19041397676982166,0.40635127081085937,0.49272618842727445,0.3199763531944443
27029,2024,Portogruaro,VE,Veneto,24381.0,102.311,2,97.0,155.0,4.0,256.0,159.0,0.62109375,0.015625,104.99979492227554,2.5021747417188767,238.30282178846846,0.6604873190569419,0.25032437219303216,0.45540584562498704,0.537438434997769,0.3733732562522051
27032,2024,Salzano,VE,Veneto,12770.0,17.1835,2,18.0,27.0,0.0,45.0,27.0,0.6,0.0,35.23884103367267,2.618791282334798,743.1547705647861,0.4877153271893597,0.14194496450113975,0.3148301458452497,0.38398421838289376,0.24567607330760574
27033,2024,San Donà di Piave,VE,Veneto,41902.0,78.9025,2,146.0,209.0,3.0,358.0,212.0,0.5921787709497207,0.008379888268156424,85.43744928643024,4.537245334431735,531.0604860429011,0.6696739527923528,0.17306152732441749,0.4213677400583851,0.5206902251519722,0.3220452549647981
27034,2024,San Michele al Tagliamento,VE,Veneto,11423.0,115.005,3,69.0,91.0,1.0,161.0,92.0,0.5714285714285714,0.006211180124223602,140.9437100586536,1.3999391330811704,99.32611625581497,0.6731686418793809,0.13271532128041497,0.4029419815798979,0.511032645699691,0.29485131746010473
27035,2024,Santa Maria di Sala,VE,Veneto,17473.0,27.9683,2,35.0,53.0,1.0,89.0,54.0,0.6067415730337079,0.011235955056179775,50.935729411091394,3.1821741042537446,624.7430126250076,0.5601235368537418,0.20804160982519448,0.38408257333946816,0.4544989587451776,0.31366618793375867
27036,2024,San Stino di Livenza,VE,Veneto,12764.0,67.9667,2,29.0,36.0,1.0,66.0,37.0,0.5606060606060606,0.015151515151515152,51.70792854904418,0.9710637709348843,187.79784806383125,0.49257784674185945,0.16210601832643146,0.32734193253414545,0.39343629821723103,0.2612475668510599
27037,2024,Scorzè,VE,Veneto,19010.0,33.2873,2,36.0,54.0,1.0,91.0,55.0,0.6043956043956044,0.01098901098901099,47.86954234613361,2.733775343749718,571.0886734580455,0.539607489067875,0.2034760307255855,0.3715417598967303,0.4387680515651881,0.3043154682282724
27038,2024,Spinea,VE,Veneto,27724.0,14.9761,2,51.0,81.0,0.0,132.0,81.0,0.6136363636363636,0.0,47.61217717501082,8.814043709644032,1851.2162712588724,0.6286215434967893,0.16130109602402248,0.39496131976040594,0.48842540925495925,0.3014972302658525
27042,2024,Venezia,VE,Veneto,249490.0,418.3949,1,669.0,841.0,5.0,1515.0,846.0,0.5584158415841585,0.0033003300330033004,60.72387670848531,3.620981039682845,596.302679597672,0.5976872379347302,0.09958769404052374,0.34863746598762696,0.44825737476646826,0.24901755720878568
27044,2024,Cavallino-Treporti,VE,Veneto,13186.0,45.1263,3,45.0,59.0,3.0,107.0,62.0,0.5794392523364486,0.028037383177570093,81.14667071136053,2.371122826378409,292.2021083049131,0.6151800115475736,0.2526530607071802,0.4339165361273769,0.5064219262954556,0.36141114595929824
28001,2024,Abano Terme,PD,Veneto,20464.0,21.4081,2,47.0,55.0,0.0,102.0,55.0,0.5392156862745098,0.0,49.8436278342455,4.764551735090923,955.8998696754966,0.5864869933914004,0.055664691961231264,0.32107584267631584,0.4272403029623496,0.214911382390282
28003,2024,Albignasego,PD,Veneto,27350.0,21.1552,2,44.0,54.0,0.0,98.0,54.0,0.5510204081632653,0.0,35.83180987202925,4.632430797156254,1292.8263500226894,0.5315193063180685,0.0724209002556835,0.301970103286876,0.393789784499353,0.210150422074399
28016,2024,Cadoneghe,PD,Veneto,15783.0,12.925,2,31.0,36.0,2.0,69.0,38.0,0.5507246376811594,0.028985507246376812,43.71792434898308,5.338491295938105,1221.1218568665377,0.5742843427300851,0.21655783684503277,0.39542108978755897,0.4669663909645694,0.32387578861054844
28017,2024,Campodarsego,PD,Veneto,15123.0,25.7182,2,48.0,68.0,0.0,116.0,68.0,0.5862068965517241,0.0,76.70435760100509,4.5104245242668615,588.0271558662737,0.6517749961767357,0.12236634870787906,0.3870706724423074,0.4929524019360787,0.281188942948536
28019,2024,Camposampiero,PD,Veneto,11829.0,21.1246,2,30.0,42.0,3.0,75.0,45.0,0.6,0.04,63.403499873193006,3.5503630837980364,559.9632655766263,0.6032164350697675,0.3403681481516825,0.471792291610725,0.524361948994342,0.4192226342271079
28032,2024,Cittadella,PD,Veneto,20022.0,36.6612,2,53.0,70.0,0.0,123.0,70.0,0.5691056910569106,0.0,61.43242433323344,3.355045661353147,546.1359693627049,0.5940444000538475,0.09809204863899902,0.34606822434642326,0.44525869462939294,0.24687775406345358
28037,2024,Este,PD,Veneto,15888.0,32.8074,2,37.0,45.0,2.0,84.0,47.0,0.5595238095238095,0.023809523809523808,52.87009063444109,2.5603979589970556,484.2809853874431,0.5511439213535467,0.20353519390589397,0.3773395576297204,0.4468613031192509,0.3078178121401898
28054,2024,Mestrino,PD,Veneto,11856.0,19.218,2,25.0,33.0,0.0,58.0,33.0,0.5689655172413793,0.0,48.92037786774629,3.0180039546258715,616.9216359662817,0.549915851245219,0.09789307896630334,0.3239044651057612,0.4143090195615443,0.23349991064997805
28055,2024,Monselice,PD,Veneto,17075.0,50.5709,2,58.0,80.0,1.0,139.0,81.0,0.5827338129496403,0.007194244604316547,81.40556368960468,2.7486162990969114,337.6447719933796,0.6255670435774133,0.15370289245703556,0.3896349680172244,0.48400779824129997,0.29526213779314886
28057,2024,Montegrotto Terme,PD,Veneto,11543.0,15.3701,2,29.0,32.0,1.0,62.0,33.0,0.532258064516129,0.016129032258064516,53.712206532097376,4.033805895862747,751.0035718700593,0.5858926752134281,0.12673670794360184,0.356314691578515,0.4481458850324802,0.26448349812454974
28058,2024,Noventa Padovana,PD,Veneto,11323.0,7.0779,2,36.0,43.0,0.0,79.0,43.0,0.5443037974683544,0.0,69.76949571668285,11.16150270560477,1599.7682928552256,0.7100869672048336,0.0628870095891126,0.3864869883969731,0.5159269799201173,0.25704699687382887
28060,2024,Padova,PD,Veneto,207412.0,93.0257,1,1028.0,1302.0,10.0,2340.0,1312.0,0.5606837606837607,0.004273504273504274,112.81893043796887,25.154339069740942,2229.6204167235505,0.8591436599356826,0.10771174444352816,0.4834277021896054,0.6337140852880363,0.3331413190911745
28063,2024,Piazzola sul Brenta,PD,Veneto,11074.0,40.9329,2,28.0,39.0,1.0,68.0,40.0,0.5882352941176471,0.014705882352941176,61.40509301065559,1.6612553715959535,270.5403233096116,0.5481645116862037,0.19910296606542546,0.3736337388758146,0.4434460479999702,0.30382142975165893
28065,2024,Piove di Sacco,PD,Veneto,20236.0,35.725,2,62.0,77.0,1.0,140.0,78.0,0.5571428571428572,0.007142857142857143,69.1836331290769,3.9188243526941915,566.4380685794262,0.6245370219507109,0.11711969321246371,0.37082835758158733,0.4723118233292367,0.26934489183393784
28069,2024,Ponte San Nicolò,PD,Veneto,13133.0,13.521,2,32.0,43.0,0.0,75.0,43.0,0.5733333333333334,0.0,57.108048427625064,5.546927002440648,971.303897640707,0.6202002773190406,0.10409297396750256,0.3621466256432716,0.4653680863135792,0.258925164972964
28072,2024,Rubano,PD,Veneto,17038.0,14.5126,2,58.0,77.0,0.0,135.0,77.0,0.5703703703703704,0.0,79.23465195445475,9.302261483125008,1174.0143048109917,0.7152190837647088,0.09988719724154288,0.40755314050312585,0.530619517807759,0.28448676319849264
28075,2024,San Giorgio delle Pertiche,PD,Veneto,10093.0,18.858,2,19.0,31.0,0.0,50.0,31.0,0.62,0.0,49.53928465272961,2.6513946335772616,535.210520733906,0.5430359615232961,0.17033395740136772,0.3566849594623319,0.4312253602867176,0.28214455863794624
28077,2024,San Martino di Lupari,PD,Veneto,13218.0,24.1222,2,18.0,19.0,0.0,37.0,19.0,0.5135135135135135,0.0,27.992131941292175,1.5338567792324083,547.959970483621,0.41802155102542526,0.019181751959613455,0.21860165149251937,0.2983696113056817,0.138833691679357
28085,2024,Saonara,PD,Veneto,10643.0,13.5443,2,16.0,20.0,1.0,37.0,21.0,0.5675675675675675,0.02702702702702703,34.764634031757964,2.731776466853215,785.7918091005073,0.4884169826035629,0.23082722667400793,0.3596221046387854,0.41114005582469637,0.30810415345287445
28086,2024,Selvazzano Dentro,PD,Veneto,22932.0,19.5169,2,46.0,59.0,0.0,105.0,59.0,0.5619047619047619,0.0,45.78754578754579,5.3799527588910125,1174.9816825417972,0.5823019311366275,0.0878706923102294,0.33508631172342845,0.43397255948870805,0.23620006395814883
28093,2024,Trebaseleghe,PD,Veneto,12984.0,30.6561,2,26.0,40.0,0.0,66.0,40.0,0.6060606060606061,0.0,50.83179297597043,2.1529157329210173,423.5372405491893,0.5335212845331772,0.15054768962242102,0.3420344870777991,0.4186292060599503,0.26543976809564784
28099,2024,Vigodarzere,PD,Veneto,13211.0,19.916,2,29.0,35.0,0.0,64.0,35.0,0.546875,0.0,48.44447808644311,3.2134966860815424,663.3360112472384,0.5527651495612571,0.0665367021099093,0.3096509258355832,0.40689661532585275,0.2124052363453136
28100,2024,Vigonza,PD,Veneto,23258.0,33.3229,2,80.0,115.0,3.0,198.0,118.0,0.5959595959595959,0.015151515151515152,85.13199759222634,5.9418598021180635,697.9584609982925,0.6901198193475718,0.21228858153390512,0.4512042004407385,0.5467704480034717,0.35563795287800515
28103,2024,Villafranca Padovana,PD,Veneto,10598.0,23.9549,2,18.0,29.0,1.0,48.0,30.0,0.625,0.020833333333333332,45.29156444612191,2.003765409164722,442.41470429849426,0.5104964341540487,0.2817471214381038,0.39612177779607627,0.4418716403392652,0.35037191525288724
29001,2024,Adria,RO,Veneto,18787.0,113.3885,2,44.0,67.0,2.0,113.0,69.0,0.6106194690265486,0.017699115044247787,60.14797466333103,0.9965737266124872,165.68699647671502,0.5181046811048543,0.2457779316962131,0.3819413064005337,0.43640665628226194,0.32747595651880546
29004,2024,Badia Polesine,RO,Veneto,10253.0,44.5342,2,21.0,34.0,0.0,55.0,34.0,0.6181818181818182,0.0,53.642836243050816,1.235005905573694,230.22755545176517,0.5101714891903286,0.16775313986498336,0.338962314527656,0.40744598439272506,0.2704786446625869
29029,2024,Lendinara,RO,Veneto,11428.0,55.0548,2,20.0,26.0,0.0,46.0,26.0,0.5652173913043478,0.0,40.25201260063003,0.8355311435151885,207.57499800199074,0.4458079401662014,0.09257280293552589,0.26919037155086367,0.3398373989969987,0.19854334410472851
29033,2024,Occhiobello,RO,Veneto,12052.0,32.3261,2,45.0,54.0,4.0,103.0,58.0,0.5631067961165048,0.038834951456310676,85.4629936939927,3.1862798172374647,372.82567337229057,0.6437104275318195,0.2823294773230446,0.46301995242743205,0.535296142469187,0.39074376238567704
29041,2024,Rovigo,RO,Veneto,49922.0,108.7778,2,166.0,247.0,0.0,413.0,247.0,0.5980629539951574,0.0,82.72905732943393,3.7967305828946714,458.93555486505517,0.6511070994184981,0.13919542523719522,0.39515126232784664,0.49753359716410717,0.29276892749158606
29052,2024,Porto Viro,RO,Veneto,13739.0,134.1786,2,27.0,49.0,0.0,76.0,49.0,0.6447368421052632,0.0,55.3169808574132,0.5664092485686988,102.39337718533359,0.4820557670487847,0.20544665914638655,0.3437512130975856,0.39907303467806526,0.288429391517106
30023,2024,Cervignano del Friuli,UD,Friuli-Venezia Giulia,13784.0,29.1667,2,23.0,30.0,2.0,55.0,32.0,0.5818181818181818,0.03636363636363636,39.90133488102147,1.885712130614708,472.5937456071479,0.4864882033594981,0.2968396650921329,0.39166393422581547,0.4295936418792885,0.35373422657234244
30026,2024,Cividale del Friuli,UD,Friuli-Venezia Giulia,10755.0,50.6356,2,12.0,15.0,1.0,28.0,16.0,0.5714285714285714,0.03571428571428571,26.03440260344026,0.5529706372591616,212.39997156151009,0.361036405756311,0.27892125393082345,0.31997882984356724,0.3364018602086647,0.30355579947846967
30027,2024,Codroipo,UD,Friuli-Venezia Giulia,15802.0,75.2019,2,30.0,44.0,0.0,74.0,44.0,0.5945945945945946,0.0,46.82951525123403,0.9840176910423807,210.1276696466446,0.4772773413870414,0.13427226371729445,0.30577480255216793,0.3743758180861173,0.23717378701821853
30043,2024,Gemona del Friuli,UD,Friuli-Venezia Giulia,10439.0,56.0573,2,22.0,26.0,1.0,49.0,27.0,0.5510204081632653,0.02040816326530612,46.93936200785516,0.8741056026601353,186.22017114630924,0.4723525739059879,0.1746292789925946,0.3234909264492912,0.3830355854319699,0.26394626746661254
30046,2024,Latisana,UD,Friuli-Venezia Giulia,13219.0,37.7996,2,40.0,54.0,0.0,94.0,54.0,0.574468085106383,0.0,71.10976624555565,2.486798802103726,349.71269537243785,0.596970586062131,0.10570369696893396,0.3513371415155325,0.44959051933417193,0.2530837636968931
30118,2024,Tavagnacco,UD,Friuli-Venezia Giulia,14629.0,15.3442,2,22.0,32.0,0.0,54.0,32.0,0.5925925925925926,0.0,36.91298106500786,3.5192450567641194,953.3895543593019,0.5157793846570465,0.1314305226862405,0.32360495367164355,0.4004747260658047,0.24673518127748229
30129,2024,Udine,UD,Friuli-Venezia Giulia,98279.0,57.1924,1,332.0,495.0,6.0,833.0,501.0,0.6014405762304922,0.007202881152460984,84.75869717844097,14.564872255754262,1718.3926535693554,0.7645044916943249,0.18029958220200212,0.4724020369481635,0.589243018846628,0.3555610550496989
31007,2024,Gorizia,GO,Friuli-Venezia Giulia,33620.0,41.2683,2,103.0,139.0,1.0,243.0,140.0,0.5761316872427984,0.00411522633744856,72.27840571088637,5.8882968283161645,814.6688862880225,0.6629252281949155,0.12884189226374831,0.3958835602293319,0.5027002274155653,0.28906689304309846
31012,2024,Monfalcone,GO,Friuli-Venezia Giulia,30360.0,20.6567,2,122.0,142.0,1.0,265.0,143.0,0.539622641509434,0.0037735849056603774,87.2859025032938,12.82876742170821,1469.7410525398539,0.7582627926506196,0.07529751826954297,0.4167801554600813,0.5533732103362965,0.2801871005838659
31016,2024,Ronchi dei Legionari,GO,Friuli-Venezia Giulia,11862.0,17.1085,2,22.0,34.0,0.0,56.0,34.0,0.6071428571428571,0.0,47.20957679986511,3.273226758628752,693.3395680509689,0.5499311114197695,0.1520838905369354,0.3510075009783524,0.43057694515491923,0.2714380568017856
32003,2024,Muggia,TS,Friuli-Venezia Giulia,12708.0,13.9145,2,11.0,13.0,0.0,24.0,13.0,0.5416666666666666,0.0,18.885741265344667,1.7248194329656115,913.2918897552912,0.3630192388552492,0.059143735208808196,0.21108148703202873,0.2718565877613169,0.1503063863027405
32006,2024,Trieste,TS,Friuli-Venezia Giulia,198388.0,85.0934,1,837.0,994.0,9.0,1840.0,1003.0,0.5451086956521739,0.004891304347826087,92.7475452144283,21.623298634206648,2331.414657305972,0.81387503540647,0.08871500558189772,0.45129502049418385,0.5963270264590983,0.3062630145292694
33013,2024,Castel San Giovanni,PC,Emilia-Romagna,14244.0,44.0397,2,50.0,61.0,1.0,112.0,62.0,0.5535714285714286,0.008928571428571428,78.62959842740804,2.5431599216161778,323.4354457455432,0.6147112834953498,0.12101239848126624,0.367861840988308,0.4666016179911247,0.26912206398549127
33021,2024,Fiorenzuola d'Arda,PC,Emilia-Romagna,14887.0,59.769,2,55.0,83.0,3.0,141.0,86.0,0.6099290780141844,0.02127659574468085,94.71350843017397,2.3590824674998747,249.0756077565293,0.6398861454108458,0.2625509916868139,0.4512185685488298,0.5266855992936361,0.3757515378040234
33032,2024,Piacenza,PC,Emilia-Romagna,103406.0,118.2281,1,581.0,721.0,9.0,1311.0,730.0,0.5568268497330282,0.006864988558352402,126.78181150029978,11.088734404088369,874.6313270702989,0.8063236356307659,0.11527513725573629,0.46079938644325114,0.599009086118257,0.3225896867682452
33039,2024,Rottofreno,PC,Emilia-Romagna,12328.0,35.1736,2,36.0,47.0,0.0,83.0,47.0,0.5662650602409639,0.0,67.3264114211551,2.3597243387085767,350.4901403325221,0.5846895410384315,0.0940599162356951,0.3393747286370633,0.4375006535976106,0.241248803676516
34009,2024,Collecchio,PR,Emilia-Romagna,14854.0,58.831,2,50.0,71.0,3.0,124.0,74.0,0.5967741935483871,0.024193548387096774,83.47919752255285,2.1077323179956147,252.4859342863456,0.6122003812298998,0.25830753539247997,0.4352539583111899,0.5060325274786739,0.3644753891437059
34014,2024,Fidenza,PR,Emilia-Romagna,27408.0,95.1168,2,100.0,142.0,1.0,243.0,143.0,0.588477366255144,0.00411522633744856,88.66024518388792,2.554753734356076,288.1509890997174,0.6344498216974956,0.14636596195524695,0.3904078918263713,0.488024663774821,0.29279111987792156
34018,2024,Langhirano,PR,Emilia-Romagna,10916.0,70.8424,2,20.0,21.0,0.0,41.0,21.0,0.5121951219512195,0.0,37.559545621106636,0.578749449482231,154.0885119645862,0.4207355160790295,0.017310361524529264,0.21902293880177937,0.2997079697126794,0.13833790789087932
34020,2024,Medesano,PR,Emilia-Romagna,10769.0,88.7682,3,17.0,27.0,0.0,44.0,27.0,0.6136363636363636,0.0,40.85801838610828,0.49567300001577147,121.31596675386007,0.42915348656240515,0.16130109602402248,0.2952272912932138,0.3487977694008903,0.24165681318553728
34023,2024,Montechiarugolo,PR,Emilia-Romagna,11356.0,48.2016,3,17.0,23.0,0.0,40.0,23.0,0.575,0.0,35.22367030644593,0.8298479718515568,235.593839208657,0.424226313509509,0.10645872337585478,0.2653425184426819,0.32889603646941273,0.20178900041595105
34025,2024,Noceto,PR,Emilia-Romagna,13315.0,79.1728,2,37.0,50.0,1.0,88.0,51.0,0.5795454545454546,0.011363636363636364,66.09087495306046,1.1114928359234486,168.17644443546268,0.5385030678582954,0.17007682940844876,0.35428994863337204,0.42797519632334136,0.28060470094340273
34027,2024,Parma,PR,Emilia-Romagna,198693.0,260.5978,1,780.0,948.0,7.0,1735.0,955.0,0.5504322766570605,0.004034582132564841,87.32064038491542,6.657769175334558,762.450795824063,0.7033587678068487,0.09195653826744535,0.397657653037147,0.5199380989450276,0.27537720712926633
34032,2024,Salsomaggiore Terme,PR,Emilia-Romagna,20511.0,81.4988,2,37.0,45.0,1.0,83.0,46.0,0.5542168674698795,0.012048192771084338,40.4660913656087,1.0184199031151377,251.67241726258544,0.4554895075978449,0.13754737248995752,0.2965184400439012,0.3601068670654787,0.23293001302232375
34051,2024,Sorbolo Mezzani,PR,Emilia-Romagna,13036.0,66.9713,2,17.0,21.0,1.0,39.0,22.0,0.5641025641025641,0.02564102564102564,29.917152500767106,0.5823390019306778,194.6505443376491,0.3847622776866798,0.21907676466586196,0.30191952117627086,0.33505662378043444,0.2687824185721073
35004,2024,Bibbiano,RE,Emilia-Romagna,10219.0,28.1621,2,23.0,35.0,1.0,59.0,36.0,0.6101694915254238,0.01694915254237288,57.73559056659165,2.0950142212406035,362.86356486199537,0.552280611799774,0.24140965515196067,0.3968451334758673,0.45901932480542995,0.33467094214630466
35008,2024,Cadelbosco di Sopra,RE,Emilia-Romagna,10731.0,43.5956,2,27.0,35.0,3.0,65.0,38.0,0.5846153846153846,0.046153846153846156,60.572174075109494,1.4909761535567811,246.1486939048895,0.5398136571405564,0.348377997288577,0.4440958272145667,0.48238295918496255,0.4058086952441708
35012,2024,Casalgrande,RE,Emilia-Romagna,19013.0,37.7066,2,59.0,71.0,0.0,130.0,71.0,0.5461538461538461,0.0,68.37427023615422,3.4476722907925934,504.23533280645825,0.6132724757941646,0.06551306053898753,0.33939276816657604,0.4489446512176114,0.22984088511554063
35014,2024,Castellarano,RE,Emilia-Romagna,15196.0,58.0581,2,30.0,38.0,1.0,69.0,39.0,0.5652173913043478,0.014492753623188406,45.4066859699921,1.1884646586781171,261.7378109169952,0.48145190982151265,0.1653674786161883,0.32340969421885046,0.3866265804599153,0.2601928079777856
35016,2024,Castelnovo ne' Monti,RE,Emilia-Romagna,10369.0,96.6802,3,27.0,41.0,0.0,68.0,41.0,0.6029411764705882,0.0,65.58009451248915,0.7033498068891045,107.25050217107535,0.5172739509861222,0.14611981639823207,0.3316968836921771,0.40592771060975513,0.2574660567745991
35020,2024,Correggio,RE,Emilia-Romagna,25208.0,77.5095,2,93.0,122.0,2.0,217.0,124.0,0.5714285714285714,0.009216589861751152,86.0837829260552,2.7996568162612325,325.2246498816274,0.6358700605038765,0.1478037388909109,0.3918368996973937,0.4894501640199868,0.29422363537480056
35024,2024,Guastalla,RE,Emilia-Romagna,14600.0,52.9209,2,38.0,47.0,0.0,85.0,47.0,0.5529411764705883,0.0,58.21917808219178,1.6061707189409098,275.88344113573277,0.5376353399949164,0.07514733414766228,0.30639133707128935,0.3988889382407402,0.21389373590183852
35027,2024,Montecchio Emilia,RE,Emilia-Romagna,10426.0,24.3868,2,19.0,21.0,0.0,40.0,21.0,0.525,0.0,38.365624400537115,1.640231600702019,427.52636672298127,0.4719506587253802,0.03548624112528498,0.2537184499253326,0.34101133344535167,0.16642556640531356
35028,2024,Novellara,RE,Emilia-Romagna,13301.0,58.1064,2,34.0,49.0,0.0,83.0,49.0,0.5903614457831325,0.0,62.40132320878129,1.428414081753473,228.9076590530475,0.5422434633941564,0.12826352213958417,0.3352534927668703,0.4180494810177847,0.25245750451595583
35030,2024,Quattro Castella,RE,Emilia-Romagna,13235.0,46.3057,2,27.0,41.0,0.0,68.0,41.0,0.6029411764705882,0.0,51.37891953154515,1.4685017179310538,285.81794465908087,0.5124816611362257,0.14611981639823207,0.3293007387672289,0.4025731077148276,0.2560283698196302
35033,2024,Reggio nell'Emilia,RE,Emilia-Romagna,172284.0,230.6804,1,839.0,1077.0,8.0,1924.0,1085.0,0.5639293139293139,0.004158004158004158,111.67606974530428,8.340543886693451,746.8514880327934,0.7617283996610011,0.11173676533864665,0.4367325824998239,0.5667309093642947,0.30673425563535295
35036,2024,Rubiera,RE,Emilia-Romagna,14627.0,25.1943,2,50.0,60.0,0.0,110.0,60.0,0.5454545454545454,0.0,75.20339098926642,4.366066927836853,580.5678268497239,0.6461108782371363,0.06452043840960894,0.35531565832337264,0.47163374628887805,0.23899757035786715
35039,2024,Sant'Ilario d'Enza,RE,Emilia-Romagna,11459.0,20.2332,2,23.0,28.0,1.0,52.0,29.0,0.5576923076923077,0.019230769230769232,45.37917793873811,2.5700334104343354,566.346400964751,0.526868822941206,0.17825886172821967,0.35256384233471283,0.42228583457731006,0.28284185009211554
35040,2024,Scandiano,RE,Emilia-Romagna,25971.0,50.0477,2,67.0,82.0,2.0,151.0,84.0,0.5562913907284768,0.013245033112582781,58.141773516614684,3.017121665930702,518.9249456018958,0.5776626044912254,0.14647142179167927,0.36206701314145234,0.44830524968136154,0.2758287766015431
36002,2024,Bomporto,MO,Emilia-Romagna,10285.0,38.8736,3,36.0,49.0,0.0,85.0,49.0,0.5764705882352941,0.0,82.64462809917356,2.1865739216331903,264.57544451761606,0.6129040988076646,0.10854614932440095,0.3607251240660328,0.4615967139626855,0.25985353416938006
36005,2024,Carpi,MO,Emilia-Romagna,73297.0,131.5385,1,357.0,476.0,2.0,835.0,478.0,0.5724550898203593,0.0023952095808383233,113.92007858438954,6.34795136024814,557.2284920384526,0.742642945625213,0.1149495694380332,0.4287962575316231,0.5543349327690591,0.30325758229418714
36006,2024,Castelfranco Emilia,MO,Emilia-Romagna,33354.0,102.5599,2,78.0,106.0,3.0,187.0,109.0,0.5828877005347594,0.016042780748663103,56.065239551478086,1.8233247107300221,325.2148256774821,0.5390095701244241,0.19817347622710263,0.3685915231757634,0.4367587419552276,0.3004243043962991
36007,2024,Castelnuovo Rangone,MO,Emilia-Romagna,15059.0,22.4404,2,34.0,41.0,0.0,75.0,41.0,0.5466666666666666,0.0,49.80410385815791,3.3421864137894155,671.0664694033974,0.5600068408949258,0.06624098343386518,0.3131239121643955,0.4118770836566076,0.21437074067218334
36008,2024,Castelvetro di Modena,MO,Emilia-Romagna,11052.0,49.783,3,45.0,62.0,1.0,108.0,63.0,0.5833333333333334,0.009259259259259259,97.71986970684038,2.1694152622381133,222.0034951690336,0.6395467809189148,0.16491584357801245,0.40223131224846365,0.497157499716644,0.30730512478028316
36012,2024,Finale Emilia,MO,Emilia-Romagna,15343.0,105.1255,2,27.0,33.0,0.0,60.0,33.0,0.55,0.0,39.105781137978234,0.5707463935962255,145.94936528244813,0.42670335006495536,0.07097248225056997,0.24883791615776266,0.3199840897206397,0.17769174259488557
36013,2024,Fiorano Modenese,MO,Emilia-Romagna,16723.0,26.2318,2,70.0,86.0,1.0,157.0,87.0,0.554140127388535,0.006369426751592357,93.88267655325001,5.985102051708232,637.5086726797247,0.706547671196689,0.10897083330376302,0.407759252250226,0.5272746198288112,0.2882438846716408
36015,2024,Formigine,MO,Emilia-Romagna,34464.0,46.7584,2,71.0,97.0,2.0,170.0,99.0,0.5823529411764706,0.011764705882352941,49.326833797585884,3.6357103750342183,737.0654256775252,0.5645442387389662,0.1760677870109095,0.37030601287493786,0.44800130322054915,0.2926107225293265
36019,2024,Maranello,MO,Emilia-Romagna,17299.0,32.5809,2,53.0,75.0,0.0,128.0,75.0,0.5859375,0.0,73.99271634198509,3.9286821419911666,530.9552529242593,0.6355798880332824,0.121983953868167,0.37878192095072466,0.4815011077837477,0.2760627341177016
36022,2024,Mirandola,MO,Emilia-Romagna,24623.0,137.0466,2,90.0,150.0,1.0,241.0,151.0,0.6265560165975104,0.004149377593360996,97.87596962189822,1.7585259320552278,179.6688133817256,0.6268918666385433,0.2005887537176836,0.41374031017811347,0.49900093276228535,0.3284796875939415
36023,2024,Modena,MO,Emilia-Romagna,184074.0,183.173,1,1014.0,1280.0,8.0,2302.0,1288.0,0.5595134665508253,0.0034752389226759338,125.05840042591566,12.567354358993956,1004.9188472100145,0.8148312910711352,0.10202761874833757,0.45842945490973636,0.6009901893742958,0.31586872044517683
36027,2024,Nonantola,MO,Emilia-Romagna,16155.0,55.3198,2,42.0,53.0,1.0,96.0,54.0,0.5625,0.010416666666666666,59.42432683379758,1.7353641914829772,292.02925534799476,0.545435315463224,0.14114242093479196,0.34328886819900795,0.4241474471046943,0.2624302892933216
36028,2024,Novi di Modena,MO,Emilia-Romagna,10264.0,51.8102,3,17.0,20.0,1.0,38.0,21.0,0.5526315789473685,0.02631578947368421,37.02260327357755,0.7334463098000007,198.107708520716,0.4271323412426441,0.20612156781511012,0.3166269545288771,0.3608291092143839,0.2724247998433703
36030,2024,Pavullo nel Frignano,MO,Emilia-Romagna,18360.0,143.7303,2,65.0,85.0,1.0,151.0,86.0,0.5695364238410596,0.006622516556291391,82.24400871459696,1.0505787575758208,127.73924496087464,0.5711190068701647,0.13209725440255402,0.3516081306363594,0.43941248112988146,0.26380378014283723
36037,2024,San Felice sul Panaro,MO,Emilia-Romagna,10864.0,51.6637,2,22.0,25.0,2.0,49.0,27.0,0.5510204081632653,0.04081632653061224,45.10309278350515,0.9484415556764227,210.283042058544,0.4695723746666719,0.2748135958202039,0.3721929852434379,0.4111447410127315,0.3332412294741443
36040,2024,Sassuolo,MO,Emilia-Romagna,41116.0,38.4033,1,149.0,186.0,0.0,335.0,186.0,0.5552238805970149,0.0,81.47679735382819,8.723208682587174,1070.6371587858334,0.7143538417405181,0.0783875177095846,0.39637067972505136,0.523563944531238,0.26917741491886465
36044,2024,Soliera,MO,Emilia-Romagna,15549.0,50.9282,2,34.0,39.0,3.0,76.0,42.0,0.5526315789473685,0.039473684210526314,48.87774133384784,1.4922969985194845,305.3121846049929,0.5053587586402575,0.2705701167613056,0.38796443770078154,0.4349221660765719,0.34100670932499116
36045,2024,Spilamberto,MO,Emilia-Romagna,12979.0,29.7916,2,68.0,87.0,3.0,158.0,90.0,0.569620253164557,0.0189873417721519,121.7351105632175,5.303508371487265,435.6597161616026,0.7391612738486311,0.19398153763101228,0.4665714057398217,0.5756073529833454,0.35753545849629786
36046,2024,Vignola,MO,Emilia-Romagna,26170.0,22.8614,2,100.0,134.0,0.0,234.0,134.0,0.5726495726495726,0.0,89.41536110049675,10.235593620688148,1144.7242951000376,0.7428532941497469,0.1031224101076656,0.42298785212870627,0.5509340289371224,0.29504167532028996
37001,2024,Anzola dell'Emilia,BO,Emilia-Romagna,12348.0,36.5868,2,32.0,43.0,0.0,75.0,43.0,0.5733333333333334,0.0,60.738581146744416,2.049919643149989,337.49877004821417,0.5590836601082072,0.10409297396750256,0.33158831703785485,0.42258645426599584,0.24059017980971395
37006,2024,Bologna,BO,Emilia-Romagna,390151.0,140.8561,1,1946.0,2439.0,11.0,4396.0,2450.0,0.5573248407643312,0.002502274795268426,112.67432353114563,31.20915601099278,2769.8551926398645,0.8783022555479483,0.09401327784110294,0.4861577666945256,0.6430155622358946,0.3292999711531565
37008,2024,Budrio,BO,Emilia-Romagna,18421.0,120.1845,3,52.0,78.0,1.0,131.0,79.0,0.6030534351145038,0.007633587786259542,71.1144888985397,1.089990805802745,153.27267659307148,0.5493793517016735,0.18475191516514175,0.36706563343340765,0.43999112074071395,0.2941401461261013
37009,2024,Calderara di Reno,BO,Emilia-Romagna,13724.0,40.7517,2,34.0,41.0,0.0,75.0,41.0,0.5466666666666666,0.0,54.64879044010493,1.8404140195378353,336.77122672183003,0.53545347902832,0.06624098343386518,0.3008472312310926,0.39468973034998356,0.2070047321122016
37011,2024,Casalecchio di Reno,BO,Emilia-Romagna,35344.0,17.3334,2,101.0,122.0,2.0,225.0,124.0,0.5511111111111111,0.008888888888888889,63.66002716161159,12.98071930492575,2039.0690805035365,0.708262555873956,0.11732111482630435,0.4127918353501302,0.5309801235596605,0.29460354714059983
37019,2024,Castel Maggiore,BO,Emilia-Romagna,18512.0,30.9007,2,57.0,75.0,0.0,132.0,75.0,0.5681818181818182,0.0,71.30509939498704,4.271747889206393,599.0802797347633,0.6358597179255655,0.09678065761441357,0.36632018776998954,0.4741359998322199,0.25850437570775914
37020,2024,Castel San Pietro Terme,BO,Emilia-Romagna,20613.0,148.4146,2,55.0,84.0,0.0,139.0,84.0,0.60431654676259,0.0,67.43317324018824,0.9365655400479467,138.88795307200235,0.5337051442181098,0.14807208527097318,0.34088861474454146,0.4180152265339687,0.26376200295511415
37021,2024,Castenaso,BO,Emilia-Romagna,16531.0,35.7332,2,50.0,79.0,0.0,129.0,79.0,0.6124031007751938,0.0,78.03520658157402,3.610088097343647,462.6229948619212,0.6379653262092009,0.15955054149352918,0.39875793385136504,0.4944408907944994,0.30307497690823065
37024,2024,Crevalcore,BO,Emilia-Romagna,14105.0,102.7525,2,24.0,35.0,0.0,59.0,35.0,0.5932203389830508,0.0,41.829138603332154,0.5741952750541349,137.27159923116227,0.4376693706049478,0.13232157707733366,0.28499547384114077,0.34606503254666354,0.2239259151356179
37030,2024,Granarolo dell'Emilia,BO,Emilia-Romagna,13000.0,34.3693,3,47.0,67.0,1.0,115.0,68.0,0.591304347826087,0.008695652173913044,88.46153846153845,3.3460093746453956,378.2445380033925,0.6527776993012642,0.1734042988146751,0.41309099905796964,0.5089656791552875,0.31721631896065183
37032,2024,Imola,BO,Emilia-Romagna,69403.0,205.0201,2,324.0,411.0,4.0,739.0,415.0,0.5615696887686062,0.005412719891745603,106.47954699364581,3.604524629536323,338.5180282323538,0.6882094567241246,0.11470495119257507,0.40145720395834983,0.5161581050646598,0.2867563028520399
37037,2024,Medicina,BO,Emilia-Romagna,16812.0,159.1058,2,30.0,43.0,1.0,74.0,44.0,0.5945945945945946,0.013513513513513514,44.01617891981918,0.46509932384614516,105.66553827704585,0.4391479663003789,0.2021812387045708,0.32066460250247486,0.36805794802163644,0.2732712569833132
37039,2024,Molinella,BO,Emilia-Romagna,15792.0,127.8402,2,20.0,30.0,2.0,52.0,32.0,0.6153846153846154,0.038461538461538464,32.92806484295846,0.40675781170555114,123.529218508732,0.38904653230721675,0.35471635520710076,0.37188144375715876,0.37874747917718193,0.3650154083371355
37042,2024,Monte San Pietro,BO,Emilia-Romagna,10827.0,74.6852,3,24.0,36.0,1.0,61.0,37.0,0.6065573770491803,0.01639344262295082,56.340629906714696,0.8167615538286033,144.96848103774244,0.49879627874567223,0.23351712608298963,0.36615670241433096,0.41921253294686744,0.3131008718817944
37046,2024,Ozzano dell'Emilia,BO,Emilia-Romagna,14279.0,64.947,2,50.0,66.0,0.0,116.0,66.0,0.5689655172413793,0.0,81.23818194551438,1.7860717200178606,219.85619043219856,0.5976345076341124,0.09789307896630334,0.3477637933002079,0.44771207903376964,0.24781550756664605
37047,2024,Pianoro,BO,Emilia-Romagna,17866.0,107.129,2,46.0,55.0,1.0,102.0,56.0,0.5490196078431373,0.00980392156862745,57.09168252546737,0.9521231412596028,166.77090237003986,0.5076114392444039,0.11893874596061929,0.3132750926025116,0.39100963125926846,0.23554055394575465
37053,2024,San Giovanni in Persiceto,BO,Emilia-Romagna,28052.0,114.4108,2,85.0,116.0,1.0,202.0,117.0,0.5792079207920792,0.0049504950495049506,72.0091259090261,1.76556758627682,245.1866432189968,0.5774483178937505,0.13741512643854692,0.3574317221661487,0.4454383604571894,0.269425083875108
37054,2024,San Lazzaro di Savena,BO,Emilia-Romagna,32828.0,44.7242,2,141.0,206.0,3.0,350.0,209.0,0.5971428571428572,0.008571428571428572,106.61630315584257,7.8257408740681775,734.0097754683146,0.7489295499977945,0.1810686832961987,0.4649991166469966,0.5785712899873157,0.35142694330667745
37055,2024,San Pietro in Casale,BO,Emilia-Romagna,12991.0,65.8564,2,35.0,59.0,0.0,94.0,59.0,0.6276595744680851,0.0,72.357786159649,1.4273479874393378,197.26252877472805,0.5660966257913297,0.18120633766102945,0.37365148172617957,0.4506295393522396,0.29667342410011954
37057,2024,Sasso Marconi,BO,Emilia-Romagna,14907.0,96.4489,2,83.0,116.0,7.0,206.0,123.0,0.5970873786407767,0.03398058252427184,138.19011202790637,2.135846028311365,154.55852788367727,0.694834194186863,0.30686694118549174,0.5008505676861774,0.5784440182864515,0.4232571170859031
37060,2024,Zola Predosa,BO,Emilia-Romagna,19466.0,37.7471,2,88.0,134.0,1.0,223.0,135.0,0.6053811659192825,0.004484304932735426,114.558717764307,5.907738607734103,515.6952454625653,0.7378050143035104,0.1722192814400575,0.45501214787178396,0.5681292944444745,0.34189500129909334
37061,2024,Valsamoggia,BO,Emilia-Romagna,32080.0,178.1144,3,89.0,133.0,2.0,224.0,135.0,0.6026785714285714,0.008928571428571428,69.82543640897755,1.257618698993456,180.10896367727707,0.5536001250315231,0.19071751497736159,0.37215882000444234,0.44473534201527465,0.29958229799361
38001,2024,Argenta,FE,Emilia-Romagna,21187.0,311.5436,3,63.0,101.0,2.0,166.0,103.0,0.6204819277108434,0.012048192771084338,78.34993156180676,0.532830717755075,68.00653263299262,0.5362062394813742,0.23160728872565262,0.38390676410351343,0.4448265542546577,0.3229869739523691
38003,2024,Bondeno,FE,Emilia-Romagna,14053.0,174.7529,3,34.0,45.0,1.0,80.0,46.0,0.575,0.0125,56.92734647406248,0.4577892555717244,80.41640510686804,0.47999039648556036,0.16930602442932952,0.32464821045744496,0.38678508486869106,0.26251133604619875
38004,2024,Cento,FE,Emilia-Romagna,35474.0,64.7415,2,89.0,125.0,1.0,215.0,126.0,0.586046511627907,0.004651162790697674,60.60776907030501,3.3208992686298586,547.9329332808168,0.591134162522624,0.14561503262635286,0.3683745975744884,0.4574784235537426,0.27927077159523417
38005,2024,Codigoro,FE,Emilia-Romagna,10938.0,169.2746,2,34.0,43.0,1.0,78.0,44.0,0.5641025641025641,0.01282051282051282,71.31102578167855,0.4607897463647824,64.61690058638449,0.516512610744047,0.15543891080590047,0.3359757607749737,0.408190500762603,0.2637610207873444
38006,2024,Comacchio,FE,Emilia-Romagna,21910.0,283.7434,2,97.0,125.0,2.0,224.0,127.0,0.5669642857142857,0.008928571428571428,102.23642172523962,0.7894456752121811,77.21765510669147,0.5937097145478775,0.14002288479838312,0.3668662996731303,0.4576036656230291,0.27612893372323144
38007,2024,Copparo,FE,Emilia-Romagna,15714.0,157.0042,2,33.0,35.0,1.0,69.0,36.0,0.5217391304347826,0.014492753623188406,43.90988927071402,0.4394786891051322,100.08649450142099,0.4371199434394559,0.10365227665917104,0.27038611004931346,0.33707964340537044,0.2036925766932565
38008,2024,Ferrara,FE,Emilia-Romagna,129081.0,405.522,1,603.0,717.0,13.0,1333.0,730.0,0.5476369092273068,0.009752438109527382,103.26849032777868,3.287121290583495,318.30825454599255,0.6765981221857709,0.116718134919711,0.39665812855274096,0.5086341260059528,0.28468213109952895
38019,2024,Portomaggiore,FE,Emilia-Romagna,12162.0,126.6429,2,21.0,35.0,2.0,58.0,37.0,0.6379310344827587,0.034482758620689655,47.68952474921888,0.4579806684780592,96.0338084487958,0.45154456666281695,0.367298944757578,0.40942175571019745,0.42627088009124525,0.39257263132914966
38028,2024,Terre del Reno,FE,Emilia-Romagna,10281.0,51.4436,3,19.0,24.0,1.0,44.0,25.0,0.5681818181818182,0.022727272727272728,42.797393249683886,0.8553056162476964,199.84993274187653,0.45661257249510856,0.21047404168058612,0.33354330708784735,0.3827710132507518,0.28431560092494285
39001,2024,Alfonsine,RA,Emilia-Romagna,11607.0,106.7901,2,35.0,47.0,0.0,82.0,47.0,0.573170731707317,0.0,70.64702334797967,0.7678614403395072,108.68985046366659,0.532746099010044,0.10386216914717539,0.3183041340786097,0.4040809200511834,0.23252734810603598
39002,2024,Bagnacavallo,RA,Emilia-Romagna,16543.0,79.5792,2,45.0,58.0,1.0,104.0,59.0,0.5673076923076923,0.009615384615384616,62.86646920147495,1.3068741580714558,207.88095381707782,0.5386655631212495,0.14395309796307426,0.34130933054216184,0.4202518235737969,0.2623668375105268
39007,2024,Cervia,RA,Emilia-Romagna,28957.0,82.3397,2,150.0,189.0,2.0,341.0,191.0,0.5601173020527859,0.005865102639296188,117.76081776427117,4.141380160481518,351.677258964995,0.7148162450577649,0.11491919705108439,0.4148677210544246,0.5348471306557607,0.2948883114530885
39010,2024,Faenza,RA,Emilia-Romagna,58732.0,215.7571,2,308.0,409.0,8.0,725.0,417.0,0.5751724137931035,0.011034482758620689,123.44207587005381,3.3602602185513244,272.2135215944226,0.7071447117678755,0.1622227257281987,0.43468371874803713,0.5436681159559724,0.3256993215401017
39012,2024,Lugo,RA,Emilia-Romagna,32126.0,117.012,2,121.0,151.0,1.0,273.0,152.0,0.5567765567765568,0.003663003663003663,84.9778995206375,2.3330940416367554,274.5530372953201,0.6215920083785489,0.09908926340152276,0.36034063589003584,0.464841184885441,0.25584008689463056
39013,2024,Massa Lombarda,RA,Emilia-Romagna,10856.0,37.2143,2,29.0,36.0,2.0,67.0,38.0,0.5671641791044776,0.029850746268656716,61.71702284450995,1.800383186033326,291.7158189190714,0.5537206228165641,0.24414521206667533,0.39893291744161974,0.46084799959159745,0.337017835291642
39014,2024,Ravenna,RA,Emilia-Romagna,156340.0,653.6748,1,813.0,1043.0,17.0,1873.0,1060.0,0.5659369994660972,0.009076348104644954,119.80299347575796,2.865339156412332,239.17091495648907,0.6910775463157365,0.13930565658907923,0.41519160145240785,0.5255459793977393,0.3048372235070764
39016,2024,Russi,RA,Emilia-Romagna,12221.0,46.2592,3,27.0,35.0,1.0,63.0,36.0,0.5714285714285714,0.015873015873015872,51.550609606415186,1.3618912562257885,264.1852863862756,0.5089117012607527,0.18106244515372988,0.3449870732072413,0.4105569244286458,0.27941722198583674
40003,2024,Bertinoro,FC,Emilia-Romagna,11102.0,57.2533,3,32.0,39.0,2.0,73.0,41.0,0.5616438356164384,0.0273972602739726,65.75391821293461,1.275035674799531,193.910220022252,0.5446164592054816,0.22424223050427933,0.38442934485488045,0.4485041905951209,0.32035449911464
40007,2024,Cesena,FC,Emilia-Romagna,95730.0,249.4613,2,439.0,568.0,9.0,1016.0,577.0,0.5679133858267716,0.008858267716535433,106.13182910268463,4.072776017763076,383.74689781541264,0.6966860082657352,0.1410175434031519,0.41885177583444355,0.5299854688069602,0.30771808286192687
40008,2024,Cesenatico,FC,Emilia-Romagna,26060.0,45.2471,2,122.0,152.0,2.0,276.0,154.0,0.5579710144927537,0.007246376811594203,105.90943975441289,6.0998384426847245,575.9485138274055,0.7276122115986174,0.118815200588123,0.4232137060933702,0.5449731082954691,0.3014543038912713
40012,2024,Forlì,FC,Emilia-Romagna,117535.0,228.1968,1,520.0,633.0,6.0,1159.0,639.0,0.551337359792925,0.005176876617773943,98.60892500106351,5.078949398063426,515.0598080253536,0.7015878281572127,0.09899379497573219,0.4002908115664724,0.5208096182027685,0.2797720049301763
40013,2024,Forlimpopoli,FC,Emilia-Romagna,13163.0,24.4589,2,24.0,28.0,1.0,53.0,29.0,0.5471698113207547,0.018867924528301886,40.26437742156043,2.1669003920863164,538.1681105855129,0.4965834832004892,0.16152133973964644,0.3290524114700678,0.3960648401622363,0.26203998277789925
40015,2024,Gambettola,FC,Emilia-Romagna,10874.0,7.7714,2,19.0,20.0,2.0,41.0,22.0,0.5365853658536586,0.04878048780487805,37.704616516461286,5.275754690274597,1399.2330854157553,0.5497024841446186,0.2928881797334259,0.42129533193902224,0.4726581928212608,0.36993247105678373
40041,2024,San Mauro Pascoli,FC,Emilia-Romagna,12386.0,17.3269,2,43.0,54.0,0.0,97.0,54.0,0.5567010309278351,0.0,78.31422573873729,5.5982316513629105,714.8422395235156,0.6718898043992676,0.0804842582222958,0.3761870313107817,0.49446814054617605,0.2579059220753873
40045,2024,Savignano sul Rubicone,FC,Emilia-Romagna,18028.0,23.2773,2,67.0,83.0,1.0,151.0,84.0,0.5562913907284768,0.006622516556291391,83.75859773685379,6.48700665455186,774.4884501209333,0.6945178471668976,0.11329659685273409,0.4039072220098158,0.5201514720726486,0.2876629719469831
41013,2024,Fano,PU,Marche,59903.0,120.3081,2,289.0,355.0,3.0,647.0,358.0,0.5533230293663061,0.00463678516228748,108.00794617965711,5.377859013649123,497.91327433481206,0.7208227030124675,0.09909329510724806,0.4099579990598578,0.5343038806409016,0.2856121174788139
41029,2024,Mondolfo,PU,Marche,14416.0,24.4475,2,67.0,98.0,1.0,166.0,99.0,0.5963855421686747,0.006024096385542169,115.14983351831297,6.790060333367419,589.6717455772573,0.7498205374127269,0.16719975624455516,0.45851014682864105,0.5750343030622754,0.3419859905950067
41044,2024,Pesaro,PU,Marche,95266.0,153.0061,1,461.0,567.0,3.0,1031.0,570.0,0.5528612997090203,0.002909796314258002,108.22329057586127,6.738293440588317,622.6287710097832,0.7391282864006051,0.08973365160773562,0.41443096900417037,0.5443098959627443,0.2845520420455965
41067,2024,Urbino,PU,Marche,13827.0,226.4901,3,55.0,77.0,1.0,133.0,78.0,0.5864661654135338,0.007518796992481203,96.18861647501265,0.5872221346540091,61.049025983917176,0.5726676556773718,0.16063074480976783,0.3666492002435698,0.44905658241709057,0.284241818070049
41068,2024,Vallefoglia,PU,Marche,15019.0,39.5512,2,38.0,51.0,1.0,90.0,52.0,0.5777777777777777,0.011111111111111112,59.92409614488315,2.2755314630150285,379.73563381136347,0.5635454700686969,0.16630433685773707,0.364924903463217,0.4443731301054089,0.285476676821025
41069,2024,Colli al Metauro,PU,Marche,12392.0,46.1678,2,33.0,38.0,1.0,72.0,39.0,0.5416666666666666,0.013888888888888888,58.10200129115558,1.559528502549396,268.4121833832238,0.535631327332622,0.12892611983601351,0.33227872358431776,0.4136197650836394,0.25093768208499606
42002,2024,Ancona,AN,Marche,99533.0,125.126,1,409.0,556.0,2.0,967.0,558.0,0.5770423991726991,0.002068252326783868,97.15370781549838,7.728209964355929,795.4621741284784,0.7328193850387359,0.11981058399647018,0.426314984517603,0.5489167447260562,0.3037132243091499
42010,2024,Castelfidardo,AN,Marche,18418.0,33.4065,2,72.0,122.0,1.0,195.0,123.0,0.6307692307692307,0.005128205128205128,105.87468780540776,5.837187373714696,551.3298310209091,0.7240530965601712,0.21149836226304403,0.4677757294116076,0.570286676271033,0.3652647825521822
42014,2024,Chiaravalle,AN,Marche,14175.0,17.602,2,33.0,52.0,0.0,85.0,52.0,0.611764705882353,0.0,59.9647266313933,4.828996704919895,805.3062152028178,0.6172591841924686,0.15864437208950924,0.3879517781409889,0.47967474056158077,0.29622881572039705
42017,2024,Fabriano,AN,Marche,28597.0,272.0792,2,51.0,69.0,1.0,121.0,70.0,0.5785123966942148,0.008264462809917356,42.31213064307445,0.44472344817244386,105.10542518501966,0.4315241206323438,0.15308366303319157,0.29230389183276767,0.34799198335259807,0.23661580031293722
42018,2024,Falconara Marittima,AN,Marche,25900.0,25.9277,2,105.0,137.0,0.0,242.0,137.0,0.5661157024793388,0.0,93.43629343629343,9.333647026153496,998.9316445346096,0.7421981363687615,0.09384791041397672,0.4180230233913691,0.547693068582326,0.28835297820041217
42021,2024,Jesi,AN,Marche,39391.0,108.9032,2,170.0,244.0,0.0,414.0,244.0,0.5893719806763285,0.0,105.1001497804067,3.801541185199333,361.70654305842254,0.6899901580496212,0.12685902624497994,0.40842459214730054,0.5210508185082288,0.2957983657863723
42022,2024,Loreto,AN,Marche,13066.0,17.8954,2,30.0,56.0,1.0,87.0,57.0,0.6551724137931034,0.011494252873563218,66.58502984846166,4.861584541278765,730.1317657051534,0.6346650608929685,0.2780788304329812,0.45637194566297484,0.5276891917549722,0.3850546995709774
42034,2024,Osimo,AN,Marche,34792.0,106.7377,2,83.0,121.0,0.0,204.0,121.0,0.5931372549019608,0.0,58.634168774430904,1.9112272421084584,325.95793238939945,0.5490741912958341,0.13220364340792432,0.34063891735187923,0.4240130269294612,0.2572648077742973
42045,2024,Senigallia,AN,Marche,43863.0,117.9945,2,214.0,277.0,5.0,496.0,282.0,0.5685483870967742,0.010080645161290322,113.0793607368397,4.203585760353237,371.7376657386573,0.7093467684186738,0.1480450668708396,0.42869591764475673,0.5409562579543234,0.31643557733518984
43013,2024,Civitanova Marche,MC,Marche,41889.0,46.1219,2,207.0,264.0,2.0,473.0,266.0,0.5623678646934461,0.004228329809725159,112.91747236744729,10.255431801378522,908.2236421309617,0.7808673672444628,0.10987466863413464,0.44537101793929873,0.5795695576613643,0.3111724782172331
43015,2024,Corridonia,MC,Marche,14630.0,61.9643,2,43.0,60.0,0.0,103.0,60.0,0.5825242718446602,0.0,70.40328092959672,1.6622474553896356,236.10369196456668,0.5702639103376613,0.11713904837472695,0.34370147935619416,0.434326451748781,0.2530765069636073
43023,2024,Macerata,MC,Marche,40585.0,92.5263,2,154.0,192.0,4.0,350.0,196.0,0.56,0.011428571428571429,86.23875816188247,3.782708267811422,438.63204299750447,0.6575612990632795,0.1426578550348199,0.4001095770490497,0.5030902658547416,0.2971288882433578
43042,2024,Porto Recanati,MC,Marche,12600.0,17.302,2,47.0,75.0,0.0,122.0,75.0,0.6147540983606558,0.0,96.82539682539684,7.051207952837823,728.2395098832505,0.7247615320065776,0.16288766418163583,0.4438245980941067,0.5561993716590949,0.3314498245291183
43043,2024,Potenza Picena,MC,Marche,15445.0,48.5947,2,52.0,84.0,1.0,137.0,85.0,0.6204379562043796,0.0072992700729927005,88.70184525736484,2.819237488861954,317.83301471148087,0.6412002748158884,0.2077495412656297,0.42447490804075905,0.5111650547508108,0.3377847613307073
43044,2024,Recanati,MC,Marche,20599.0,103.4424,2,61.0,106.0,0.0,167.0,106.0,0.6347305389221557,0.0,81.07189669401427,1.6144250326751892,199.13497753339055,0.5913889410166158,0.1912432156452482,0.39131607833093196,0.47134522340520546,0.31128693325665846
43047,2024,San Severino Marche,MC,Marche,11787.0,194.2547,2,41.0,57.0,0.0,98.0,57.0,0.5816326530612245,0.0,83.1424450665988,0.5044922979984525,60.678068535793464,0.544077127058325,0.11587344040909367,0.3299752837337093,0.4156160210635556,0.24433454640386307
43053,2024,Tolentino,MC,Marche,17557.0,95.1181,2,87.0,126.0,3.0,216.0,129.0,0.5972222222222222,0.013888888888888888,123.02785213874809,2.270861171533073,184.58106291021372,0.6798617535359316,0.20778443344775785,0.44382309349184473,0.5382385575094795,0.34940762947420995
44007,2024,Ascoli Piceno,AP,Marche,45277.0,158.0203,2,189.0,255.0,2.0,446.0,257.0,0.5762331838565022,0.004484304932735426,98.50475959096231,2.82242218246643,286.526477927203,0.6582672310389981,0.1308451886482455,0.3945562098436218,0.5000406183217723,0.2890718013654713
44023,2024,Grottammare,AP,Marche,15924.0,18.097,2,61.0,85.0,0.0,146.0,85.0,0.5821917808219178,0.0,91.6855061542326,8.067635519699397,879.9248494225561,0.7269775944933417,0.11666709411052584,0.42182234430193377,0.5438844443784969,0.29976024422537056
44045,2024,Monteprandone,AP,Marche,13067.0,26.3745,2,45.0,63.0,2.0,110.0,65.0,0.5909090909090909,0.01818181818181818,84.18152598148006,4.170695179055527,495.44067186107793,0.6609064766746867,0.22019906694425243,0.44055277180946956,0.5286942537555565,0.35241128986338266
44066,2024,San Benedetto del Tronto,AP,Marche,47021.0,25.4718,2,261.0,347.0,0.0,608.0,347.0,0.5707236842105263,0.0,129.30392803215585,23.86953415149302,1846.002245620647,0.8766159749609639,0.1003887084465298,0.48850234170374685,0.6437477950066336,0.33325688840086
45001,2024,Aulla,MS,Toscana,10838.0,59.9874,2,27.0,40.0,0.0,67.0,40.0,0.5970149253731343,0.0,61.81952389739805,1.1169012159220102,180.67127430093652,0.5279651999472688,0.13770780138170272,0.3328365006644857,0.41088798037759894,0.2547850209513725
45003,2024,Carrara,MS,Toscana,59662.0,71.3427,2,275.0,344.0,2.0,621.0,346.0,0.5571658615136876,0.00322061191626409,104.0863531225906,8.704464507230593,836.2733678428207,0.7538599285793455,0.09741141563849745,0.42563567210892145,0.556925374697091,0.2943459695207518
45010,2024,Massa,MS,Toscana,65814.0,93.8248,2,405.0,513.0,4.0,922.0,517.0,0.5607375271149675,0.004338394793926247,140.09177378673232,9.826826169626795,701.4563313750735,0.8123015253027053,0.1081149460452914,0.4602082356739983,0.601045551525481,0.31937091982251553
45011,2024,Montignoso,MS,Toscana,10071.0,16.7091,2,38.0,45.0,1.0,84.0,46.0,0.5476190476190477,0.011904761904761904,83.40780458742924,5.027200746898397,602.7254609763543,0.6736670676226275,0.1274650499539108,0.4005660587882692,0.5098064623220124,0.2913256552545258
46001,2024,Altopascio,LU,Toscana,16099.0,28.5992,2,53.0,77.0,1.0,131.0,78.0,0.5954198473282443,0.007633587786259542,81.37151375861855,4.5805477076281855,562.9178438557722,0.6625058392676284,0.1739164216917723,0.4182111304797004,0.5159290139948716,0.3204932469645291
46005,2024,Camaiore,LU,Toscana,31832.0,84.6917,2,205.0,240.0,4.0,449.0,244.0,0.5434298440979956,0.008908685968819599,141.05302839909527,5.301582091279311,375.8573744534589,0.7630773111164141,0.1065172159352811,0.4347972635258476,0.5661092825620742,0.303485244489621
46007,2024,Capannori,LU,Toscana,46644.0,156.1777,2,153.0,230.0,3.0,386.0,233.0,0.6036269430051814,0.007772020725388601,82.75448074779179,2.471543632669709,298.6597958607407,0.6210852077375378,0.18626097929021124,0.40367309351387454,0.49063793920333987,0.3167082478244092
46017,2024,Lucca,LU,Toscana,89002.0,185.7593,2,402.0,537.0,5.0,944.0,542.0,0.5741525423728814,0.005296610169491525,106.06503224646637,5.08184516199189,479.12540583432434,0.7134567063270985,0.13198139128403916,0.4227190488055688,0.5390141118141807,0.30642398579695695
46018,2024,Massarosa,LU,Toscana,21806.0,68.2456,2,95.0,110.0,0.0,205.0,110.0,0.5365853658536586,0.0,94.01082270934604,3.0038566588908298,319.5224307501143,0.6550097631090387,0.05193108457358778,0.3534704238413132,0.4740861595484034,0.23285468813422305
46024,2024,Pietrasanta,LU,Toscana,22743.0,42.2685,2,139.0,171.0,1.0,311.0,172.0,0.5530546623794212,0.003215434083601286,136.7453722024359,7.357725019813809,538.060257638667,0.7842961286310316,0.0915496641195846,0.4379228963753081,0.5764721892775975,0.29937360347301867
46028,2024,Seravezza,LU,Toscana,12381.0,39.4677,2,46.0,50.0,2.0,98.0,52.0,0.5306122448979592,0.02040816326530612,79.15354171714723,2.4830430960000203,313.6995568528189,0.6141940360155006,0.1456609188903213,0.37992747745291094,0.4736341008779468,0.2862208540278751
46033,2024,Viareggio,LU,Toscana,60618.0,32.7261,2,402.0,473.0,5.0,880.0,478.0,0.5431818181818182,0.005681818181818182,145.1714012339569,26.88985244193472,1852.2830401422716,0.9060995707707973,0.08995819104018946,0.49802888090549335,0.6612571568516149,0.3348006049593718
47002,2024,Agliana,PT,Toscana,17946.0,11.6951,2,53.0,69.0,1.0,123.0,70.0,0.5691056910569106,0.008130081300813009,68.53895018388499,10.517225162674967,1534.488803002967,0.7021511765081505,0.13905699047381287,0.42060408349098166,0.5332229206978492,0.30798524628411417
47009,2024,Monsummano Terme,PT,Toscana,20797.0,32.6013,2,45.0,55.0,0.0,100.0,55.0,0.55,0.0,48.08385824878588,3.067362344446387,637.9193467745151,0.548283146613511,0.07097248225056997,0.30962781443204046,0.4050899473046286,0.21416568155945226
47010,2024,Montale,PT,Toscana,10515.0,32.1173,2,27.0,31.0,0.0,58.0,31.0,0.5344827586206896,0.0,55.15929624346172,1.8058803199521754,327.39364766029524,0.5358116985970862,0.048946539483151585,0.29237911904011893,0.3897521508629058,0.19500608721733198
47011,2024,Montecatini-Terme,PT,Toscana,21367.0,17.6865,2,69.0,84.0,0.0,153.0,84.0,0.5490196078431373,0.0,71.60574718023119,8.650665762021882,1208.0965708308597,0.6927759833721144,0.06958086495153919,0.3811784241618268,0.5058174478459418,0.25653940047771173
47012,2024,Pescia,PT,Toscana,19290.0,79.1247,2,52.0,67.0,0.0,119.0,67.0,0.5630252100840336,0.0,61.68999481596682,1.5039551492770271,243.79239352566265,0.5432442331396299,0.08946111208055028,0.3163526726100901,0.407109296821906,0.22559604839827416
47014,2024,Pistoia,PT,Toscana,88889.0,236.5022,2,386.0,489.0,6.0,881.0,495.0,0.5618615209988649,0.00681044267877412,99.11237610952986,3.7251239100524227,375.84851219142996,0.6789823130633309,0.12214751829956651,0.4005649156814487,0.5119318746342015,0.28919795672869586
47017,2024,Quarrata,PT,Toscana,26969.0,45.9465,2,54.0,71.0,0.0,125.0,71.0,0.568,0.0,46.349512403129516,2.720555428596302,586.9652748305094,0.5341015635733578,0.09652257586077498,0.3153120697170664,0.4028278672595829,0.2277962721745498
47020,2024,Serravalle Pistoiese,PT,Toscana,11811.0,41.99,2,48.0,82.0,0.0,130.0,82.0,0.6307692307692307,0.0,110.06688680044027,3.095975232198142,281.28125744224815,0.6827029380664389,0.18562033819379814,0.43416163813011854,0.5335781581046466,0.3347451181555904
48001,2024,Bagno a Ripoli,FI,Toscana,24946.0,74.0991,2,163.0,218.0,3.0,384.0,221.0,0.5755208333333334,0.0078125,153.9324941874449,5.182249177115511,336.65726034459254,0.7755161353285159,0.14656897887778858,0.46104255710315223,0.5868319883932978,0.33525312581300676
48002,2024,Barberino di Mugello,FI,Toscana,10939.0,133.325,2,75.0,102.0,2.0,179.0,104.0,0.5810055865921788,0.0111731843575419,163.63470152664777,1.3425839114944684,82.04762797674856,0.6952117868496412,0.1711966258497013,0.4332042063496713,0.5380072385496593,0.3284011741496833
48004,2024,Borgo San Lorenzo,FI,Toscana,18286.0,146.3627,2,61.0,74.0,0.0,135.0,74.0,0.5481481481481482,0.0,73.82697145357103,0.9223661492989677,124.93620300800683,0.5476523441282858,0.0683438717968451,0.30799810796256544,0.40385980242885355,0.2121364134962773
48005,2024,Calenzano,FI,Toscana,17994.0,76.8222,2,127.0,179.0,4.0,310.0,183.0,0.5903225806451613,0.012903225806451613,172.27964877181284,4.035291881773758,234.22916813108714,0.7747638157894294,0.19307004698529162,0.4839169313873605,0.6002556851481881,0.36757817762653294
48006,2024,Campi Bisenzio,FI,Toscana,47539.0,28.7407,2,219.0,267.0,3.0,489.0,270.0,0.5521472392638037,0.006134969325153374,102.86291255600665,17.014199375798086,1654.065489010358,0.809471800032624,0.10496324537411349,0.45721752270336874,0.5981192336350708,0.3163158117716666
48010,2024,Castelfiorentino,FI,Toscana,17353.0,66.3438,2,44.0,55.0,1.0,100.0,56.0,0.56,0.01,57.62692329856509,1.5072998531889943,261.56174352388615,0.5323918150685777,0.13550712214850014,0.3339494686085389,0.41332640719255437,0.2545725300245234
48011,2024,Cerreto Guidi,FI,Toscana,10663.0,49.3049,3,27.0,42.0,0.0,69.0,42.0,0.6086956521739131,0.0,64.70974397449123,1.3994552265596318,216.26653740297616,0.5469859803093879,0.1542880048925433,0.3506369926009656,0.42917658768433453,0.27209739751759665
48012,2024,Certaldo,FI,Toscana,15667.0,75.2749,2,35.0,50.0,1.0,86.0,51.0,0.5930232558139535,0.011627906976744186,54.892449096827725,1.1424790999390235,208.13046579935676,0.5099431770662207,0.19052967740819082,0.35023642723720577,0.4141191271688117,0.28635372730559977
48014,2024,Empoli,FI,Toscana,49391.0,62.4216,2,203.0,264.0,1.0,468.0,265.0,0.5662393162393162,0.002136752136752137,94.75410499888645,7.497404744511515,791.2485421712997,0.7262724110771309,0.10482197497952615,0.41554719302832854,0.5398372802478495,0.2912571058088076
48015,2024,Fiesole,FI,Toscana,13809.0,42.1928,2,50.0,65.0,0.0,115.0,65.0,0.5652173913043478,0.0,83.27902092838005,2.725583511878804,327.28332796116877,0.6286762858615061,0.09257280293552589,0.360624544398516,0.46784524098371205,0.2534038478133199
48017,2024,Firenze,FI,Toscana,361705.0,102.3077,1,2291.0,2697.0,14.0,5002.0,2711.0,0.541983206717313,0.0027988804478208716,138.28949005404957,48.89172564723867,3535.4621401908166,0.9522904292139237,0.07373320430088741,0.5130118167574056,0.6887232617400127,0.3373003717747983
48019,2024,Fucecchio,FI,Toscana,22847.0,65.1763,2,82.0,115.0,2.0,199.0,117.0,0.5879396984924623,0.010050251256281407,87.10115113581652,3.053257088849781,350.5415312007586,0.6437817253566416,0.17541782215725726,0.40959977375694945,0.5032725543968263,0.3159269931170725
48021,2024,Greve in Chianti,FI,Toscana,13381.0,169.3743,3,31.0,39.0,1.0,71.0,40.0,0.5633802816901409,0.014084507042253521,53.06030939391675,0.4191899243273625,79.00254052710476,0.4661770994210188,0.16072351198052368,0.31345030570077126,0.3745410231888703,0.2523595882126722
48022,2024,Impruneta,FI,Toscana,14250.0,48.7145,3,75.0,105.0,1.0,181.0,106.0,0.585635359116022,0.0055248618784530384,127.01754385964912,3.71552617803734,292.52070738691765,0.7190698841753973,0.1494292149344938,0.43424954955494555,0.5481776834031262,0.32032141570676487
48024,2024,Lastra a Signa,FI,Toscana,19869.0,42.899,2,102.0,124.0,0.0,226.0,124.0,0.5486725663716814,0.0,113.74502994614727,5.268188069651973,463.15764936245597,0.7276116418106935,0.06908825705807684,0.3983499494343852,0.5300546263849084,0.26664527248386183
48028,2024,Montelupo Fiorentino,FI,Toscana,14323.0,24.6576,2,31.0,46.0,0.0,77.0,46.0,0.5974025974025974,0.0,53.759687216365286,3.122769450392577,580.875673220427,0.5674663159561132,0.13825808230630496,0.3528621991312091,0.43870384586117067,0.26702055240124745
48030,2024,Montespertoli,FI,Toscana,13170.0,124.8817,3,32.0,40.0,0.0,72.0,40.0,0.5555555555555556,0.0,54.66970387243736,0.5765456427963425,105.45980716149765,0.48076202003536533,0.07885831361174436,0.27981016682355486,0.36019090810827903,0.19942942553883064
48033,2024,Pontassieve,FI,Toscana,20127.0,114.3984,2,47.0,60.0,2.0,109.0,62.0,0.5688073394495413,0.01834862385321101,54.15610870969345,0.952810528818585,175.93777535350145,0.49914980481816024,0.1896554999567481,0.34440265238745416,0.4063015133597366,0.28250379141517173
48035,2024,Reggello,FI,Toscana,16556.0,121.6457,2,38.0,56.0,0.0,94.0,56.0,0.5957446808510638,0.0,56.776999275187244,0.7727359043517362,136.10016630263132,0.4977566372115387,0.1359047532457721,0.31683069522865537,0.3892010720218087,0.24446031843550203
48038,2024,San Casciano in Val di Pesa,FI,Toscana,16313.0,107.8277,3,50.0,69.0,0.0,119.0,69.0,0.5798319327731093,0.0,72.9479556182186,1.103612522570731,151.28765614030533,0.5540962623715415,0.11331740863536377,0.33370683550345265,0.42186260625068817,0.24555106475621707
48041,2024,Scandicci,FI,Toscana,49212.0,59.6923,2,261.0,330.0,2.0,593.0,332.0,0.5598650927487352,0.003372681281618887,120.49906526863366,9.934279630706138,824.4279412922605,0.7887297387075479,0.10200965116365932,0.44536969493560363,0.5827137124443813,0.30802567742682585
48043,2024,Sesto Fiorentino,FI,Toscana,49103.0,48.811,2,258.0,312.0,3.0,573.0,315.0,0.5497382198952879,0.005235602094240838,116.69348105003768,11.739157157198173,1005.98225809756,0.7977258273948558,0.0970194582144163,0.447372642804636,0.5875139166407239,0.30723136896854814
48044,2024,Signa,FI,Toscana,19063.0,18.7991,2,69.0,80.0,1.0,150.0,81.0,0.54,0.006666666666666667,78.68646068299849,7.979105382704492,1014.0379060699714,0.7013113424651061,0.0903936754231203,0.39585250894411317,0.5180360423525103,0.273668975535716
48050,2024,Vinci,FI,Toscana,14587.0,54.1848,2,50.0,69.0,1.0,120.0,70.0,0.5833333333333334,0.008333333333333333,82.26503050661547,2.2146432209771003,269.2083388699414,0.6129746536581276,0.16027229788733635,0.386623475772732,0.47716394692689024,0.29608300461857373
48052,2024,Figline e Incisa Valdarno,FI,Toscana,23193.0,97.9011,2,93.0,135.0,4.0,232.0,139.0,0.5991379310344828,0.017241379310344827,100.0301815202863,2.3697384401196717,236.90234328317047,0.6490362725718228,0.22720447832392066,0.43812037544787175,0.5224867342974522,0.3537540165982913
48053,2024,Scarperia e San Piero,FI,Toscana,11952.0,115.8099,3,52.0,81.0,0.0,133.0,81.0,0.6090225563909775,0.0,111.2784471218206,1.1484337694791205,103.20361212642443,0.62446756198063,0.15475202896740806,0.389609795474019,0.48355290207666346,0.29566668887137465
48054,2024,Barberino Tavarnelle,FI,Toscana,11977.0,122.9906,3,45.0,55.0,0.0,100.0,55.0,0.55,0.0,83.49336227769892,0.8130702671586284,97.38142589758893,0.5621103708075651,0.07097248225056997,0.3165414265290675,0.41476900424046653,0.2183138488176685
49002,2024,Campiglia Marittima,LI,Toscana,12301.0,83.2763,2,32.0,41.0,1.0,74.0,42.0,0.5675675675675675,0.013513513513513514,60.15771075522316,0.8886081634270494,147.71309484210994,0.512960415337839,0.16381773478534375,0.3383890750615914,0.4082176111720904,0.26856053895109233
49007,2024,Cecina,LI,Toscana,28062.0,42.6364,2,136.0,176.0,1.0,313.0,177.0,0.5654952076677316,0.003194888178913738,111.53873565676002,7.341145124822921,658.1700143539323,0.7510038631781182,0.10910477914460025,0.4300543211613592,0.5584341379680627,0.3016745043546556
49008,2024,Collesalvetti,LI,Toscana,16418.0,107.9895,3,57.0,80.0,0.0,137.0,80.0,0.583941605839416,0.0,83.4449993909124,1.2686418586992254,152.03329953375095,0.5828644342177265,0.11915088261044574,0.3510076584140861,0.44375036873554224,0.25826494809262995
49009,2024,Livorno,LI,Toscana,153154.0,105.0718,1,997.0,1227.0,7.0,2231.0,1234.0,0.5531151949798296,0.0031376064545047063,145.67037099912505,21.233099651857113,1457.6127942987557,0.8855754740341746,0.09124309278404898,0.48840928340911177,0.6472757596591369,0.3295428071590867
49012,2024,Piombino,LI,Toscana,32367.0,130.7445,2,125.0,161.0,0.0,286.0,161.0,0.5629370629370629,0.0,88.36160286711775,2.1874725131841113,247.5591707490564,0.6237604521039075,0.08933599164407396,0.3565482218739907,0.46343311396595743,0.24966332978202405
49014,2024,Portoferraio,LI,Toscana,11779.0,48.2796,2,47.0,57.0,0.0,104.0,57.0,0.5480769230769231,0.0,88.29272433992699,2.1541189239347465,243.97468081757097,0.6226558182266346,0.06824277139477883,0.34544929481070674,0.45633190417707786,0.23456668544433557
49017,2024,Rosignano Marittimo,LI,Toscana,30095.0,120.8274,2,120.0,183.0,4.0,307.0,187.0,0.6091205211726385,0.013029315960912053,102.01030071440438,2.5408144179217627,249.07429937249333,0.6568215123595806,0.22038251966207162,0.43860201601082616,0.5258898145503279,0.3513142174713243
50004,2024,Calcinaia,PI,Toscana,12855.0,14.8907,2,65.0,90.0,0.0,155.0,90.0,0.5806451612903226,0.0,120.57565149747181,10.40918156970458,863.2905101842089,0.7927871096366443,0.11447174556543536,0.45362942760103986,0.5892925004152816,0.317966354786798
50008,2024,Cascina,PI,Toscana,44754.0,78.6061,2,188.0,268.0,1.0,457.0,269.0,0.5886214442013129,0.002188183807439825,102.11377753943782,5.813798165791205,569.3451271593426,0.7178660577654273,0.13685191726947996,0.42735898751745366,0.5435618156166431,0.31115615941826413
50009,2024,Castelfranco di Sotto,PI,Toscana,13586.0,48.2476,2,24.0,27.0,0.0,51.0,27.0,0.5294117647058824,0.0,37.53864272044752,1.0570473971762326,281.5891360399274,0.4452592675275131,0.04174851897092348,0.24350389324921828,0.3242060429605362,0.16280174353790036
50022,2024,Montopoli in Val d'Arno,PI,Toscana,11296.0,30.1735,2,38.0,56.0,0.0,94.0,56.0,0.5957446808510638,0.0,83.21529745042493,3.11531642003745,374.3682370291812,0.637805605827481,0.1359047532457721,0.38685517953662657,0.4872353500529683,0.2864750090202848
50026,2024,Pisa,PI,Toscana,89422.0,185.1558,1,566.0,716.0,10.0,1292.0,726.0,0.5619195046439629,0.007739938080495356,144.48346044597525,6.977907254323116,482.95543536848425,0.7889236163302564,0.12689830922571685,0.45791096277798665,0.5903160241988945,0.3255059013570787
50028,2024,Ponsacco,PI,Toscana,15642.0,19.8828,2,56.0,83.0,0.0,139.0,83.0,0.5971223021582733,0.0,88.86331671141798,6.990967067012694,786.7101213108817,0.7101564632035259,0.1378602173212508,0.4240083402623883,0.5384675894388433,0.3095490910859333
50029,2024,Pontedera,PI,Toscana,29893.0,46.0346,2,159.0,205.0,1.0,365.0,206.0,0.5643835616438356,0.0027397260273972603,122.10216438631117,7.928818758064587,649.3593948899306,0.7720325268631317,0.10523093597902071,0.4386317314210762,0.5719920495978984,0.305271413244254
50031,2024,San Giuliano Terme,PI,Toscana,30832.0,91.9402,2,112.0,159.0,3.0,274.0,162.0,0.5912408759124088,0.010948905109489052,88.86870783601452,2.9801979982640887,335.3484112499211,0.6453440070086447,0.18460285615202532,0.414973431580335,0.5071216617516588,0.32282520140901116
50032,2024,San Miniato,PI,Toscana,27831.0,102.5825,2,88.0,134.0,0.0,222.0,134.0,0.6036036036036037,0.0,79.76716610973374,2.164111812443643,271.3035849194551,0.6065117374534081,0.1470600983570368,0.3767859179052225,0.4686762457244967,0.28489559008594817
50033,2024,Santa Croce sull'Arno,PI,Toscana,14941.0,16.7885,2,36.0,47.0,1.0,84.0,48.0,0.5714285714285714,0.011904761904761904,56.22113647011579,5.003424963516693,889.9544330940823,0.6096204463048386,0.1612614700732297,0.3854409581890341,0.4751127534353559,0.2957691629427123
50035,2024,Santa Maria a Monte,PI,Toscana,13396.0,38.0351,2,30.0,40.0,0.0,70.0,40.0,0.5714285714285714,0.0,52.25440429979098,1.840405309832234,352.20099329303724,0.5282488477967325,0.10138926035795695,0.31481905407734473,0.4001909715650998,0.2294471365895896
50037,2024,Vecchiano,PI,Toscana,11876.0,67.7196,2,67.0,103.0,0.0,170.0,103.0,0.6058823529411764,0.0,143.1458403502863,2.5103515082782533,175.37020301360315,0.7110575739916165,0.15029466829532442,0.4306761211434705,0.5428287022827288,0.318523540004212
50040,2024,Casciana Terme Lari,PI,Toscana,12121.0,81.3978,3,39.0,60.0,0.0,99.0,60.0,0.6060606060606061,0.0,81.67642933751341,1.2162490878131842,148.9106585190263,0.5772241796751163,0.15054768962242102,0.36388593464876867,0.4492212326593077,0.2785506366382296
51002,2024,Arezzo,AR,Toscana,96479.0,384.7538,1,358.0,428.0,2.0,788.0,430.0,0.5456852791878173,0.0025380710659898475,81.67580509748235,2.048062943108034,250.75515823365487,0.6068625519909207,0.07767214948198287,0.34226735073645176,0.44810543123823926,0.2364292702346642
51004,2024,Bibbiena,AR,Toscana,11930.0,86.5123,3,28.0,33.0,2.0,63.0,35.0,0.5555555555555556,0.031746031746031744,52.80804694048617,0.7282201490423905,137.8994663186622,0.4837333451261353,0.23696939014995053,0.36035136763804293,0.40970415863327986,0.31099857664280595
51012,2024,Castiglion Fiorentino,AR,Toscana,12823.0,111.4255,2,24.0,35.0,0.0,59.0,35.0,0.5932203389830508,0.0,46.011073851672776,0.529501774728406,115.08137724309067,0.4502519396933316,0.13232157707733366,0.29128675838533263,0.35487283090853217,0.22770068586213305
51017,2024,Cortona,AR,Toscana,20834.0,342.7358,3,78.0,108.0,0.0,186.0,108.0,0.5806451612903226,0.0,89.27714313141979,0.5426920677676508,60.787346988555036,0.557936918552553,0.11447174556543536,0.3362043320589942,0.4248973666564177,0.24751129746157063
51026,2024,Montevarchi,AR,Toscana,24060.0,56.6334,2,61.0,91.0,1.0,153.0,92.0,0.6013071895424836,0.006535947712418301,63.591022443890274,2.70158598989289,424.83763997923484,0.5844923346184135,0.17675915500032569,0.3806257448093696,0.46217238073298716,0.299079108885752
51033,2024,San Giovanni Valdarno,AR,Toscana,16503.0,21.4497,2,44.0,55.0,0.0,99.0,55.0,0.5555555555555556,0.0,59.98909289220142,4.615449167121218,769.3813899495098,0.6138534069724954,0.07885831361174436,0.34635586029211984,0.45335487896427,0.23935684161996967
51034,2024,Sansepolcro,AR,Toscana,15151.0,91.193,2,41.0,60.0,0.0,101.0,60.0,0.594059405940594,0.0,66.66226651706158,1.1075411489916989,166.14213810270525,0.5397180576674971,0.13351259037235916,0.33661532401992816,0.41785641747895574,0.25537423056090053
51039,2024,Terranuova Bracciolini,AR,Toscana,12077.0,85.5312,2,30.0,47.0,0.0,77.0,47.0,0.6103896103896104,0.0,63.7575556843587,0.9002562807490132,141.19993639747835,0.5229012981132128,0.15669249328047896,0.3397968956968459,0.4130386566633927,0.2665551347302991
52012,2024,Colle di Val d'Elsa,SI,Toscana,21605.0,92.035,2,85.0,119.0,0.0,204.0,119.0,0.5833333333333334,0.0,94.4225873640361,2.2165480523713805,234.74765035041017,0.6353548947187145,0.11828747041761654,0.37682118256816555,0.4802346674283851,0.27340769770794593
52015,2024,Montepulciano,SI,Toscana,13032.0,165.5402,3,47.0,67.0,3.0,117.0,70.0,0.5982905982905983,0.02564102564102564,89.77900552486187,0.706776964145265,78.72408031402644,0.5682457263640828,0.2676049576577046,0.4179253420108937,0.4780534957521693,0.35779718826961804
52022,2024,Poggibonsi,SI,Toscana,28062.0,70.5922,2,97.0,117.0,0.0,214.0,117.0,0.5467289719626168,0.0,76.25971064072411,3.031496397619,397.52267247656255,0.6217706578390371,0.06632942266408402,0.34405004025156055,0.45513828728655115,0.23296179321656993
52032,2024,Siena,SI,Toscana,52990.0,118.5061,2,241.0,287.0,2.0,530.0,289.0,0.5452830188679245,0.0037735849056603774,100.01887148518588,4.472343617754698,447.14997793362534,0.6941131876459586,0.08333213890168295,0.38872266327382077,0.5108788730226759,0.26656645352496566
52033,2024,Sinalunga,SI,Toscana,12084.0,78.6758,2,30.0,45.0,0.0,75.0,45.0,0.6,0.0,62.06554121151936,0.9532791531830627,153.59233716085507,0.521123840436878,0.14194496450113975,0.3315344024690089,0.40737017765615646,0.2556986272818612
53009,2024,Follonica,GR,Toscana,20174.0,56.1606,2,78.0,100.0,0.0,178.0,100.0,0.5617977528089888,0.0,88.23237830871417,3.169481807530546,359.2198089051755,0.648501003368927,0.08771879828722128,0.36810990082807415,0.48026634184441525,0.255953459811733
53011,2024,Grosseto,GR,Toscana,81264.0,473.4591,1,414.0,556.0,3.0,973.0,559.0,0.5745118191161357,0.003083247687564234,119.73321519984249,2.055087757316313,171.6389018607943,0.669104421560887,0.12134036730341645,0.39522239443215174,0.5047752052836458,0.28566958358065764
53016,2024,Monte Argentario,GR,Toscana,11696.0,60.4768,2,32.0,42.0,0.0,74.0,42.0,0.5675675675675675,0.0,63.269493844049244,1.223609714799725,193.3964760040214,0.5362770380444103,0.0959087597980674,0.3160928989212388,0.4041665545705074,0.22801924327197026
53018,2024,Orbetello,GR,Toscana,14020.0,226.8751,3,59.0,92.0,0.0,151.0,92.0,0.609271523178808,0.0,107.70328102710414,0.6655644449302722,61.79611601273123,0.5954900544759676,0.15510542478601366,0.3752977396309906,0.4633746655689814,0.2872208136929998
54001,2024,Assisi,PG,Umbria,27468.0,187.1954,3,56.0,74.0,2.0,132.0,76.0,0.5757575757575758,0.015151515151515152,48.05591961555264,0.7051455324222711,146.7343748831435,0.46733696836944005,0.18361283112963458,0.3254748997495373,0.3822197271974984,0.2687300723015762
54002,2024,Bastia Umbra,PG,Umbria,21321.0,27.5988,2,51.0,74.0,0.0,125.0,74.0,0.592,0.0,58.627644106749216,4.5291824282215165,772.5335884168877,0.6087154086144355,0.13058936734104856,0.369652387977742,0.4652775962324194,0.2740271797230646
54009,2024,Castiglione del Lago,PG,Umbria,15173.0,205.2651,3,36.0,53.0,2.0,91.0,55.0,0.6043956043956044,0.02197802197802198,59.97495551308245,0.44332913875763585,73.91904420186384,0.48746240555897996,0.2581699977422949,0.37281620165063745,0.4186746832139744,0.3269577200873004
54013,2024,Città di Castello,PG,Umbria,37871.0,387.3122,2,101.0,152.0,2.0,255.0,154.0,0.6039215686274509,0.00784313725490196,67.33384383829315,0.6583835985543445,97.77900102294737,0.5190447509142965,0.18703618687838336,0.3530404688963399,0.41944218170352254,0.2866387560891573
54015,2024,Corciano,PG,Umbria,21623.0,63.724,2,68.0,93.0,2.0,163.0,95.0,0.5828220858895705,0.012269938650306749,75.38269435323498,2.5579059694934405,339.32270416169735,0.6082781780252213,0.17925940695504444,0.39376879249013286,0.4795725467041682,0.3079650382760975
54018,2024,Foligno,PG,Umbria,55303.0,264.6556,2,216.0,310.0,3.0,529.0,313.0,0.5916824196597353,0.005671077504725898,95.65484693416269,1.998824132192933,208.96213796345137,0.6309382059370808,0.15874832068233427,0.39484326330970754,0.48928124036065684,0.30040528625875823
54023,2024,Gualdo Tadino,PG,Umbria,14224.0,124.2828,2,28.0,38.0,2.0,68.0,40.0,0.5882352941176471,0.029411764705882353,47.80652418447694,0.5471392662540593,114.44866063526088,0.4574580264863711,0.2718976417460879,0.3646778341162295,0.4017899110642861,0.3275657571681728
54024,2024,Gubbio,PG,Umbria,30308.0,525.7677,2,69.0,93.0,2.0,164.0,95.0,0.5792682926829268,0.012195121951219513,54.111125775372834,0.31192482915934167,57.645230013178825,0.4620213674876157,0.17384104225547461,0.31793120487154514,0.37556726991797335,0.26029513982511693
54026,2024,Magione,PG,Umbria,14680.0,129.7334,2,35.0,52.0,0.0,87.0,52.0,0.5977011494252874,0.0,59.264305177111716,0.6706060274378072,113.15513198605757,0.49914244585323553,0.13868186186892975,0.3189121538610826,0.39100427065794374,0.24682003706422148
54027,2024,Marsciano,PG,Umbria,17931.0,161.5282,3,29.0,49.0,2.0,80.0,51.0,0.6375,0.025,44.61547041436618,0.4952695566470746,111.00848025298369,0.4432101038319212,0.32009777629775227,0.38165394006483677,0.40627640557167055,0.35703147455800294
54039,2024,Perugia,PG,Umbria,162050.0,449.6326,1,502.0,657.0,15.0,1174.0,672.0,0.5724020442930153,0.012776831345826235,72.4467756865165,2.611020642186532,360.40536206671845,0.6032357792573139,0.16700140685007056,0.3851185930536922,0.47236546753514086,0.29787171857224354
54044,2024,San Giustino,PG,Umbria,11060.0,79.9787,2,23.0,30.0,0.0,53.0,30.0,0.5660377358490566,0.0,47.920433996383366,0.6626764376015114,138.28681886552295,0.46453817659763796,0.09373724070829983,0.2791377086529689,0.3532978958308365,0.2049775214751013
54051,2024,Spoleto,PG,Umbria,35983.0,348.1366,2,142.0,210.0,1.0,353.0,211.0,0.5977337110481586,0.0028328611898017,98.10188144401523,1.0139698038068965,103.35885396709223,0.5980075590773083,0.15303966857771414,0.3755236138275112,0.46451719192743,0.2865300357275924
54052,2024,Todi,PG,Umbria,15481.0,222.8556,3,39.0,53.0,1.0,93.0,54.0,0.5806451612903226,0.010752688172043012,60.07363865383373,0.417310581380948,69.46650656299416,0.486035439423378,0.1685807391554865,0.3273080892894322,0.39079902934301053,0.2638171492358539
54056,2024,Umbertide,PG,Umbria,16232.0,200.8311,2,29.0,43.0,1.0,73.0,44.0,0.6027397260273972,0.0136986301369863,44.97289305076392,0.3634895193025383,80.82413530573702,0.4359081212385857,0.21466680257226578,0.32528746190542573,0.3695357256386897,0.2810391981721617
55004,2024,Amelia,TR,Umbria,11474.0,132.4965,2,22.0,33.0,0.0,55.0,33.0,0.6,0.0,47.93446051943525,0.4151053046684252,86.59851392300929,0.44959052131898025,0.14194496450113975,0.29576774291006,0.3572968542736281,0.23423863154649188
55022,2024,Narni,TR,Umbria,17769.0,197.9832,3,69.0,112.0,4.0,185.0,116.0,0.6270270270270271,0.021621621621621623,104.11390624120659,0.9344227186953236,89.7500393972822,0.6039073776571365,0.28852955051997975,0.44621846408855814,0.5092940295159895,0.3831428986611268
55023,2024,Orvieto,TR,Umbria,19196.0,281.2685,2,74.0,103.0,1.0,178.0,104.0,0.5842696629213483,0.0056179775280898875,92.72765159408209,0.6328472616023479,68.24795524561051,0.5693635770373596,0.14795915324044695,0.3586613651389033,0.4429422498982858,0.27438048037952073
55032,2024,Terni,TR,Umbria,106310.0,212.4261,1,430.0,545.0,4.0,979.0,549.0,0.5607763023493361,0.0040858018386108275,92.08917317279655,4.608661553359028,500.45639401184695,0.6830101779061826,0.10689744181090899,0.3949538098585458,0.5101763570776005,0.27973126263949105
56021,2024,Civita Castellana,VT,Lazio,15070.0,84.221,2,46.0,67.0,2.0,115.0,69.0,0.6,0.017391304347826087,76.31055076310551,1.365455171513043,178.93399508436138,0.5722914819986507,0.22917372322489288,0.4007326026117718,0.4693561543665233,0.3321090508570202
56036,2024,Montefiascone,VT,Lazio,12951.0,104.9301,2,27.0,42.0,0.0,69.0,42.0,0.6086956521739131,0.0,53.27773917072041,0.6575806179542382,123.42502294384548,0.4812756908449251,0.1542880048925433,0.3177818478687342,0.3831793850592105,0.25238431067825784
56050,2024,Tarquinia,VT,Lazio,15856.0,279.6282,2,58.0,86.0,4.0,148.0,90.0,0.6081081081081081,0.02702702702702703,93.34006054490415,0.5292742291371185,56.70386606214967,0.564335647399572,0.2883724825528484,0.4263540649762102,0.48154669794555494,0.37116143200686547
56057,2024,Vetralla,VT,Lazio,13358.0,113.7711,2,37.0,52.0,0.0,89.0,52.0,0.5842696629213483,0.0,66.62674053001946,0.7822724751716384,117.41118790272749,0.5240414332440055,0.11961654311893799,0.32182898818147176,0.40271396620648525,0.24094401015645822
56059,2024,Viterbo,VT,Lazio,66393.0,406.2267,2,287.0,383.0,4.0,674.0,387.0,0.5741839762611276,0.005934718100890208,101.51672616089044,1.659172082977313,163.43829689185867,0.6294036452356455,0.13523626158664423,0.3823199534111449,0.4811534301409451,0.28348647668134463
57027,2024,Fara in Sabina,RI,Lazio,13885.0,54.9624,3,22.0,25.0,0.0,47.0,25.0,0.5319148936170213,0.0,33.849477853799065,0.8551300525450125,252.62725062952126,0.4191672138053162,0.045301584415257376,0.2322343991102868,0.3070075249882985,0.157461273232275
57059,2024,Rieti,RI,Lazio,45083.0,206.455,2,155.0,207.0,5.0,367.0,212.0,0.5776566757493188,0.013623978201634877,81.40540780338486,1.7776270858056233,218.36719866314692,0.597684940231403,0.1786900909614313,0.3881875155964171,0.4719864854504114,0.3043885457424228
58003,2024,Albano Laziale,RM,Lazio,39662.0,23.8183,2,80.0,98.0,1.0,179.0,99.0,0.553072625698324,0.00558659217877095,45.13135999193183,7.515229886263923,1665.1902108882666,0.6068382495871578,0.10351863146033954,0.3551784405237487,0.45584236414911233,0.254514516898385
58005,2024,Anguillara Sabazia,RM,Lazio,19038.0,75.2726,2,49.0,62.0,1.0,112.0,63.0,0.5625,0.008928571428571428,58.82970900304654,1.487925221129601,252.9207174987977,0.5349970603573865,0.13368605602601083,0.33434155819169864,0.41460375905797375,0.2540793573254235
58007,2024,Anzio,RM,Lazio,59789.0,43.8596,1,76.0,101.0,0.0,177.0,101.0,0.5706214689265536,0.0,29.604107779022897,4.0356045198770625,1363.190726773614,0.49075992514167327,0.10024361899798002,0.29550177206982664,0.37360503329856526,0.21739851084108797
58009,2024,Ariccia,RM,Lazio,17917.0,18.5904,2,47.0,65.0,3.0,115.0,68.0,0.591304347826087,0.02608695652173913,64.18485237483954,6.185988467165849,963.7770031844393,0.6476880156861352,0.2598874761245347,0.453787745905335,0.531347853817655,0.37622763799301484
58011,2024,Artena,RM,Lazio,13652.0,54.8063,2,28.0,43.0,0.0,71.0,43.0,0.6056338028169014,0.0,52.00703193671257,1.2954715060129949,249.09545070548458,0.5076754156736494,0.14994186390965467,0.32880863979165204,0.40035535014445095,0.25726192943885307
58013,2024,Bracciano,RM,Lazio,18379.0,143.0603,2,48.0,61.0,1.0,110.0,62.0,0.5636363636363636,0.00909090909090909,59.85091680722564,0.7689065380122927,128.47030238298115,0.5060468041881063,0.13611302285234875,0.3210799135202275,0.39506666978737903,0.247093157253076
58015,2024,Campagnano di Roma,RM,Lazio,10928.0,46.9379,2,18.0,30.0,0.0,48.0,30.0,0.625,0.0,43.92386530014642,1.022627769883186,232.81825561007204,0.4688032733234918,0.17743120562642473,0.3231172394749583,0.38139165301437167,0.2648428259355448
58018,2024,Capena,RM,Lazio,10980.0,29.507,2,28.0,43.0,0.0,71.0,43.0,0.6056338028169014,0.0,64.66302367941712,2.4062086962415696,372.11509133425966,0.579454344064408,0.14994186390965467,0.36469810398703134,0.45060060001798197,0.27879560795608066
58026,2024,Cave,RM,Lazio,10871.0,17.8792,2,12.0,15.0,0.0,27.0,15.0,0.5555555555555556,0.0,24.836721552755034,1.5101346816412367,608.0249675600697,0.39827126391684636,0.07885831361174436,0.23856478876429538,0.30244737882531575,0.17468219870327495
58029,2024,Cerveteri,RM,Lazio,38138.0,134.5096,2,55.0,67.0,3.0,125.0,70.0,0.56,0.024,32.77570926634852,0.9293017003990793,283.5336659985607,0.4176866491527459,0.20515227060879343,0.3114194598807697,0.35392633558956016,0.26891258417197916
58032,2024,Civitavecchia,RM,Lazio,51582.0,74.4949,2,160.0,204.0,0.0,364.0,204.0,0.5604395604395604,0.0,70.56725214222016,4.886240534586931,692.4232397117117,0.6444337656410385,0.085790912610579,0.36511233912580876,0.47684090973190063,0.25338376851971683
58034,2024,Colleferro,RM,Lazio,20426.0,26.9893,2,43.0,67.0,1.0,111.0,68.0,0.6126126126126126,0.009009009009009009,54.34250465093508,4.11274097512718,756.8184428643945,0.589216108294171,0.20522171404291717,0.39721891116854413,0.47401779001879485,0.3204200323182933
58036,2024,Fiano Romano,RM,Lazio,16678.0,41.186,2,44.0,69.0,0.0,113.0,69.0,0.6106194690265486,0.0,67.753927329416,2.74365075511096,404.9434273782353,0.5957746053326495,0.15701876604108378,0.3763966856868666,0.46414785354517973,0.28864551782855347
58038,2024,Formello,RM,Lazio,13850.0,31.334,2,13.0,17.0,0.0,30.0,17.0,0.5666666666666667,0.0,21.660649819494584,0.9574264377353674,442.0118720878279,0.35365403295635256,0.09462997633409317,0.22414200464522288,0.27594681596967474,0.17233719332077096
58039,2024,Frascati,RM,Lazio,22867.0,22.4881,2,72.0,104.0,0.0,176.0,104.0,0.5909090909090909,0.0,76.96680806402239,7.826361497858868,1016.8489112019246,0.6961418638756621,0.12904087681921803,0.4125913703474401,0.5260115677587288,0.29917117293615125
58043,2024,Genzano di Roma,RM,Lazio,22484.0,17.9012,2,56.0,72.0,0.0,128.0,72.0,0.5625,0.0,56.92937199786515,7.150358635175296,1256.0051840100105,0.6400699348242127,0.08871560281321236,0.3643927688187125,0.4746636352209126,0.25412190241651245
58046,2024,Grottaferrata,RM,Lazio,20307.0,18.4007,2,62.0,74.0,1.0,137.0,75.0,0.5474452554744526,0.0072992700729927005,67.46442113556901,7.445368926182156,1103.5993195911026,0.6707478262384642,0.10414007812611159,0.3874439521822879,0.5007655018047583,0.27412240255981735
58047,2024,Guidonia Montecelio,RM,Lazio,89011.0,79.8452,1,107.0,154.0,4.0,265.0,158.0,0.5962264150943396,0.01509433962264151,29.771601262765277,3.318922114291153,1114.7946276044145,0.4773752331485326,0.21238236797821414,0.3448788005633734,0.397877373597437,0.29188022752930964
58050,2024,Lanuvio,RM,Lazio,12937.0,43.8039,2,26.0,41.0,0.0,67.0,41.0,0.6119402985074627,0.0,51.789441137821754,1.5295441730074264,295.33899949547873,0.5160324139824779,0.1588936169788878,0.33746301548068286,0.40889077488140085,0.2660352560799648
58057,2024,Marino,RM,Lazio,46424.0,24.1809,2,102.0,140.0,4.0,246.0,144.0,0.5853658536585366,0.016260162601626018,52.98983284508013,10.173318610969815,1919.862370714076,0.6578727980296529,0.2027733751116097,0.43032308657063134,0.5213429711542399,0.3393032019870227
58059,2024,Mentana,RM,Lazio,22565.0,24.2684,2,34.0,47.0,0.0,81.0,47.0,0.5802469135802469,0.0,35.89629957899402,3.3376736826490414,929.8099586293287,0.5075128329116946,0.11390645299474184,0.31070964295321823,0.38943091893660875,0.23198836696982766
58060,2024,Monte Compatri,RM,Lazio,11700.0,24.5552,2,34.0,58.0,1.0,93.0,59.0,0.6344086021505376,0.010752688172043012,79.48717948717949,3.7873851567081513,476.47748745683197,0.6444571573968378,0.24489523619910997,0.4446761967979739,0.5245885810375195,0.3647638125584283
58065,2024,Monterotondo,RM,Lazio,41148.0,40.772,2,61.0,83.0,0.0,144.0,83.0,0.5763888888888888,0.0,34.99562554680665,3.531835573432748,1009.2220151084077,0.5075370139305603,0.10843018121614838,0.3079835975733543,0.38780496411623666,0.22816223103047195
58072,2024,Nettuno,RM,Lazio,48145.0,71.9235,1,101.0,138.0,3.0,242.0,141.0,0.5826446280991735,0.012396694214876033,50.26482500778897,3.3646860900818227,669.3917843264023,0.5619663439882335,0.17964097635943013,0.3708036601738318,0.44726873369959247,0.2943385866480711
58074,2024,Palestrina,RM,Lazio,22092.0,47.0154,2,42.0,78.0,1.0,121.0,79.0,0.6528925619834711,0.008264462809917356,54.77095781278291,2.5736248122955456,469.8885896961421,0.5571693777896325,0.2586625622489155,0.407915970019274,0.4676173331274174,0.3482146069111306
58075,2024,Palombara Sabina,RM,Lazio,13110.0,75.8028,2,8.0,10.0,0.0,18.0,10.0,0.5555555555555556,0.0,13.729977116704806,0.23745824692491568,172.9487565103136,0.2404443897026971,0.07885831361174436,0.15965135165722072,0.19196856687541125,0.1273341364390302
58079,2024,Pomezia,RM,Lazio,64665.0,86.5174,2,157.0,225.0,2.0,384.0,227.0,0.5911458333333334,0.005208333333333333,59.38297378798423,4.438413544558667,747.4219058825162,0.6092379688613142,0.1556582405200873,0.3824481046907008,0.47316405035894615,0.29173215902245536
58081,2024,Riano,RM,Lazio,10400.0,25.5123,2,18.0,29.0,0.0,47.0,29.0,0.6170212765957447,0.0,45.19230769230769,1.8422486408516676,407.6465077629222,0.5050043587176929,0.1661058095226104,0.33555508412015167,0.4033347939591681,0.2677753742811351
58082,2024,Rignano Flaminio,RM,Lazio,10115.0,38.5387,2,6.0,10.0,0.0,16.0,10.0,0.625,0.0,15.818091942659416,0.41516709178047,262.4634458349659,0.2746408960015369,0.17743120562642473,0.22603605081398082,0.24547798888900324,0.20659411273895836
58086,2024,Rocca di Papa,RM,Lazio,17853.0,39.7158,2,25.0,45.0,0.0,70.0,45.0,0.6428571428571429,0.0,39.20909651039042,1.762522723953691,449.51883129636064,0.479634507972751,0.20277852071591404,0.3412065143443325,0.3965777117956999,0.28583531689296515
58088,2024,Rocca Priora,RM,Lazio,12030.0,28.2646,2,9.0,13.0,0.0,22.0,13.0,0.5909090909090909,0.0,18.28761429758936,0.7783587951005851,425.6207411390927,0.3183304474080423,0.12904087681921803,0.22368566211363017,0.26154357623139496,0.1858277479958653
58091,2024,Roma,RM,Lazio,2747290.0,1288.1875,1,13924.0,17196.0,134.0,31254.0,17330.0,0.5544890254047482,0.004287451206245601,113.76301737348442,24.261996021541893,2132.678666731357,0.8572682473147966,0.0989888884322598,0.4781285678735282,0.6297844396500355,0.3264726960970208
58097,2024,Santa Marinella,RM,Lazio,18431.0,49.1885,2,65.0,86.0,2.0,153.0,88.0,0.5751633986928104,0.013071895424836602,83.0123162063914,3.110483141384673,374.70140378340466,0.6373010087467591,0.17239473470824962,0.40484787172750436,0.4978291265352062,0.31186661691980244
58104,2024,Tivoli,RM,Lazio,55115.0,68.2069,1,126.0,153.0,2.0,281.0,155.0,0.5516014234875445,0.0071174377224199285,50.98430554295564,4.119817789695763,808.0560764380143,0.5790903338339098,0.10912621715157711,0.3441082754927435,0.43810109882921,0.25011545215627695
58110,2024,Valmontone,RM,Lazio,15620.0,40.9132,2,59.0,108.0,4.0,171.0,112.0,0.6549707602339181,0.023391812865497075,109.47503201024328,4.1795801843903675,381.78387415308504,0.7036576238725825,0.3369527993199694,0.520305211596276,0.5936461765067985,0.4469642466857533
58111,2024,Velletri,RM,Lazio,52877.0,118.2664,2,193.0,263.0,1.0,457.0,264.0,0.5776805251641138,0.002188183807439825,86.42699094124099,3.8641575291037857,447.10078263987066,0.6594848932076516,0.1213218336260293,0.39040336341684045,0.49803597533316485,0.28277075150051595
58114,2024,Zagarolo,RM,Lazio,18876.0,28.0274,2,40.0,66.0,0.0,106.0,66.0,0.6226415094339622,0.0,56.15596524687434,3.7820133155412203,673.4838051335479,0.5882781827875114,0.1740834470296997,0.38118081490860556,0.4640197620601679,0.2983418677570432
58115,2024,Lariano,RM,Lazio,13275.0,22.4892,2,23.0,32.0,2.0,57.0,34.0,0.5964912280701754,0.03508771929824561,42.93785310734463,2.534549917293634,590.2833360012806,0.5170818627978294,0.31143492448384813,0.4142583936408388,0.455387781303635,0.3731290059780425
58116,2024,Ladispoli,RM,Lazio,40794.0,26.1791,2,87.0,125.0,0.0,212.0,125.0,0.589622641509434,0.0,51.968426729421,8.098062958619662,1558.2659449713703,0.6356347016663476,0.12721482667554987,0.3814247641709487,0.48310873916910824,0.2797407891727892
58117,2024,Ardea,RM,Lazio,50908.0,72.1308,2,110.0,186.0,3.0,299.0,189.0,0.6321070234113713,0.010033444816053512,58.733401430030646,4.1452472452821825,705.7734005445664,0.6023124793662465,0.23802693498681504,0.4201697071765308,0.4930268160524171,0.3473125983006445
58118,2024,Ciampino,RM,Lazio,38815.0,13.0045,2,73.0,78.0,0.0,151.0,78.0,0.5165562913907285,0.0,38.90248615226073,11.61136529662809,2984.7360529047637,0.6196036396485802,0.023500821937274763,0.3215522307929275,0.44077279433518857,0.20233166725066637
58119,2024,San Cesareo,RM,Lazio,16332.0,23.6431,2,49.0,74.0,4.0,127.0,78.0,0.6141732283464567,0.031496062992125984,77.76144991427871,5.3715460324576725,690.7723606464465,0.6674927482269859,0.31894836050666453,0.4932205543668252,0.5629294319108895,0.4235116768227609
58120,2024,Fiumicino,RM,Lazio,82829.0,215.0926,2,300.0,385.0,8.0,693.0,393.0,0.5670995670995671,0.011544011544011544,83.66634874259016,3.221868162828475,385.08530744432863,0.6410580011255412,0.1533127289117237,0.39718536501863244,0.4947344194613959,0.2996363105758689
58122,2024,Fonte Nuova,RM,Lazio,32662.0,19.9273,1,53.0,66.0,1.0,120.0,67.0,0.5583333333333333,0.008333333333333333,36.73994244075684,6.021889568581795,1639.0579757418216,0.5560159291978339,0.12478605676205137,0.34040099297994264,0.4266469674670992,0.25415501849278616
59001,2024,Aprilia,LT,Lazio,74586.0,178.0823,2,317.0,483.0,9.0,809.0,492.0,0.6081582200247219,0.011124845488257108,108.4653956506583,4.542843393195168,418.8288224040233,0.7084578512730304,0.20949656496490876,0.4589772081189696,0.5587694653805939,0.35918495085734525
59005,2024,Cisterna di Latina,LT,Lazio,36177.0,144.157,2,98.0,138.0,3.0,239.0,141.0,0.5899581589958159,0.012552301255230125,66.06407385908173,1.657914634738514,250.95555540140262,0.5598422855322672,0.1907997040081853,0.3753209947702263,0.4491295110750426,0.30151247846540985
59006,2024,Cori,LT,Lazio,10386.0,85.3113,2,15.0,29.0,3.0,47.0,32.0,0.6808510638297872,0.06382978723404255,45.25322549585981,0.5509235001693796,121.74237176083355,0.44888325246525274,0.5697454738248648,0.5093143631450587,0.4851419188731363,0.5334868074169812
59007,2024,Fondi,LT,Lazio,39916.0,145.0776,2,156.0,224.0,3.0,383.0,227.0,0.5926892950391645,0.007832898172323759,95.95149814610681,2.639966473115078,275.13551368371134,0.6494602092868457,0.17104114200057333,0.4102506756437095,0.505934489100964,0.314566862186455
59008,2024,Formia,LT,Lazio,36807.0,74.4278,2,164.0,230.0,5.0,399.0,235.0,0.5889724310776943,0.012531328320802004,108.40329285190317,5.360900093782162,494.53295677152886,0.7211680990682908,0.18929572206395914,0.455231910566125,0.5616063859669913,0.34885743516525863
59009,2024,Gaeta,LT,Lazio,19137.0,29.5578,2,83.0,115.0,2.0,200.0,117.0,0.585,0.01,104.50958875476825,6.766403453572322,647.4433144550677,0.733798917959603,0.17099336327378498,0.452396140616694,0.5649572515538575,0.33983502967953033
59010,2024,Itri,LT,Lazio,10488.0,101.1194,2,34.0,37.0,2.0,73.0,39.0,0.5342465753424658,0.0273972602739726,69.60335621662853,0.7219188404994492,103.71896985148251,0.527893429300768,0.18535319913410403,0.356623314217436,0.42513136025076875,0.2881152681841032
59011,2024,Latina,LT,Lazio,127796.0,278.0155,1,466.0,672.0,10.0,1148.0,682.0,0.5940766550522648,0.008710801393728223,89.83066762652979,4.129266174008284,459.67221252052497,0.6706769458022508,0.1774154301091787,0.42404618795571475,0.5226984910943292,0.3253938848171003
59014,2024,Minturno,LT,Lazio,20452.0,42.3073,2,74.0,94.0,0.0,168.0,94.0,0.5595238095238095,0.0,82.14355564247995,3.9709459124075517,483.41539166999553,0.6532755708079244,0.08449105029829751,0.36888331055311097,0.4826402146550363,0.25512640645118556
59017,2024,Pontinia,LT,Lazio,15111.0,112.1024,3,38.0,54.0,2.0,94.0,56.0,0.5957446808510638,0.02127659574468085,62.20633975249818,0.8385190682804293,134.796400433889,0.5158578059956561,0.24241695416892167,0.3791373800822889,0.4338255504476357,0.324449209716942
59019,2024,Priverno,LT,Lazio,13698.0,56.9807,2,30.0,44.0,3.0,77.0,47.0,0.6103896103896104,0.03896103896103896,56.21258577894584,1.351334750187344,240.39718711774339,0.5224184963533477,0.35005906214242444,0.43623877924788607,0.47071066609007073,0.4017668924057014
59024,2024,Sabaudia,LT,Lazio,19322.0,145.8065,3,44.0,66.0,3.0,113.0,69.0,0.6106194690265486,0.02654867256637168,58.482558741331125,0.7749997428098199,132.51809761567557,0.5026409601877992,0.28958030640115184,0.39611063329447554,0.438722764051805,0.35349850253714604
59025,2024,San Felice Circeo,LT,Lazio,10042.0,32.7296,2,25.0,34.0,1.0,60.0,35.0,0.5833333333333334,0.016666666666666666,59.74905397331209,1.8332029722330858,306.81707078607747,0.5495817752478569,0.20191156730393062,0.3757466712758938,0.445280712864679,0.3062126296871085
59028,2024,Sezze,LT,Lazio,23698.0,100.4711,2,42.0,60.0,2.0,104.0,62.0,0.5961538461538461,0.019230769230769232,43.88555996286607,1.035123533035868,235.86882197965383,0.4692363499405568,0.23285307884404263,0.35104471439229973,0.39832136861160256,0.30376806017299685
59032,2024,Terracina,LT,Lazio,44774.0,136.9161,2,187.0,253.0,4.0,444.0,257.0,0.5788288288288288,0.009009009009009009,99.16469379550632,3.2428618694222227,327.0177868052041,0.6690554268800853,0.1572673341438835,0.4131613805119844,0.5155189990592248,0.310803761964744
60003,2024,Alatri,FR,Lazio,27518.0,96.9574,2,74.0,143.0,0.0,217.0,143.0,0.6589861751152074,0.0,78.85747510720256,2.238096318589401,283.8153663361435,0.6068058851278595,0.2256728698290011,0.4162393774784303,0.49246598053820195,0.3400127744186586
60006,2024,Anagni,FR,Lazio,20616.0,112.8136,2,77.0,139.0,1.0,217.0,140.0,0.6451612903225806,0.004608294930875576,105.25805199844781,1.92352695065134,182.74392449137338,0.6440899458539957,0.22930960908392808,0.4366997774689619,0.5196558448229753,0.3537437101149483
60019,2024,Cassino,FR,Lazio,34903.0,83.4151,2,137.0,213.0,1.0,351.0,214.0,0.6096866096866097,0.002849002849002849,100.56442139644156,4.207871236742508,418.4254409573327,0.6903884097575388,0.17008763792214632,0.43023802383984255,0.534298178206921,0.32617786947276406
60024,2024,Ceccano,FR,Lazio,22102.0,61.0387,2,77.0,118.0,2.0,197.0,120.0,0.6091370558375635,0.01015228426395939,89.1322052302959,3.2274606110549535,362.0981442920639,0.6514289725248359,0.20601744093396857,0.42872320672940223,0.5178055130475756,0.33964090041122874
60033,2024,Ferentino,FR,Lazio,19949.0,80.9996,2,60.0,108.0,3.0,171.0,111.0,0.6491228070175439,0.017543859649122806,85.71858238508196,2.1111215364026488,246.28516684033008,0.6165874999700194,0.29965962322722006,0.4581235615986197,0.5215091369471796,0.39473798625005985
60035,2024,Fiuggi,FR,Lazio,10195.0,32.9774,2,25.0,32.0,0.0,57.0,32.0,0.5614035087719298,0.0,55.909759686120644,1.7284564580591555,309.15111561251035,0.5353838329282655,0.08715918872877,0.3112715108285178,0.40091643966841684,0.22162658198861868
60038,2024,Frosinone,FR,Lazio,43015.0,46.8442,2,150.0,208.0,2.0,360.0,210.0,0.5833333333333334,0.005555555555555556,83.69173544112519,7.685049589917215,918.2566891952472,0.7081936040830984,0.14631603338207888,0.42725481873258864,0.5396303328727925,0.3148793045923847
60043,2024,Isola del Liri,FR,Lazio,10601.0,15.9877,2,13.0,18.0,0.0,31.0,18.0,0.5806451612903226,0.0,29.242524290161303,1.938990599022999,663.0722367820262,0.4387331247300168,0.11447174556543536,0.2766024351477261,0.34145471098064234,0.21175015931480978
60044,2024,Monte San Giovanni Campano,FR,Lazio,11900.0,48.7143,2,17.0,30.0,0.0,47.0,30.0,0.6382978723404256,0.0,39.49579831932773,0.9648091012290025,244.28145328989638,0.4491071726149236,0.19630686579944867,0.32270701920718614,0.3732670805702811,0.27214695784409115
60056,2024,Pontecorvo,FR,Lazio,12119.0,88.8006,2,18.0,28.0,1.0,47.0,29.0,0.6170212765957447,0.02127659574468085,38.78207772918557,0.5292757030920963,136.47430310155562,0.42288734172205267,0.27261801044575995,0.3477526760839063,0.3778065423391648,0.31769880982864773
60074,2024,Sora,FR,Lazio,24735.0,72.1788,2,80.0,105.0,1.0,186.0,106.0,0.5698924731182796,0.005376344086021506,75.19708914493633,2.5769339473640462,342.6906515486542,0.6083757153256187,0.12633568152323862,0.36735569842442867,0.4637637051849047,0.27094769166395266
60085,2024,Veroli,FR,Lazio,19511.0,119.6562,2,42.0,62.0,2.0,106.0,64.0,0.6037735849056604,0.018867924528301886,54.32832761006611,0.8858713547647343,163.05883021523331,0.49641652271906106,0.24186754606104632,0.36914203439005366,0.4200518297216566,0.31823223905845077
61005,2024,Aversa,CE,Campania,49358.0,8.8517,1,90.0,134.0,1.0,225.0,135.0,0.6,0.0044444444444444444,45.585315450382915,25.418846097359832,5576.104025215496,0.713743998524847,0.16438022377280007,0.43906211114882354,0.5489348660992329,0.32918935619841416
61013,2024,Capodrise,CE,Campania,10020.0,3.4364,1,13.0,16.0,0.0,29.0,16.0,0.5517241379310345,0.0,28.942115768463076,8.43906413688744,2915.8421604004193,0.5456145686044728,0.07341980922472748,0.3095171889146001,0.4039561407905492,0.21507823703865106
61015,2024,Capua,CE,Campania,17918.0,48.603,2,21.0,25.0,1.0,47.0,26.0,0.5531914893617021,0.02127659574468085,26.230606094430183,0.967018496800609,368.66037075900664,0.3842025174795057,0.18201484161524525,0.28310867954737545,0.32354621472022754,0.24267114437452336
61018,2024,Casagiove,CE,Campania,12839.0,6.3569,1,27.0,35.0,0.0,62.0,35.0,0.5645161290322581,0.0,48.290365293247135,9.753181582217747,2019.6951344208653,0.6393904907645891,0.09157739645234833,0.3654839436084687,0.4750465624709168,0.2559213247460206
61019,2024,Casal di Principe,CE,Campania,21744.0,23.5127,1,32.0,52.0,2.0,86.0,54.0,0.627906976744186,0.023255813953488372,39.55114054451803,3.6575978088437315,924.77682273835,0.5296034927144609,0.2978647654580848,0.4137341290862729,0.46008187453754806,0.36738638363499765
61022,2024,Caserta,CE,Campania,72793.0,54.0689,1,132.0,159.0,2.0,293.0,161.0,0.5494880546075085,0.006825938566552901,40.25112304754578,5.419011668445261,1346.3007385021704,0.5622395319169506,0.1046618708314706,0.3334507013742106,0.4249662335913066,0.2419351691571146
61027,2024,Castel Volturno,CE,Campania,30731.0,74.8506,2,74.0,129.0,2.0,205.0,131.0,0.6390243902439025,0.00975609756097561,66.70788454654908,2.7387890010233717,410.5645111729231,0.5931423338551532,0.24645639725121254,0.41979936555318287,0.489136552873971,0.3504621782323948
61043,2024,Gricignano di Aversa,CE,Campania,13060.0,9.9776,1,22.0,37.0,1.0,60.0,38.0,0.6333333333333333,0.016666666666666666,45.94180704441042,6.01347017318794,1308.9320076972417,0.5916460470678688,0.2728840495545004,0.4322650483111846,0.49601744781385826,0.3685126488085109
61046,2024,Lusciano,CE,Campania,16299.0,4.5573,1,21.0,27.0,1.0,49.0,28.0,0.5714285714285714,0.02040816326530612,30.063194060985335,10.751980339235951,3576.4597459021793,0.5720191603158935,0.20359763909486805,0.3878083997053808,0.46149270394958586,0.3141240954611757
61047,2024,Macerata Campania,CE,Campania,10053.0,7.6148,1,8.0,10.0,0.0,18.0,10.0,0.5555555555555556,0.0,17.905102954341988,2.363817828439355,1320.1922571833798,0.37432884552815227,0.07885831361174436,0.2265935795699483,0.28568768595322985,0.16749947318666672
61048,2024,Maddaloni,CE,Campania,36696.0,36.6723,2,78.0,135.0,1.0,214.0,136.0,0.6355140186915887,0.004672897196261682,58.31698277741443,5.835467096418823,1000.6462643466594,0.6275845635757322,0.21594111518001222,0.42176283937787223,0.5040915290570162,0.3394341496987282
61049,2024,Marcianise,CE,Campania,38198.0,30.2352,2,140.0,221.0,3.0,364.0,224.0,0.6153846153846154,0.008241758241758242,95.29294727472642,12.038947981161032,1263.3619092977722,0.7670143114975355,0.20530799535337746,0.4861611534254565,0.598502416654288,0.37381989019662487
61052,2024,Mondragone,CE,Campania,28294.0,56.104,2,115.0,172.0,5.0,292.0,177.0,0.6061643835616438,0.017123287671232876,103.20209231639217,5.20461999144446,504.3134179381149,0.7108755497720851,0.23659082346811625,0.47373318662010067,0.5685901318808945,0.37887624135930686
61053,2024,Orta di Atella,CE,Campania,27452.0,10.8339,1,16.0,29.0,0.0,45.0,29.0,0.6444444444444445,0.0,16.392248287920737,4.153628887104367,2533.8982268619798,0.40034387233238466,0.2050316153905353,0.30268774386145997,0.34175019524982986,0.2636252924730901
61054,2024,Parete,CE,Campania,12933.0,5.6084,1,7.0,9.0,0.0,16.0,9.0,0.5625,0.0,12.371452872496713,2.852863561800157,2306.0052777975893,0.3302241886558732,0.08871560281321236,0.20946989573454278,0.25777161290307493,0.16116817856601062
61057,2024,Piedimonte Matese,CE,Campania,10021.0,41.4292,2,18.0,29.0,1.0,48.0,30.0,0.625,0.020833333333333332,47.89941123640356,1.1586031108493526,241.8825369546117,0.48874497627719615,0.2817471214381038,0.38524604885765,0.42664561982546845,0.34384647788983147
61074,2024,San Cipriano d'Aversa,CE,Campania,13406.0,6.1902,1,8.0,9.0,1.0,18.0,10.0,0.5555555555555556,0.05555555555555555,13.426823810234225,2.907822041291073,2165.681238086007,0.3439856634120241,0.3523921000489987,0.3481888817305114,0.34650759440311646,0.3498701690579063
61075,2024,San Felice a Cancello,CE,Campania,16861.0,27.179,2,22.0,28.0,1.0,51.0,29.0,0.5686274509803921,0.0196078431372549,30.24731629203487,1.8764487287979692,620.3686669855404,0.44208667343745395,0.19565207775508814,0.31886937559627104,0.3681562947327442,0.26958245645979784
61077,2024,San Marcellino,CE,Campania,14758.0,4.6099,1,12.0,15.0,0.0,27.0,15.0,0.5555555555555556,0.0,18.295161946063153,5.856960020824747,3201.3709624937637,0.4439108993072911,0.07885831361174436,0.2613846064595177,0.33439512359862705,0.1883740893204084
61078,2024,San Nicola la Strada,CE,Campania,21873.0,4.7267,1,27.0,38.0,3.0,68.0,41.0,0.6029411764705882,0.04411764705882353,31.08855666803822,14.386358347261302,4627.541413671272,0.6023999766515798,0.3645339934460664,0.48346698504882313,0.5310401816899258,0.4358937884077204
61081,2024,San Prisco,CE,Campania,12097.0,7.7852,1,21.0,32.0,0.0,53.0,32.0,0.6037735849056604,0.0,43.81251549971067,6.807789138365103,1553.845758618918,0.5940201555337998,0.14730137825589976,0.3706607668948498,0.4600045223504298,0.2813170114392698
61082,2024,Santa Maria a Vico,CE,Campania,14367.0,10.835,2,21.0,29.0,0.0,50.0,29.0,0.58,0.0,34.80197675227953,4.614674665436087,1325.980618366405,0.5265801931481577,0.11355597160091177,0.32006808237453477,0.4026729266839839,0.23746323806508557
61083,2024,Santa Maria Capua Vetere,CE,Campania,32134.0,15.9201,1,56.0,68.0,1.0,125.0,69.0,0.552,0.008,38.89960789195245,7.85170947418672,2018.4546579481284,0.5866693705156334,0.11412348865292933,0.35039642958428135,0.44490560595682216,0.25588725321174055
61087,2024,Sant'Arpino,CE,Campania,15326.0,3.2007,1,17.0,26.0,0.0,43.0,26.0,0.6046511627906976,0.0,28.0568967767193,13.434561189739744,4788.327553347705,0.5802039753864205,0.14854705587328576,0.36437551562985315,0.4507068995324801,0.2780441317272262
61088,2024,Sessa Aurunca,CE,Campania,20093.0,162.195,3,22.0,43.0,3.0,68.0,46.0,0.6764705882352942,0.04411764705882353,33.84263176230528,0.4192484355251395,123.88174727950924,0.39422588775568224,0.4689052908733752,0.4315655893145287,0.41662970869099003,0.4465014699380673
61091,2024,Teano,CE,Campania,11057.0,89.4301,3,18.0,28.0,1.0,47.0,29.0,0.6170212765957447,0.02127659574468085,42.507009134484946,0.525550122386087,123.63846177070137,0.43732241483522355,0.27261801044575995,0.3549702126404918,0.3879110935183845,0.322029331762599
61092,2024,Teverola,CE,Campania,15027.0,6.6991,1,28.0,46.0,1.0,75.0,47.0,0.6266666666666667,0.013333333333333334,49.91016170892394,11.195533728411279,2243.137137824484,0.6563934157908303,0.24680644692344128,0.45159993135713583,0.5335173251306136,0.369682537583658
61094,2024,Trentola Ducenta,CE,Campania,20741.0,6.6551,1,19.0,30.0,1.0,50.0,31.0,0.62,0.02,24.106841521623835,7.513035115926132,3116.557226788478,0.507159899020782,0.27051827422897706,0.38883908662487954,0.43616741158324046,0.3415107616665185
61099,2024,Villa Literno,CE,Campania,12846.0,61.8249,2,30.0,56.0,4.0,90.0,60.0,0.6666666666666666,0.044444444444444446,70.06071929005138,1.4557241499784068,207.78036034025126,0.5619661118937714,0.4565723263687831,0.5092692191312773,0.5303479762362749,0.4881904620262796
62008,2024,Benevento,BN,Campania,55712.0,130.8725,2,123.0,170.0,1.0,294.0,171.0,0.5816326530612245,0.003401360544217687,52.771395749569216,2.246461250453686,425.69676593631203,0.5422585879588487,0.13305220963089306,0.3376553987948709,0.419496674460462,0.25581412312927976
62043,2024,Montesarchio,BN,Campania,12939.0,26.5073,2,12.0,16.0,2.0,30.0,18.0,0.6,0.06666666666666667,23.18571759795966,1.131763702829032,488.1296850301615,0.3722584353902427,0.4684545509578394,0.42035649317404106,0.4011172700605217,0.43959571628756033
62070,2024,Sant'Agata de' Goti,BN,Campania,10096.0,63.3786,3,3.0,5.0,0.0,8.0,5.0,0.625,0.0,7.9239302694136295,0.12622557140738358,159.29667111611806,0.14959131608507437,0.17743120562642473,0.16351126085574955,0.15794328294747947,0.16907923876401962
63001,2024,Acerra,NA,Campania,58676.0,54.7117,1,68.0,119.0,2.0,189.0,121.0,0.6402116402116402,0.010582010582010581,32.21078464789692,3.454471347079327,1072.4579934456433,0.49274514941689107,0.2522779880801005,0.3725115687484958,0.4206050010158539,0.32441813648113765
63002,2024,Afragola,NA,Campania,61786.0,17.9149,1,115.0,160.0,2.0,277.0,162.0,0.5848375451263538,0.007220216606498195,44.83216262583757,15.461989740383704,3448.8610039687637,0.6670806990405996,0.15681949018774793,0.41195009461417376,0.5140023363847441,0.30989785284360344
63005,2024,Arzano,NA,Campania,31797.0,4.7535,1,41.0,53.0,2.0,96.0,55.0,0.5729166666666666,0.020833333333333332,30.191527502594585,20.195645313979174,6689.17639633954,0.6275461492963899,0.20781745242709349,0.41768180086174167,0.5016275402356009,0.3337360614878824
63006,2024,Bacoli,NA,Campania,24988.0,13.5169,2,55.0,76.0,2.0,133.0,78.0,0.5864661654135338,0.015037593984962405,53.22554826316632,9.83953421272629,1848.6487286286058,0.6557657243312316,0.19824536176232088,0.42700554304677624,0.5185096155605584,0.33550147053299406
63008,2024,Boscoreale,NA,Campania,25833.0,11.3999,1,55.0,77.0,0.0,132.0,77.0,0.5833333333333334,0.0,51.09743351527116,11.57904893902578,2266.072509407977,0.6630494400678241,0.11828747041761654,0.3906684552427203,0.4996208491727618,0.2817160613126788
63010,2024,Brusciano,NA,Campania,16034.0,5.6161,1,18.0,24.0,0.0,42.0,24.0,0.5714285714285714,0.0,26.194337033803166,7.478499314470896,2855.006143053008,0.5198650861339613,0.10138926035795695,0.3106271732459591,0.39432233840116,0.22693200809075825
63011,2024,Caivano,NA,Campania,35986.0,27.2212,1,65.0,115.0,2.0,182.0,117.0,0.6428571428571429,0.01098901098901099,50.575223698104814,6.6859653505356125,1321.9843357383215,0.6155817513696872,0.2580702478414086,0.4368259996055479,0.5083283003112036,0.36532369889989214
63012,2024,Calvizzano,NA,Campania,12616.0,3.9831,1,5.0,7.0,0.0,12.0,7.0,0.5833333333333334,0.0,9.511731135066583,3.0127287790916624,3167.382189751701,0.29458759004141494,0.11828747041761654,0.20643753022951575,0.2416975541542754,0.17117750630475606
63016,2024,Cardito,NA,Campania,21484.0,3.1983,1,21.0,26.0,1.0,48.0,27.0,0.5625,0.020833333333333332,22.342208154905975,15.007972985648625,6717.31857549323,0.5539531253392779,0.19303151862489148,0.3734923219820847,0.44567664332496193,0.3013080006392074
63017,2024,Casalnuovo di Napoli,NA,Campania,46710.0,7.8354,1,38.0,52.0,1.0,91.0,53.0,0.5824175824175825,0.01098901098901099,19.48190965532006,11.61395716874697,5961.4059269469335,0.510378271547296,0.1722793352308296,0.3413288033890628,0.40894859065235606,0.27370901612576953
63020,2024,Casandrino,NA,Campania,12964.0,3.2108,1,11.0,21.0,0.0,32.0,21.0,0.65625,0.0,24.68373958654736,9.966363523109505,4037.6230222997388,0.5344332070768193,0.2217890070330309,0.3781111070549251,0.44063994706368276,0.31558226704616743
63021,2024,Casavatore,NA,Campania,18207.0,1.6091,1,24.0,30.0,0.0,54.0,30.0,0.5555555555555556,0.0,29.658922392486406,33.55913243428003,11315.020819091418,0.6701925489042371,0.07885831361174436,0.3745254312579907,0.4927922783164892,0.25625858419949216
63023,2024,Casoria,NA,Campania,73724.0,12.0996,1,148.0,195.0,4.0,347.0,199.0,0.5734870317002881,0.011527377521613832,47.06744072486571,28.6786340044299,6093.093986578068,0.7296955302296376,0.16229621908193256,0.4459958746557851,0.559475736885326,0.33251601242624407
63024,2024,Castellammare di Stabia,NA,Campania,62320.0,17.9852,1,116.0,151.0,4.0,271.0,155.0,0.5719557195571956,0.014760147601476014,43.48523748395379,15.067944754575986,3465.071280830906,0.6599411608040832,0.17626547935769532,0.41810332008088924,0.5148384563701668,0.32136818379161164
63026,2024,Cercola,NA,Campania,16793.0,4.2278,1,16.0,20.0,1.0,37.0,21.0,0.5675675675675675,0.02702702702702703,22.032989936282974,8.751596575050854,3972.0421968872697,0.5056703835602052,0.23082722667400793,0.36824880511710656,0.42321743649434596,0.3132801737398671
63027,2024,Cicciano,NA,Campania,12308.0,7.3311,2,25.0,31.0,1.0,57.0,32.0,0.5614035087719298,0.017543859649122806,46.311342216444594,7.7750951426116135,1678.8749300923462,0.6137714533121195,0.1751464964718342,0.39445897489197684,0.48218396626003385,0.3067339835239198
63030,2024,Crispano,NA,Campania,11660.0,2.2191,1,4.0,4.0,1.0,9.0,5.0,0.5555555555555556,0.1111111111111111,7.718696397941681,4.05569825604975,5254.382407282232,0.2854396201011112,0.6118921946170343,0.44866590735907275,0.3833753924558881,0.5139564222622574
63031,2024,Forio,NA,Campania,17531.0,13.0712,2,42.0,61.0,0.0,103.0,61.0,0.5922330097087378,0.0,58.753065997376076,7.879919211702063,1341.1928514596977,0.6531207130802229,0.13092011288940072,0.39202041298481183,0.4964605330229762,0.2875802929466474
63032,2024,Frattamaggiore,NA,Campania,28558.0,5.3882,1,30.0,40.0,1.0,71.0,41.0,0.5774647887323944,0.014084507042253521,24.861684991946213,13.176942207045023,5300.100218997068,0.5594462993323928,0.18071576050181096,0.37008102991710184,0.4458271376832182,0.2943349221509855
63033,2024,Frattaminore,NA,Campania,15344.0,2.0417,1,5.0,6.0,0.0,11.0,6.0,0.5454545454545454,0.0,7.1689259645464025,5.3876671401283245,7515.305872557183,0.29651967521330325,0.06452043840960894,0.1805200568114561,0.22691990417219493,0.13412020945071723
63034,2024,Giugliano in Campania,NA,Campania,125032.0,94.7069,1,227.0,359.0,7.0,593.0,366.0,0.6172006745362564,0.011804384485666104,47.42785846823213,6.261423402096362,1320.1994786018759,0.5999827254346328,0.22573079140011656,0.4128567584173747,0.48770714522427794,0.3380063716104714
63035,2024,Gragnano,NA,Campania,27694.0,14.6424,1,60.0,82.0,1.0,143.0,83.0,0.5804195804195804,0.006993006993006993,51.6357333718495,9.766158553242638,1891.3566082063048,0.6502595214978024,0.14940703720227833,0.39983327935004037,0.5000037762091452,0.29966278249093553
63036,2024,Grumo Nevano,NA,Campania,17063.0,2.8769,1,11.0,13.0,1.0,25.0,14.0,0.56,0.04,14.651585301529625,8.689909277347144,5931.036879974973,0.44179122847012664,0.2835901623512267,0.36269069541067667,0.39433090863445663,0.33105048218689664
63037,2024,Ischia,NA,Campania,19492.0,8.1376,2,30.0,48.0,2.0,80.0,50.0,0.625,0.025,41.04247896572953,9.830908375933936,2395.3008257963033,0.6140066249840301,0.3023546557351099,0.45818064035957,0.5205110342093541,0.39585024650978595
63041,2024,Marano di Napoli,NA,Campania,57619.0,15.6058,1,51.0,65.0,0.0,116.0,65.0,0.5603448275862069,0.0,20.1322480431802,7.433133834856271,3692.15291750503,0.4780517785063959,0.08565644409551533,0.2818541113009556,0.3603331781831317,0.20337504441877952
63043,2024,Marigliano,NA,Campania,29351.0,22.5752,1,52.0,73.0,0.0,125.0,73.0,0.584,0.0,42.5879867806889,5.53704950565222,1300.1435203231865,0.5729607114677905,0.11923377018095738,0.34609724082437393,0.43684262908174054,0.2553518525670073
63044,2024,Massa Lubrense,NA,Campania,14186.0,20.045,2,45.0,53.0,0.0,98.0,53.0,0.5408163265306123,0.0,69.08219371211054,4.888999750561236,707.7076577700174,0.6410424402337205,0.05793672020454693,0.3494895802191337,0.46611072422496835,0.232868436213299
63045,2024,Melito di Napoli,NA,Campania,36258.0,3.7798,1,21.0,25.0,1.0,47.0,26.0,0.5531914893617021,0.02127659574468085,12.962656517182415,12.4345203449918,9592.571035504525,0.45347493543289275,0.18201484161524525,0.317744888524069,0.3720369072875985,0.2634528697605395
63047,2024,Monte di Procida,NA,Campania,11847.0,3.7043,2,13.0,17.0,0.0,30.0,17.0,0.5666666666666667,0.0,25.322866548493288,8.098696109926301,3198.1750938098967,0.521095563461493,0.09462997633409317,0.3078627698977931,0.393155887323273,0.22256965247231308
63048,2024,Mugnano di Napoli,NA,Campania,35368.0,5.2446,1,41.0,59.0,0.0,100.0,59.0,0.59,0.0,28.274146120787155,19.067231056705946,6743.698280135758,0.612065691651893,0.12775046805102577,0.36990807985145935,0.4667711245716328,0.2730450351312859
63049,2024,Napoli,NA,Campania,909013.0,119.2423,1,2544.0,3262.0,35.0,5841.0,3297.0,0.5644581407293272,0.005992124636192433,64.25650678263126,48.98429500269619,7623.242758651922,0.8282572219888318,0.1217196339696511,0.47498842797924146,0.6162959455830775,0.3336809103754053
63050,2024,Nola,NA,Campania,34111.0,39.1855,2,73.0,112.0,4.0,189.0,116.0,0.6137566137566137,0.021164021164021163,55.407346603734865,4.8232126679511556,870.5005678120734,0.6044394461398205,0.26742628956111614,0.4359328678504683,0.5033354991662091,0.36853023653472744
63051,2024,Ottaviano,NA,Campania,23271.0,20.0227,2,32.0,50.0,1.0,83.0,51.0,0.6144578313253012,0.012048192771084338,35.666709638605994,4.145295090072767,1162.23086796486,0.522370333944417,0.22305638724968024,0.3727133605970486,0.43257614993599597,0.31285057125810123
63052,2024,Palma Campania,NA,Campania,16356.0,20.6708,2,23.0,40.0,1.0,64.0,41.0,0.640625,0.015625,39.12937148447053,3.0961549625558757,791.2611026181861,0.5159442655975661,0.2780479980721611,0.3969961318348636,0.44457538533994456,0.3494168783297826
63053,2024,Piano di Sorrento,NA,Campania,12213.0,7.3471,2,75.0,94.0,0.0,169.0,94.0,0.5562130177514792,0.0,138.3771391140588,23.002273005675708,1662.2885220018782,0.8843414802510234,0.07979154809235663,0.48206651417169005,0.6429765006034233,0.3211565277399566
63055,2024,Poggiomarino,NA,Campania,22618.0,13.2007,2,25.0,35.0,0.0,60.0,35.0,0.5833333333333334,0.0,26.527544433636926,4.5452135114046985,1713.3939866825244,0.48237047870228467,0.11828747041761654,0.3003289745599506,0.3731455762168842,0.22751237290301699
63056,2024,Pollena Trocchia,NA,Campania,12694.0,8.0156,1,12.0,23.0,1.0,36.0,24.0,0.6666666666666666,0.027777777777777776,28.359855049629747,4.491242077948002,1583.6618593742205,0.49201695313403765,0.3751902603965468,0.4336036067652922,0.45696894531279036,0.4102382682177941
63057,2024,Pomigliano d'Arco,NA,Campania,39784.0,11.7093,1,71.0,104.0,0.0,175.0,104.0,0.5942857142857143,0.0,43.987532676452844,14.945385292032828,3397.6411911899086,0.6610683052086302,0.13383382367250327,0.39745106444056677,0.5028979607477921,0.29200416813334135
63058,2024,Pompei,NA,Campania,23647.0,12.4308,1,106.0,144.0,1.0,251.0,145.0,0.5776892430278885,0.00398406374501992,106.14454264811604,20.191781703510635,1902.2910834379124,0.8296763003509984,0.1303918703859809,0.4800340853684896,0.6198909713614931,0.34017719937548613
63059,2024,Portici,NA,Campania,51429.0,4.6361,1,78.0,91.0,0.0,169.0,91.0,0.5384615384615384,0.0,32.860837270800516,36.45305321282975,11093.16019930545,0.693943784416023,0.05459421711582296,0.37426900076592295,0.502138914225963,0.24639908730588297
63060,2024,Pozzuoli,NA,Campania,75375.0,43.8367,1,233.0,341.0,6.0,580.0,347.0,0.5982758620689655,0.010344827586206896,76.9485903814262,13.230922948123377,1719.4496848531026,0.7405294430637017,0.1915647455503039,0.4660470943070028,0.5758400338096823,0.3562541548043232
63061,2024,Procida,NA,Campania,10004.0,4.2597,2,3.0,3.0,0.0,6.0,3.0,0.5,0.0,5.997600959616154,1.4085498978801325,2348.522196398808,0.18045536954161162,0.0,0.09022768477080581,0.12631875867912812,0.05413661086248348
63062,2024,Qualiano,NA,Campania,24780.0,7.4345,1,34.0,49.0,3.0,86.0,52.0,0.6046511627906976,0.03488372093023256,34.70540758676352,11.56769116954738,3333.109153271908,0.6010757070560087,0.3220203707889875,0.46154803892249807,0.5173591061759023,0.40573697166909384
63063,2024,Quarto,NA,Campania,41536.0,14.1586,1,60.0,76.0,0.0,136.0,76.0,0.5588235294117647,0.0,32.74268104776579,9.605469467320216,2933.6233808427387,0.576025712417426,0.08349703794184696,0.32976137517963644,0.42826711007475227,0.23125564028452064
63064,2024,Ercolano,NA,Campania,49505.0,19.917,1,79.0,101.0,2.0,182.0,103.0,0.5659340659340659,0.01098901098901099,36.763963236036766,9.137922377868152,2485.565095144851,0.5902761218354368,0.14888181360976255,0.3695789677225997,0.45785782936773445,0.2813001060774648
63066,2024,San Gennaro Vesuviano,NA,Campania,12092.0,7.0143,2,10.0,17.0,1.0,28.0,18.0,0.6428571428571429,0.03571428571428571,23.15580549123387,3.9918452304577787,1723.9068759534093,0.45118913136630956,0.38031051428878054,0.415749822827545,0.4299255462430508,0.40157409941203925
63067,2024,San Giorgio a Cremano,NA,Campania,41805.0,4.0748,1,42.0,51.0,0.0,93.0,51.0,0.5483870967741935,0.0,22.246142805884464,22.82320604692255,10259.399234318249,0.5902536624240616,0.06868304733926113,0.3294683548816614,0.43378247789862145,0.2251542318647013
63068,2024,San Giuseppe Vesuviano,NA,Campania,30498.0,14.1713,2,31.0,51.0,2.0,84.0,53.0,0.6309523809523809,0.023809523809523808,27.542789691127286,5.927473132316725,2152.0961379689934,0.5090023086787119,0.30492445426385095,0.4069633814712814,0.4477789523542536,0.3661478105883092
63072,2024,Sant'Anastasia,NA,Campania,26192.0,18.7405,1,52.0,87.0,0.0,139.0,87.0,0.6258992805755396,0.0,53.06963958460599,7.4170913262719775,1397.6147914943572,0.631769906797268,0.17870768912014,0.405238797958704,0.49585124149412957,0.31462635442327835
63073,2024,Sant'Antimo,NA,Campania,32527.0,5.9134,1,19.0,26.0,0.0,45.0,26.0,0.5777777777777777,0.0,13.834660435945523,7.609835289342848,5500.558054587885,0.4220187850727558,0.11040163905644199,0.2662102120645989,0.32853364126786166,0.20388678286133613
63074,2024,Sant'Antonio Abate,NA,Campania,18931.0,7.9318,1,40.0,63.0,0.0,103.0,63.0,0.6116504854368932,0.0,54.4081136759812,12.985703119090244,2386.7218033737613,0.6830005954618781,0.15848224191874824,0.4207414186903132,0.5256450893989391,0.3158377479816872
63076,2024,Saviano,NA,Campania,15954.0,13.8775,2,25.0,35.0,0.0,60.0,35.0,0.5833333333333334,0.0,37.608123354644604,4.323545307151865,1149.6306971716808,0.5339893015807985,0.11828747041761654,0.3261383859992075,0.4092787522318439,0.24299801976657112
63079,2024,Somma Vesuviana,NA,Campania,33427.0,30.6664,2,47.0,70.0,1.0,118.0,71.0,0.6016949152542372,0.00847457627118644,35.3008047386843,3.847859546604753,1090.0203480030261,0.5151894324658439,0.1870442518505646,0.35111684215820427,0.4167458782812601,0.2854878060351484
63080,2024,Sorrento,NA,Campania,15152.0,9.9955,2,54.0,68.0,1.0,123.0,69.0,0.5609756097560976,0.008130081300813009,81.17740232312566,12.305537491871343,1515.8821469661348,0.7429303358267645,0.12751674945746017,0.4352235426421123,0.5583062599159732,0.31214082536825144
63082,2024,Terzigno,NA,Campania,17260.0,23.4648,2,23.0,31.0,0.0,54.0,31.0,0.5740740740740741,0.0,31.286210892236383,2.301319423135931,735.5698748764106,0.4602572045105063,0.10514441814899243,0.28270081132974934,0.3537233686020521,0.21167825405744656
63083,2024,Torre Annunziata,NA,Campania,39719.0,7.5892,1,67.0,90.0,1.0,158.0,91.0,0.5759493670886076,0.006329113924050633,39.77945064075128,20.819058662309597,5233.621462077689,0.6741485190658831,0.13972528926105401,0.40693690416346856,0.5138215501244344,0.30005225820250275
63084,2024,Torre del Greco,NA,Campania,79397.0,30.6675,1,148.0,193.0,2.0,343.0,195.0,0.5685131195335277,0.0058309037900874635,43.20062470874214,11.184478682644492,2588.9622564604224,0.6331588163701432,0.126664626256738,0.3799117213134406,0.48121055933612156,0.2786128832907595
63086,2024,Vico Equense,NA,Campania,20198.0,29.3662,2,52.0,77.0,1.0,130.0,78.0,0.6,0.007692307692307693,64.36280819883157,4.426858088550783,687.7975359426824,0.6220214885988775,0.18071253101994472,0.4013670098094111,0.48962880132519765,0.31310521829362453
63087,2024,Villaricca,NA,Campania,31434.0,6.873,1,20.0,25.0,2.0,47.0,27.0,0.574468085106383,0.0425531914893617,14.9519628427817,6.838352975411029,4573.548668703623,0.42518301871576525,0.31653181370376265,0.370857416209764,0.39258765721216443,0.3491271752073634
63089,2024,Volla,NA,Campania,25936.0,6.2162,1,18.0,32.0,0.0,50.0,32.0,0.64,0.0,19.278223318938927,8.043499243911072,4172.323927801551,0.4777931149614355,0.1987229503015957,0.3382580326315156,0.3940720655634835,0.28244399969954764
63090,2024,Santa Maria la Carità,NA,Campania,11788.0,3.9788,1,21.0,28.0,0.0,49.0,28.0,0.5714285714285714,0.0,41.56769596199525,12.31527093596059,2962.7023223082338,0.635246487656136,0.10138926035795695,0.36831787400704646,0.47508931946668226,0.26154642854741067
64005,2024,Ariano Irpino,AV,Campania,20741.0,186.7365,2,56.0,75.0,0.0,131.0,75.0,0.5725190839694656,0.0,63.15992478665445,0.7015232694197439,111.07094756515197,0.5111087885183482,0.10293718799700971,0.30702298825767893,0.38865730836194656,0.22538866815341124
64006,2024,Atripalda,AV,Campania,10257.0,8.5679,2,17.0,25.0,1.0,43.0,26.0,0.6046511627906976,0.023255813953488372,41.92258945110656,5.018732711632956,1197.142823795796,0.5627577392942217,0.2648543085973546,0.41380602394578814,0.47338671008516153,0.35422533780641474
64008,2024,Avellino,AV,Campania,51975.0,30.5611,1,133.0,174.0,0.0,307.0,174.0,0.5667752442996743,0.0,59.06685906685907,10.045449934720937,1700.6914018147252,0.6742747174092668,0.09478409681672206,0.38452940711299444,0.5004275312315034,0.26863128299448547
64049,2024,Mercogliano,AV,Campania,11477.0,19.9159,2,26.0,34.0,0.0,60.0,34.0,0.5666666666666667,0.0,52.27846998344515,3.012668270075668,576.2732289276407,0.5604568040569853,0.09462997633409317,0.32754339019553924,0.4207087557401176,0.2343780246509608
64054,2024,Monteforte Irpino,AV,Campania,11412.0,26.9575,2,15.0,28.0,1.0,44.0,29.0,0.6590909090909091,0.022727272727272728,38.5559060637925,1.6321988314940183,423.3330242047668,0.4724571681687487,0.339514918499804,0.40598604333427635,0.4325744932680653,0.3793975934004874
64101,2024,Solofra,AV,Campania,11957.0,22.2136,2,19.0,27.0,0.0,46.0,27.0,0.5869565217391305,0.0,38.47118842519026,2.070803471747038,538.2738502538986,0.48643977814620665,0.12343040391403468,0.3049350910301207,0.37753696587655505,0.23233321618368624
64121,2024,Montoro,AV,Campania,19437.0,40.141,2,33.0,51.0,1.0,85.0,52.0,0.611764705882353,0.011764705882352941,43.73102845089263,2.1175356867043673,484.21813108791514,0.5083365518712915,0.217816305981833,0.3630764289265622,0.42118047810445386,0.30497237974867053
65002,2024,Agropoli,SA,Campania,21311.0,32.7893,2,61.0,82.0,0.0,143.0,82.0,0.5734265734265734,0.0,67.10149687954578,4.361178799181441,649.9376320933964,0.6276127406252561,0.104225323584753,0.36591903210500454,0.47059651551310516,0.2612415486969039
65007,2024,Angri,SA,Campania,34220.0,13.7655,1,52.0,75.0,1.0,128.0,76.0,0.59375,0.0078125,37.40502630040912,9.298608840942938,2485.9249573208385,0.5944961116753729,0.17244436303164212,0.3834702373535075,0.4678805870822536,0.2990598876247613
65013,2024,Baronissi,SA,Campania,16838.0,17.9298,2,43.0,55.0,1.0,99.0,56.0,0.5656565656565656,0.010101010101010102,58.79558142297185,5.521533982531874,939.1069615946636,0.6245283387639198,0.14404227182657747,0.3842853052952486,0.4803825186827171,0.28818809190778016
65014,2024,Battipaglia,SA,Campania,49361.0,56.8588,1,148.0,236.0,2.0,386.0,238.0,0.616580310880829,0.0051813471502590676,78.19938818095257,6.788746860644262,868.1329890887602,0.6870798799538352,0.19162537926587148,0.43935262960985333,0.538443529747446,0.34026172947226063
65022,2024,Campagna,SA,Campania,17001.0,136.3034,2,31.0,55.0,2.0,88.0,57.0,0.6477272727272727,0.022727272727272728,51.76166107876007,0.6456185245562472,124.72909699978136,0.47596144059402246,0.32338480889740173,0.3996731247457121,0.4301884510850362,0.3691577984063879
65025,2024,Capaccio Paestum,SA,Campania,22410.0,113.5471,3,136.0,201.0,10.0,347.0,211.0,0.6080691642651297,0.02881844380403458,154.84158857652832,3.0560005495516838,197.36303260937532,0.7372745424341933,0.29713404865935267,0.517204295546773,0.605232394301741,0.42917619679180485
65034,2024,Castel San Giorgio,SA,Campania,13708.0,13.585,1,21.0,24.0,0.0,45.0,24.0,0.5333333333333333,0.0,32.82754595856434,3.312476996687523,1009.0541037909459,0.4927464173419359,0.04731498816704659,0.27003070275449126,0.35911698858946905,0.18094441691951338
65037,2024,Cava de' Tirreni,SA,Campania,49793.0,36.5311,2,74.0,100.0,3.0,177.0,103.0,0.5819209039548022,0.01694915254237288,35.547165264193765,4.845186703931718,1363.0304042309156,0.533696793566299,0.20131220755276855,0.36750450055953376,0.4339814177622398,0.30102758335682767
65050,2024,Eboli,SA,Campania,37571.0,137.5826,2,165.0,256.0,11.0,432.0,267.0,0.6180555555555556,0.02546296296296296,114.98230017832904,3.139931939067876,273.0795900062944,0.6907895153699561,0.29478191959789435,0.49278571748392525,0.5719872366383375,0.4135841983295129
65052,2024,Fisciano,SA,Campania,14113.0,31.6875,2,26.0,37.0,0.0,63.0,37.0,0.5873015873015873,0.0,44.639693899241834,1.9881656804733727,445.3806706114398,0.5076890212956185,0.12392020710416969,0.31580461419989414,0.39255837703818386,0.23905085136160437
65056,2024,Giffoni Valle Piana,SA,Campania,11459.0,88.6124,2,17.0,28.0,0.0,45.0,28.0,0.6222222222222222,0.0,39.2704424469849,0.5078296039831898,129.3159873787416,0.4235725343562413,0.17348828994583754,0.2985304121510394,0.34854726103312017,0.24851356326895868
65067,2024,Mercato San Severino,SA,Campania,21485.0,30.3331,2,60.0,81.0,1.0,142.0,82.0,0.5774647887323944,0.007042253521126761,66.09262276006517,4.6813546917393865,708.3021517747939,0.6305626588176241,0.14546026817807162,0.3880114634978479,0.4850319416257583,0.29099098536993734
65072,2024,Montecorvino Pugliano,SA,Campania,11102.0,28.8816,2,28.0,48.0,0.0,76.0,48.0,0.631578947368421,0.0,68.45613402990452,2.6314331615976956,384.39698631654755,0.5946086792651119,0.18676969013307862,0.39068918469909525,0.47225698252550186,0.3091213868726886
65073,2024,Montecorvino Rovella,SA,Campania,12294.0,42.1614,2,13.0,21.0,0.0,34.0,21.0,0.6176470588235294,0.0,27.655767040832927,0.8064248340899496,291.5937326559365,0.38463786849718173,0.16699407588369392,0.27581597219043785,0.31934473071313535,0.23228721366774024
65078,2024,Nocera Inferiore,SA,Campania,43459.0,20.9446,1,102.0,149.0,0.0,251.0,149.0,0.5936254980079682,0.0,57.75558572447595,11.983995874831699,2074.9501064713577,0.6856978183004663,0.13289667991142573,0.409297249105946,0.519857476783754,0.2987370214281379
65079,2024,Nocera Superiore,SA,Campania,23511.0,14.6625,1,47.0,73.0,1.0,121.0,74.0,0.6115702479338843,0.008264462809917356,51.46527157500744,8.252344416027281,1603.4782608695652,0.6356351169504083,0.20000761824017993,0.4178213675952941,0.5049468673373397,0.33069586785324845
65088,2024,Pagani,SA,Campania,35161.0,11.9764,1,60.0,82.0,1.0,143.0,83.0,0.5804195804195804,0.006993006993006993,40.670060578481845,11.940148959620588,2935.8571857987376,0.6290974730299662,0.14940703720227833,0.38925225511612227,0.48519034228165986,0.2933141679505847
65090,2024,Pellezzano,SA,Campania,10884.0,14.0374,2,17.0,23.0,0.0,40.0,23.0,0.575,0.0,36.751194413818446,2.8495305398435606,775.3572598914329,0.500161521260797,0.10645872337585478,0.30331012231832594,0.3820506818953143,0.22456956274133744
65099,2024,Pontecagnano Faiano,SA,Campania,26512.0,37.189,2,89.0,130.0,2.0,221.0,132.0,0.5972850678733032,0.00904977375565611,83.3584791792396,5.94261744064105,712.8989755035091,0.686721791551786,0.18366942526350938,0.4351956084076477,0.535806081665303,0.33458513514999233
65114,2024,Sala Consilina,SA,Campania,12149.0,59.6932,2,48.0,84.0,1.0,133.0,85.0,0.6390977443609023,0.007518796992481203,109.4740307844267,2.2280594774614193,203.52401948630666,0.6596796373846449,0.23533862086299936,0.4475091291238221,0.5323773324281512,0.36264092581949303
65116,2024,Salerno,SA,Campania,126000.0,60.1191,1,543.0,736.0,2.0,1281.0,738.0,0.5761124121779859,0.00156128024980484,101.66666666666666,21.30770420714881,2095.8397580802107,0.8274558940084897,0.11593031632359321,0.47169310516604146,0.6139982207030208,0.3293879896290622
65122,2024,San Marzano sul Sarno,SA,Campania,10203.0,5.1894,2,17.0,18.0,0.0,35.0,18.0,0.5142857142857142,0.0,34.30363618543566,6.744517670636297,1966.1232512429183,0.554194427021954,0.02027785207159133,0.28723613954677263,0.39401945453684517,0.18045282455670011
65132,2024,San Valentino Torio,SA,Campania,10938.0,9.1563,2,18.0,22.0,0.0,40.0,22.0,0.55,0.0,36.56975681111721,4.3685768268842216,1194.5873333114905,0.5303067014776202,0.07097248225056997,0.30063959186409506,0.39250643570950505,0.20877274801868503
65135,2024,Sarno,SA,Campania,30859.0,40.0006,2,53.0,71.0,2.0,126.0,73.0,0.5793650793650794,0.015873015873015872,40.83087591950484,3.1499527507087395,771.4634280485793,0.523960226014635,0.1923279185268363,0.35814407227073564,0.42447053376829535,0.2918176107731759
65137,2024,Scafati,SA,Campania,47667.0,19.8701,1,110.0,143.0,0.0,253.0,143.0,0.5652173913043478,0.0,53.07655191222439,12.732698879220537,2398.931057216622,0.6773179770570119,0.09257280293552589,0.3849453899962689,0.5018944248205661,0.2679963551719717
65158,2024,Bellizzi,SA,Campania,13302.0,8.022,2,33.0,55.0,0.0,88.0,55.0,0.625,0.0,66.15546534355735,10.969832959361755,1658.1899775617053,0.7000229461389343,0.17743120562642473,0.43872707588267956,0.5432454239851815,0.3342087277801776
66006,2024,Avezzano,AQ,Abruzzo,40948.0,104.0845,2,104.0,150.0,1.0,255.0,151.0,0.592156862745098,0.00392156862745098,62.274103741330464,2.4499325067613333,393.4111226935807,0.574569821530425,0.15061300118939372,0.36259141135990935,0.4473827754281156,0.2778000472917031
66032,2024,Celano,AQ,Abruzzo,10166.0,82.7991,2,18.0,24.0,1.0,43.0,25.0,0.5813953488372093,0.023255813953488372,42.297855597088336,0.5193293163814583,122.77911233334663,0.436152998341403,0.2318438517366245,0.3339984250390137,0.3748602543599694,0.29313659571805806
66049,2024,L'Aquila,AQ,Abruzzo,70425.0,473.9067,1,206.0,284.0,6.0,496.0,290.0,0.5846774193548387,0.012096774193548387,70.42953496627618,1.0466195139254204,148.60520013749542,0.5458656946958274,0.1810274406122945,0.3634465676540609,0.4364142184707675,0.2904789168373544
66098,2024,Sulmona,AQ,Abruzzo,21759.0,57.9277,2,62.0,86.0,1.0,149.0,87.0,0.5838926174496645,0.006711409395973154,68.47741164575578,2.572171862511372,375.6234064186909,0.5931285952146913,0.1529218914630472,0.3730252433388692,0.46106658408919804,0.28498390258854045
67001,2024,Alba Adriatica,TE,Abruzzo,13275.0,9.5364,2,52.0,60.0,1.0,113.0,61.0,0.5398230088495575,0.008849557522123894,85.12241054613935,11.849335178893503,1392.0347300868252,0.7473665225580564,0.10110098839179396,0.42423375547492514,0.5534868623081776,0.29498064864167267
67025,2024,Giulianova,TE,Abruzzo,23584.0,28.0793,2,102.0,160.0,3.0,265.0,163.0,0.6150943396226415,0.011320754716981131,112.36431478968791,9.437557204061354,839.906977738049,0.7730537212871837,0.22032217037277324,0.4966879458299785,0.6072342560128605,0.38614163564709636
67035,2024,Pineto,TE,Abruzzo,14803.0,38.1126,2,47.0,91.0,0.0,138.0,91.0,0.6594202898550725,0.0,93.22434641626697,3.620849797704696,388.4017359088595,0.6669775935823924,0.2262890738423968,0.4466333337123946,0.5347710376603937,0.3584956297643955
67037,2024,Roseto degli Abruzzi,TE,Abruzzo,25882.0,53.2598,2,59.0,79.0,0.0,138.0,79.0,0.572463768115942,0.0,53.31890889421219,2.5910724411282056,485.9575139223204,0.5533008958708846,0.10285866992836215,0.32807978289962336,0.41816822808812787,0.23799133771111888
67040,2024,Silvi,TE,Abruzzo,15482.0,20.5962,2,48.0,56.0,2.0,106.0,58.0,0.5471698113207547,0.018867924528301886,68.46660638160445,5.146580437168021,751.6920597003331,0.6435787063877971,0.16152133973964644,0.4025500230637218,0.4989614963933519,0.3061385497340916
67041,2024,Teramo,TE,Abruzzo,51600.0,152.8387,2,143.0,201.0,5.0,349.0,206.0,0.5902578796561605,0.014326647564469915,67.63565891472868,2.2834530783106635,337.61082762415543,0.5832935894495079,0.20008277390708995,0.39168818167829894,0.4683303447867825,0.3150460185698153
67044,2024,Tortoreto,TE,Abruzzo,12029.0,23.0202,2,44.0,57.0,1.0,102.0,58.0,0.5686274509803921,0.00980392156862745,84.79507856014631,4.4308911303985195,522.5410726231745,0.6666483097977837,0.14677109194123483,0.40670970086950925,0.510685144440819,0.30273425729819947
67047,2024,Martinsicuro,TE,Abruzzo,16378.0,14.6267,2,73.0,116.0,1.0,190.0,117.0,0.6157894736842106,0.005263157894736842,116.0092807424594,12.989943049354947,1119.7330908543966,0.8054813875397164,0.1909145676960036,0.49819797761786,0.6211113415866025,0.3752846136491174
68011,2024,Cepagatti,PE,Abruzzo,10989.0,30.8177,2,34.0,42.0,0.0,76.0,42.0,0.5526315789473685,0.0,69.16006916006916,2.466115251949367,356.580796100942,0.5919271806763654,0.07470787605323155,0.3333175283647985,0.43676138928942526,0.2298736674401717
68012,2024,Città Sant'Angelo,PE,Abruzzo,14902.0,61.9994,3,59.0,78.0,0.0,137.0,78.0,0.5693430656934306,0.0,91.93396859481949,2.2096988035368086,240.35716474675561,0.6308277781715537,0.09842898998254215,0.3646283840770479,0.47110814171485016,0.25814862643924563
68024,2024,Montesilvano,PE,Abruzzo,53602.0,23.6647,1,198.0,245.0,6.0,449.0,251.0,0.5590200445434298,0.013363028953229399,83.76553113689786,18.973407649368045,2265.0614628539556,0.785790283927678,0.15093372860184004,0.46836200626475905,0.5953333173299266,0.3413906951995914
68027,2024,Penne,PE,Abruzzo,11005.0,91.1943,2,22.0,25.0,0.0,47.0,25.0,0.5319148936170213,0.0,42.70786006360745,0.5153830886360222,120.67640192424308,0.43745500429178896,0.045301584415257376,0.24137829435352318,0.31980897832882943,0.16294761037821687
68028,2024,Pescara,PE,Abruzzo,118313.0,34.4163,1,534.0,649.0,3.0,1186.0,652.0,0.5497470489038786,0.002529510961214165,100.24257689349437,34.46041555890668,3437.7024839974083,0.8682739497146668,0.08339442972522003,0.4758341897199434,0.6328100937178327,0.318858285722054
68041,2024,Spoltore,PE,Abruzzo,18967.0,37.0138,2,70.0,92.0,0.0,162.0,92.0,0.5679012345679012,0.0,85.41150419149048,4.376745970421842,512.4304988950067,0.6668891616289115,0.09638238330324303,0.38163577246607727,0.49573712813121096,0.2675344168009436
69005,2024,Atessa,CH,Abruzzo,10264.0,110.9762,3,28.0,39.0,0.0,67.0,39.0,0.582089552238806,0.0,65.27669524551831,0.603733052672555,92.48829929300156,0.5109210744196351,0.11652198578451775,0.31372153010207643,0.39260134782909983,0.23484171237505297
69022,2024,Chieti,CH,Abruzzo,48403.0,59.567,2,146.0,210.0,2.0,358.0,212.0,0.5921787709497207,0.00558659217877095,73.96235770510093,6.010039115617708,812.5807913777763,0.6682764018544507,0.1590278354551987,0.4136521186548247,0.515501831934675,0.3118024053749743
69035,2024,Francavilla al Mare,CH,Abruzzo,25568.0,23.1305,1,84.0,111.0,3.0,198.0,114.0,0.5757575757575758,0.015151515151515152,77.44055068836045,8.560126240245562,1105.3803419727199,0.7045613549979428,0.18361283112963458,0.4440870930637887,0.5482767978374503,0.33989738829012706
69046,2024,Lanciano,CH,Abruzzo,33917.0,66.9603,2,98.0,141.0,2.0,241.0,143.0,0.5933609958506224,0.008298755186721992,71.05581271928531,3.5991475545957825,506.524014976038,0.6225996978840624,0.17433256688612242,0.39846613238509243,0.4881195585846804,0.30881270618550444
69058,2024,Ortona,CH,Abruzzo,21984.0,70.9714,2,74.0,105.0,4.0,183.0,109.0,0.5956284153005464,0.02185792349726776,83.24235807860262,2.5785034535038056,309.7585788078014,0.6248589008243219,0.24513085057507605,0.43499487569969897,0.5109404857495482,0.3590492656498498
69081,2024,San Giovanni Teatino,CH,Abruzzo,14577.0,17.7311,2,31.0,39.0,1.0,71.0,40.0,0.5633802816901409,0.014084507042253521,48.706866982232285,4.004263694863827,822.1148152116901,0.5696286796011956,0.16072351198052368,0.36517609579085963,0.446957129314994,0.28339506226672523
69083,2024,San Salvo,CH,Abruzzo,19890.0,19.6889,2,56.0,91.0,1.0,148.0,92.0,0.6216216216216216,0.006756756756756757,74.4092508798391,7.516925780515925,1010.2138768544713,0.6873591724713852,0.20670419721875377,0.4470316848450695,0.5431626798955957,0.3509006897945432
69099,2024,Vasto,CH,Abruzzo,40861.0,71.3679,2,123.0,175.0,7.0,305.0,182.0,0.5967213114754099,0.022950819672131147,74.64330290497051,4.273630021340126,572.5403157441931,0.6432863685116954,0.252090118003036,0.44768824325736567,0.5259274933590975,0.3694489931556338
70006,2024,Campobasso,CB,Molise,47547.0,56.1111,1,107.0,143.0,1.0,251.0,144.0,0.5737051792828686,0.00398406374501992,52.78987107493638,4.4732682125283585,847.3724450242465,0.5908920655563679,0.12473669251740961,0.35781437903688873,0.45104545364468035,0.26458330442909705
70078,2024,Termoli,CB,Molise,31836.0,55.9425,2,93.0,147.0,0.0,240.0,147.0,0.6125,0.0,75.38635506973237,4.290119318943558,569.084327657863,0.6451779893794642,0.15968808506378232,0.40243303722162327,0.49953101808475964,0.3053350563584869
71004,2024,Apricena,FG,Puglia,12466.0,172.5021,2,20.0,27.0,3.0,50.0,30.0,0.6,0.06,40.10909674314134,0.2898515438362779,72.26578690926081,0.4124268316602425,0.4367356842061676,0.42458125793320506,0.41971948742402004,0.4294430284423901
71020,2024,Cerignola,FG,Puglia,56900.0,593.9176,1,177.0,332.0,5.0,514.0,337.0,0.6556420233463035,0.009727626459143969,90.33391915641475,0.8654399196117442,95.80453584807051,0.5775111974193241,0.269901640966682,0.42370641919300306,0.4852283304835314,0.36218450790247464
71024,2024,Foggia,FG,Puglia,145198.0,509.2543,1,515.0,873.0,9.0,1397.0,882.0,0.6313528990694345,0.006442376521116679,96.21344646620476,2.7432267140405098,285.11884926646667,0.652503866245783,0.21893718881402072,0.43572052752990187,0.5224338630162544,0.34900719204354935
71028,2024,Lucera,FG,Puglia,30591.0,339.7869,2,66.0,103.0,3.0,172.0,106.0,0.6162790697674418,0.01744186046511628,56.22568729364846,0.5061996209977488,90.02995701129149,0.4810324154340324,0.2525324352446446,0.36678242533933847,0.412482421377216,0.3210824293014609
71029,2024,Manfredonia,FG,Puglia,53391.0,354.795,2,131.0,211.0,1.0,343.0,212.0,0.6180758017492711,0.0029154518950437317,64.24303721601018,0.9667554503304725,150.48408235741766,0.527323811428827,0.18233088267335645,0.35482734705109176,0.42382593280218583,0.2858287612999976
71033,2024,Monte Sant'Angelo,FG,Puglia,11006.0,245.1492,2,13.0,23.0,0.0,36.0,23.0,0.6388888888888888,0.0,32.70943121933491,0.14684934725465146,44.89510877457483,0.36898957175561986,0.19714578402936073,0.2830676778924903,0.31743643543774214,0.24869892034723845
71036,2024,Orta Nova,FG,Puglia,16597.0,105.2375,2,27.0,44.0,2.0,73.0,46.0,0.6301369863013698,0.0273972602739726,43.983852503464476,0.6936690818386982,157.70994179831334,0.45251354022817863,0.32146480892971746,0.38698917457894805,0.4131989208386403,0.3607794283192558
71046,2024,San Giovanni Rotondo,FG,Puglia,26249.0,261.9689,2,32.0,47.0,2.0,81.0,49.0,0.6049382716049383,0.024691358024691357,30.858318412129982,0.3091970077364145,100.19891674164376,0.3720510862544834,0.27235443377898433,0.32220276001673387,0.34214209051183364,0.30226342952163404
71047,2024,San Marco in Lamis,FG,Puglia,12313.0,234.1972,2,10.0,21.0,1.0,32.0,22.0,0.6875,0.03125,25.98879233330626,0.1366369879742371,52.57535102896192,0.331733502333929,0.42182501997552946,0.37677926115472926,0.35876095762640914,0.39479756468304933
71049,2024,San Nicandro Garganico,FG,Puglia,13485.0,173.3573,2,18.0,34.0,5.0,57.0,39.0,0.6842105263157895,0.08771929824561403,42.26918798665183,0.3288006908275567,77.78732132999302,0.4235826284395624,0.6868660526978446,0.5552243405687035,0.502567655717047,0.6078810254203599
71051,2024,San Severo,FG,Puglia,49136.0,336.3048,2,164.0,258.0,9.0,431.0,267.0,0.6194895591647331,0.02088167053364269,87.71572777596874,1.2815755231563748,146.10555662601308,0.5914750184555796,0.27416487656208477,0.4328199475088322,0.4962819758875311,0.36935791913013316
71056,2024,Torremaggiore,FG,Puglia,16371.0,210.0083,2,24.0,35.0,0.0,59.0,35.0,0.5932203389830508,0.0,36.039337853521474,0.28094127708285815,77.95406181565205,0.3947050942975676,0.13232157707733366,0.2635133356874506,0.31599003913149737,0.21103663224340385
71060,2024,Vieste,FG,Puglia,13279.0,169.2698,2,32.0,39.0,1.0,72.0,40.0,0.5555555555555556,0.013888888888888888,54.22095037276903,0.4253564427913308,78.44872505314001,0.47006001938396935,0.14864069823894968,0.3093503588114595,0.37363422304046345,0.24506649458245558
72001,2024,Acquaviva delle Fonti,BA,Puglia,19746.0,132.0244,2,28.0,43.0,2.0,73.0,45.0,0.6164383561643836,0.0273972602739726,36.96951281272157,0.5529280951096918,149.563262548438,0.4166758204319094,0.30202029324462987,0.35934805683826965,0.38227916227572556,0.33641695140081374
72002,2024,Adelfia,BA,Puglia,16436.0,29.814,2,32.0,50.0,0.0,82.0,50.0,0.6097560975609756,0.0,49.89048430275006,2.7503857248272623,551.2846313812303,0.5466581730261085,0.15579325372076316,0.35122571337343583,0.42939869723450486,0.27305272951236675
72003,2024,Alberobello,BA,Puglia,10102.0,40.823,2,16.0,27.0,0.0,43.0,27.0,0.627906976744186,0.0,42.565828548802216,1.0533277809078216,247.45854052862356,0.46517598353457007,0.181557512734016,0.323366748134293,0.3800904422944038,0.2666430539741822
72004,2024,Altamura,BA,Puglia,70163.0,431.3698,1,176.0,297.0,2.0,475.0,299.0,0.6294736842105263,0.004210526315789474,67.69949973632826,1.1011433809228184,162.65162744355308,0.5419273856135722,0.20503830835872291,0.3734828469861476,0.4408606624371174,0.30610503153517765
72006,2024,Bari,BA,Puglia,315831.0,117.5569,1,1777.0,2528.0,12.0,4317.0,2540.0,0.5883715543201298,0.002779708130646282,136.68702565612622,36.72264239700094,2686.62239307093,0.9243913838553092,0.13948240214679403,0.5319368930010516,0.6889186893427546,0.37495509665934856
72010,2024,Bitetto,BA,Puglia,11742.0,33.9452,2,16.0,18.0,0.0,34.0,18.0,0.5294117647058824,0.0,28.95588485777551,1.0016143666851278,345.9104674593168,0.40144897158551207,0.04174851897092348,0.22159874527821777,0.29353883580113543,0.14965865475530005
72011,2024,Bitonto,BA,Puglia,52958.0,174.3367,1,137.0,214.0,5.0,356.0,219.0,0.6151685393258427,0.014044943820224719,67.22308244269043,2.0420255746495144,303.7685123098005,0.5752029953282795,0.23403695600630706,0.40461997566729324,0.4728531835316877,0.3363867678028988
72012,2024,Bitritto,BA,Puglia,11428.0,17.9815,2,32.0,54.0,1.0,87.0,55.0,0.632183908045977,0.011494252873563218,76.12880644032201,4.838306036760003,635.5420849206129,0.655932716971691,0.24544780411088013,0.4506902605412856,0.5327872431134477,0.3685932779691234
72014,2024,Capurso,BA,Puglia,15073.0,15.1051,2,49.0,72.0,0.0,121.0,72.0,0.5950413223140496,0.0,80.27599018111856,8.010539486663445,997.8748899378355,0.7048717730944449,0.13490637122009155,0.41988907215726823,0.5338821525321389,0.30589599178239757
72015,2024,Casamassima,BA,Puglia,19213.0,78.4318,2,53.0,109.0,1.0,163.0,110.0,0.6748466257668712,0.006134969325153374,84.83839067298184,2.078238673599229,244.96441494393858,0.6139280956066246,0.2791288459890089,0.44652847079781677,0.5134883207213399,0.3795686208742936
72016,2024,Cassano delle Murge,BA,Puglia,15126.0,90.1971,2,26.0,34.0,3.0,63.0,37.0,0.5873015873015873,0.047619047619047616,41.65013883379611,0.6984703499336453,167.69940496978282,0.4440501469357588,0.359271603435835,0.40166087518579685,0.4186165838857816,0.3847051664858121
72017,2024,Castellana Grotte,BA,Puglia,19697.0,69.1287,2,62.0,88.0,1.0,151.0,89.0,0.5894039735099338,0.006622516556291391,76.66142052089151,2.1843315439173603,284.9323074207963,0.6006808648907034,0.16029824072728377,0.38048955280899355,0.46856607764167746,0.29241302797630964
72019,2024,Conversano,BA,Puglia,25938.0,128.4208,2,82.0,125.0,3.0,210.0,128.0,0.6095238095238096,0.014285714285714285,80.96229470275271,1.635249118522856,201.9766268392659,0.5919078891169408,0.22722562476338432,0.40956675694016254,0.48250320981087386,0.33663030406945127
72020,2024,Corato,BA,Puglia,46938.0,169.278,2,98.0,158.0,0.0,256.0,158.0,0.6171875,0.0,54.54003153095572,1.5123052020935976,277.28352178073936,0.5237168034752971,0.16634175527477318,0.34502927937503514,0.4165042890151399,0.27355426973493036
72021,2024,Gioia del Colle,BA,Puglia,26465.0,208.9351,2,51.0,77.0,3.0,131.0,80.0,0.6106870229007634,0.022900763358778626,49.49933874929152,0.626988954943425,126.66612742425758,0.4677236463757254,0.2716661757521308,0.3696949110639281,0.408906405188647,0.33048341693920913
72022,2024,Giovinazzo,BA,Puglia,19156.0,44.2848,2,64.0,103.0,0.0,167.0,103.0,0.6167664670658682,0.0,87.17895176446022,3.771045595780042,432.56376905845804,0.659090207707609,0.16574412022588175,0.4124171639667453,0.5110863814630908,0.3137479464703999
72023,2024,Gravina in Puglia,BA,Puglia,42146.0,384.7183,2,62.0,106.0,1.0,169.0,107.0,0.6331360946745562,0.005917159763313609,40.098704503392966,0.4392824568002094,109.55028653432915,0.42258034053215787,0.21882751830722624,0.32070392941969206,0.3614544938646783,0.2799533649747057
72024,2024,Grumo Appula,BA,Puglia,12075.0,81.3013,2,18.0,30.0,0.0,48.0,30.0,0.625,0.0,39.75155279503106,0.5903964635251835,148.52161035555397,0.43047623537044966,0.17743120562642473,0.30395372049843716,0.3545627264472421,0.2533447145496322
72025,2024,Locorotondo,BA,Puglia,13859.0,48.1788,2,42.0,72.0,1.0,115.0,73.0,0.6347826086956522,0.008695652173913044,82.97856988238689,2.3869419744784013,287.6576419504014,0.619228306958304,0.23511950077169236,0.4271739038649982,0.5039956651023204,0.35035214262767583
72027,2024,Modugno,BA,Puglia,36038.0,32.2363,2,109.0,169.0,2.0,280.0,171.0,0.6107142857142858,0.007142857142857143,77.69576558077584,8.68586034997813,1117.9322689018281,0.7063086788686035,0.19316163848093149,0.4497351586747675,0.5523645667523018,0.3471057505972331
72028,2024,Mola di Bari,BA,Puglia,24245.0,50.9421,2,51.0,88.0,1.0,140.0,89.0,0.6357142857142857,0.007142857142857143,57.74386471437409,2.7482180750302794,475.9324802079223,0.5701129325266702,0.2286478796062163,0.3993804060664432,0.467673416650534,0.33108739548235244
72029,2024,Molfetta,BA,Puglia,57229.0,59.1111,1,179.0,281.0,1.0,461.0,282.0,0.6117136659436009,0.0021691973969631237,80.55356550000874,7.798873646404821,968.1599564210444,0.7032194370825815,0.16953431708369332,0.43637687708313744,0.543113901082915,0.32963985308335975
72030,2024,Monopoli,BA,Puglia,47757.0,157.8626,2,193.0,265.0,1.0,459.0,266.0,0.579520697167756,0.002178649237472767,96.11156479678372,2.907591791849368,302.52257342777835,0.6563288070741655,0.12388573346501044,0.39010727026958797,0.496595884991419,0.28361865554775695
72031,2024,Noci,BA,Puglia,18122.0,150.5967,2,36.0,51.0,0.0,87.0,51.0,0.5862068965517241,0.0,48.00794614280984,0.5777019018345023,120.33464212695232,0.459951997697318,0.12236634870787906,0.29115917320259854,0.3586763030004863,0.22364204340471072
72032,2024,Noicattaro,BA,Puglia,25902.0,40.7926,2,70.0,115.0,1.0,186.0,116.0,0.6236559139784946,0.005376344086021506,71.80912670836229,4.559650524850095,634.9681069605762,0.6419430041629312,0.20265017856686207,0.4222965913648966,0.5101551564841104,0.33443802624568275
72033,2024,Palo del Colle,BA,Puglia,20366.0,79.7123,2,39.0,52.0,0.0,91.0,52.0,0.5714285714285714,0.0,44.682313660021606,1.1416054987749695,255.4938196489124,0.4768617627216437,0.10138926035795695,0.2891255115398003,0.3642200120125377,0.21403101106706296
72035,2024,Polignano a Mare,BA,Puglia,17353.0,63.0967,2,46.0,59.0,3.0,108.0,62.0,0.5740740740740741,0.027777777777777776,62.2370771624503,1.7116584544041131,275.0223070303201,0.552078991866461,0.2437597377103063,0.39791936478838363,0.45958321561961457,0.3362555139571527
72036,2024,Putignano,BA,Puglia,25718.0,100.154,2,74.0,97.0,0.0,171.0,97.0,0.5672514619883041,0.0,66.4903958317132,1.7073706492002316,256.78455179024303,0.5625949587126341,0.0954600638457958,0.3290275112792149,0.4224544902525826,0.23560053230584727
72037,2024,Rutigliano,BA,Puglia,18223.0,53.8522,2,41.0,78.0,1.0,120.0,79.0,0.6583333333333333,0.008333333333333333,65.85084782966581,2.2283212199315905,338.3891465901114,0.5774026008915097,0.26673102126319115,0.42206681107735045,0.4842011270030141,0.3599324951516867
72038,2024,Ruvo di Puglia,BA,Puglia,24254.0,223.8251,2,53.0,71.0,1.0,125.0,72.0,0.576,0.008,51.537890657211186,0.5584717710390836,108.36139467825548,0.4702047880480843,0.14819028013320276,0.30919753409064354,0.37360043567361984,0.2447946325076672
72041,2024,Santeramo in Colle,BA,Puglia,25648.0,144.8516,2,34.0,60.0,2.0,96.0,62.0,0.6458333333333334,0.020833333333333332,37.42981908920773,0.6627472530507085,177.06397444004762,0.42500465858026815,0.311318989042508,0.36816182381138807,0.39089895771894007,0.345424689903836
72043,2024,Terlizzi,BA,Puglia,25982.0,69.2295,2,28.0,45.0,1.0,74.0,46.0,0.6216216216216216,0.013513513513513514,28.48125625432992,1.0689084855444573,375.3024361002174,0.4019081308169354,0.2405447426237977,0.32122643672036655,0.35349911435899406,0.288953759081739
72046,2024,Triggiano,BA,Puglia,25764.0,20.1384,2,66.0,101.0,0.0,167.0,101.0,0.6047904191616766,0.0,64.8191274646794,8.292615103483891,1279.3469193183173,0.6731844867798882,0.14874472327963748,0.41096460502976284,0.515852557729813,0.3060766523297127
72047,2024,Turi,BA,Puglia,12968.0,71.3995,2,44.0,71.0,1.0,116.0,72.0,0.6206896551724138,0.008620689655172414,89.45095619987661,1.6246612371235092,181.62592175015232,0.6076767096052329,0.21473927220984518,0.411207990907539,0.4897954783866165,0.3326205034284615
72048,2024,Valenzano,BA,Puglia,17220.0,15.9787,2,26.0,39.0,1.0,66.0,40.0,0.6060606060606061,0.015151515151515152,38.32752613240418,4.130498726429559,1077.6846677138942,0.5335782915223911,0.22662645673604054,0.3801023741292158,0.44149274108648595,0.3187120071719457
73003,2024,Castellaneta,TA,Puglia,15927.0,242.389,2,37.0,54.0,3.0,94.0,57.0,0.6063829787234043,0.031914893617021274,59.01927544421422,0.38780637735210755,65.70842736262784,0.48122624325377733,0.30994430042892046,0.3955852718413489,0.4298416604063202,0.36132888327637747
73004,2024,Crispiano,TA,Puglia,12939.0,112.3006,2,12.0,20.0,0.0,32.0,20.0,0.625,0.0,24.7314321044903,0.28494950160551236,115.21755003980388,0.33532496257857347,0.17743120562642473,0.25637808410249907,0.28795683549292883,0.22479933271206934
73007,2024,Ginosa,TA,Puglia,21717.0,188.5984,2,34.0,64.0,1.0,99.0,65.0,0.6565656565656566,0.010101010101010102,45.586406962287604,0.5249249198296486,115.14943923172201,0.44848674035106123,0.2730831486457955,0.36078494449842835,0.3958656628394815,0.3257042261573752
73008,2024,Grottaglie,TA,Puglia,30198.0,102.1223,2,85.0,134.0,1.0,220.0,135.0,0.6136363636363636,0.004545454545454545,72.85250678852904,2.1542797214712164,295.7042683135809,0.5915611789417827,0.1842450930581727,0.3879031359999777,0.4693663531766997,0.30643991882325566
73009,2024,Laterza,TA,Puglia,14701.0,161.1732,2,43.0,84.0,3.0,130.0,87.0,0.6692307692307692,0.023076923076923078,88.42935854703762,0.8065857102793764,91.2124348216701,0.5710776350471088,0.35563726520866934,0.4633574501278891,0.506445524095577,0.42026937616020116
73012,2024,Manduria,TA,Puglia,29665.0,180.4419,2,105.0,193.0,3.0,301.0,196.0,0.6511627906976745,0.009966777408637873,101.46637451542222,1.668126970509621,164.40194877132197,0.6296358399983805,0.264741696612725,0.44718876830555276,0.5201675969826838,0.37420993962842164
73013,2024,Martina Franca,TA,Puglia,46754.0,298.7193,2,113.0,141.0,1.0,255.0,142.0,0.5568627450980392,0.00392156862745098,54.54078795397185,0.8536442071201962,156.51482846940254,0.4954412830064069,0.10051477842428558,0.29797803071534623,0.3769633316317705,0.21899272979892198
73015,2024,Massafra,TA,Puglia,31845.0,127.9938,2,64.0,107.0,2.0,173.0,109.0,0.630057803468208,0.011560693641618497,54.3256398178678,1.3516279694797717,248.8011138039499,0.516936315614172,0.2427622084371912,0.3798492620256816,0.4346840834610777,0.3250144405902854
73019,2024,Mottola,TA,Puglia,15125.0,213.9608,2,19.0,41.0,10.0,70.0,51.0,0.7285714285714285,0.14285714285714285,46.28099173553719,0.3271627326127029,70.69051901095901,0.43799256795539565,0.9999999999999999,0.7189962839776978,0.6065947975687769,0.8313977703866186
73021,2024,Palagiano,TA,Puglia,15701.0,69.9867,2,39.0,76.0,1.0,116.0,77.0,0.6637931034482759,0.008620689655172414,73.88064454493345,1.6574577741199399,224.34262509876876,0.577885875739566,0.2759224465637848,0.4269041611516754,0.48729684698683157,0.3665114753165191
73022,2024,Pulsano,TA,Puglia,11212.0,18.5281,2,22.0,39.0,0.0,61.0,39.0,0.639344262295082,0.0,54.40599357830895,3.2922965657568777,605.1349032010838,0.5731361626480082,0.19779216364912927,0.3854641631485687,0.46053296294834445,0.3103953633487929
73024,2024,San Giorgio Ionico,TA,Puglia,13951.0,23.5597,2,27.0,36.0,1.0,64.0,37.0,0.578125,0.015625,45.87484768116981,2.7165031812798976,592.1552481568102,0.5323497773973696,0.18933239525894868,0.36084108632815914,0.4294445627558433,0.2922376099004749
73026,2024,Sava,TA,Puglia,15166.0,44.5686,2,59.0,106.0,1.0,166.0,107.0,0.6445783132530121,0.006024096385542169,109.45536067519451,3.724595342909582,340.2844154853417,0.6950774265152193,0.23560696805233344,0.46534219728377635,0.5572362889763535,0.37344810559119923
73027,2024,Taranto,TA,Puglia,186011.0,249.725,1,868.0,1339.0,8.0,2215.0,1347.0,0.6081264108352145,0.0036117381489841984,119.07897920015483,8.869756732405646,744.8633496846531,0.7772776182342832,0.17171937593456152,0.4744984970844224,0.5956101455443666,0.353386848624478
73029,2024,Statte,TA,Puglia,12643.0,67.3201,2,25.0,41.0,1.0,67.0,42.0,0.6268656716417911,0.014925373134328358,52.99375148303409,0.9952451051023394,187.80423677326684,0.4976601241293395,0.25503106530276054,0.37634559471605,0.4248714064813658,0.3278197829507342
74001,2024,Brindisi,BR,Puglia,81723.0,333.3038,1,351.0,522.0,6.0,879.0,528.0,0.6006825938566553,0.006825938566552901,107.55845967475497,2.6372336589021788,245.19072389813735,0.6679136884791587,0.17732994139519417,0.42262181493717643,0.5207385643539693,0.3245050655203835
74002,2024,Carovigno,BR,Puglia,17040.0,106.6405,2,55.0,101.0,1.0,157.0,102.0,0.6496815286624203,0.006369426751592357,92.13615023474179,1.4722361579324927,159.78919828770495,0.606904572124467,0.24458704142587107,0.42574580677516904,0.49820931291488824,0.35328230063544985
74003,2024,Ceglie Messapica,BR,Puglia,18502.0,132.0198,2,47.0,62.0,2.0,111.0,64.0,0.5765765765765766,0.018018018018018018,59.99351421467949,0.8407829734630714,140.14564481994367,0.5101345416974955,0.1990408286967464,0.35458768519712097,0.41680642779727073,0.2923689425969711
74005,2024,Cisternino,BR,Puglia,11040.0,54.1686,3,19.0,28.0,1.0,48.0,29.0,0.6041666666666666,0.020833333333333332,43.47826086956522,0.8861222184069738,203.80811023360397,0.46067166379930463,0.25217525383369965,0.35642345881650217,0.3981227408096231,0.31472417682338116
74007,2024,Fasano,BR,Puglia,38863.0,131.801,2,98.0,141.0,3.0,242.0,144.0,0.5950413223140496,0.012396694214876033,62.27002547410133,1.8361013952853167,294.86119225195563,0.5563374246327489,0.19723745956205085,0.3767874420973999,0.44860743511153944,0.30496744908326023
74008,2024,Francavilla Fontana,BR,Puglia,34550.0,177.9372,2,109.0,173.0,3.0,285.0,176.0,0.6175438596491228,0.010526315789473684,82.4891461649783,1.6016886856711245,194.16962838574509,0.5937393486990248,0.21982338987166233,0.4067813692853436,0.481564561050816,0.33199817751987104
74009,2024,Latiano,BR,Puglia,13359.0,55.3819,2,31.0,39.0,2.0,72.0,41.0,0.5694444444444444,0.027777777777777776,53.89624971929037,1.300063739236104,241.2159929507655,0.5135979991919297,0.23718821157599423,0.375393105383962,0.430675062907149,0.3201111478607749
74010,2024,Mesagne,BR,Puglia,25921.0,124.0503,2,59.0,75.0,4.0,138.0,79.0,0.572463768115942,0.028985507246376812,53.23868677905945,1.1124519650496614,208.95556076849473,0.5037104690637124,0.2474154378235414,0.3755629534436269,0.4268219596916611,0.3243039471955927
74011,2024,Oria,BR,Puglia,14377.0,83.6671,2,29.0,51.0,1.0,81.0,52.0,0.6419753086419753,0.012345679012345678,56.33998748000278,0.9681224758596867,171.8357634004286,0.5062370786619182,0.26360295050744587,0.38492001458468206,0.4334468402155765,0.33639318895378756
74012,2024,Ostuni,BR,Puglia,29943.0,225.5602,2,89.0,124.0,2.0,215.0,126.0,0.586046511627907,0.009302325581395349,71.80309254249741,0.95318234333894,132.74948328650177,0.5446397436306507,0.16898293872060421,0.35681134117562746,0.4319427021576367,0.2816799801936182
74016,2024,San Pietro Vernotico,BR,Puglia,12843.0,46.974,2,20.0,31.0,0.0,51.0,31.0,0.6078431372549019,0.0,39.71034804952114,1.085706986843786,273.4065653340146,0.45552631725119547,0.15307790289338596,0.3043021100722907,0.3647917929438526,0.24381242720072882
74017,2024,San Vito dei Normanni,BR,Puglia,17833.0,67.0762,2,32.0,53.0,0.0,85.0,53.0,0.6235294117647059,0.0,47.66444232602479,1.267215495212907,265.86181089566793,0.4925216407711919,0.17534377967787856,0.33393271022453525,0.3973682824431979,0.27049713800587255
74019,2024,Torre Santa Susanna,BR,Puglia,10086.0,55.7649,2,24.0,37.0,0.0,61.0,37.0,0.6065573770491803,0.0,60.479873091413836,1.0938780487367503,180.86645900916167,0.5234170503423365,0.1512528310258047,0.3373349406840706,0.41176778454737695,0.26290209682076426
75014,2024,Carmiano,LE,Puglia,11660.0,24.2401,2,18.0,26.0,0.0,44.0,26.0,0.5909090909090909,0.0,37.735849056603776,1.815174029810108,481.0211178996786,0.4752757462002991,0.12904087681921803,0.3021583115097586,0.3714052853859748,0.23291133763354233
75016,2024,Casarano,LE,Puglia,19093.0,38.7273,2,31.0,44.0,2.0,77.0,46.0,0.5974025974025974,0.025974025974025976,40.32891635677998,1.9882615106139596,493.01138989808226,0.4914395054254338,0.267986797308289,0.3797131513668614,0.42440369299029035,0.33502260974343245
75020,2024,Cavallino,LE,Puglia,13044.0,22.6543,2,29.0,43.0,0.0,72.0,43.0,0.5972222222222222,0.0,55.19779208831647,3.178204579263098,575.7847296098313,0.5729550117884636,0.13800204882055256,0.3554785303045081,0.4424691228980903,0.2684879377109259
75022,2024,Copertino,LE,Puglia,22827.0,58.5316,2,44.0,70.0,0.0,114.0,70.0,0.6140350877192983,0.0,49.940859508476805,1.9476658762104573,389.9944645285624,0.5244205742194653,0.16186706478200152,0.3431438195007334,0.4156545213882262,0.27063311761324066
75029,2024,Galatina,LE,Puglia,25319.0,82.6465,2,61.0,101.0,1.0,163.0,102.0,0.6257668711656442,0.006134969325153374,64.37852995773925,1.9722553284168114,306.35296110543095,0.5660685319279061,0.20946260574305078,0.3877655688354784,0.4590867540724495,0.31644438359850735
75030,2024,Galatone,LE,Puglia,14836.0,47.0701,2,26.0,36.0,0.0,62.0,36.0,0.5806451612903226,0.0,41.79023995686168,1.3171843696954117,315.18947272259885,0.47347685873957523,0.11447174556543536,0.2939743021525053,0.36577532478733327,0.2221732795176773
75031,2024,Gallipoli,LE,Puglia,18934.0,41.2324,2,80.0,106.0,3.0,189.0,109.0,0.5767195767195767,0.015873015873015872,99.82042885813881,4.583773925359669,459.20198678708977,0.695665855921649,0.18857276073580082,0.4421193083287249,0.5435379273658945,0.3407006892915553
75035,2024,Lecce,LE,Puglia,94187.0,239.5758,1,509.0,663.0,4.0,1176.0,667.0,0.5671768707482994,0.003401360544217687,124.85799526473929,4.908676084980203,393.1407095374408,0.7372611802832238,0.11253295455844947,0.42489706742083666,0.5498427125657914,0.2999514222758818
75037,2024,Leverano,LE,Puglia,13393.0,49.5031,2,21.0,29.0,2.0,52.0,31.0,0.5961538461538461,0.038461538461538464,38.826252519973124,1.0504392654197414,270.5487131108961,0.45034361597992445,0.3274192466491892,0.3888814313145568,0.4134663051807038,0.3642965574484098
75038,2024,Lizzanello,LE,Puglia,11858.0,25.4163,2,13.0,14.0,1.0,28.0,15.0,0.5357142857142857,0.03571428571428571,23.612750885478157,1.1016552369935828,466.55099286678234,0.37380256577498683,0.228226623751845,0.3010145947634159,0.3301297831680443,0.2718994063587875
75039,2024,Maglie,LE,Puglia,13265.0,22.663,2,31.0,47.0,0.0,78.0,47.0,0.6025641025641025,0.0,58.80135695439125,3.4417332215505447,585.315271588051,0.588824398399438,0.14558457897552793,0.36720448868748296,0.455852452572265,0.27855652480270093
75042,2024,Matino,LE,Puglia,10817.0,26.6287,2,18.0,26.0,1.0,45.0,27.0,0.6,0.022222222222222223,41.60118332254785,1.6899060036727291,406.2158498161758,0.4866234435375884,0.25313938942792935,0.36988141648275885,0.4165782273046907,0.3231846056608271
75043,2024,Melendugno,LE,Puglia,10055.0,92.3337,2,30.0,58.0,0.0,88.0,58.0,0.6590909090909091,0.0,87.51864743908504,0.9530648073238699,108.89848451865355,0.5766516416163764,0.22582153443363143,0.4012365880250039,0.4714026094615529,0.3310705665884549
75048,2024,Monteroni di Lecce,LE,Puglia,13208.0,16.7102,2,24.0,34.0,0.0,58.0,34.0,0.5862068965517241,0.0,43.912780133252575,3.470933920599394,790.4154348840827,0.5425339803904863,0.12236634870787906,0.3324501645491827,0.4164836908857041,0.24841663821266122
75052,2024,Nardò,LE,Puglia,30752.0,193.274,2,135.0,230.0,1.0,366.0,231.0,0.6311475409836066,0.00273224043715847,119.01664932362122,1.8936846135538148,159.11089955193145,0.6630812249502436,0.19996127541418757,0.43152125018221554,0.5241452400894268,0.33889726027500433
75063,2024,Racale,LE,Puglia,10703.0,24.2907,2,18.0,29.0,0.0,47.0,29.0,0.6170212765957447,0.0,43.912921610763334,1.934896894696324,440.6213077432927,0.5033865859972998,0.1661058095226104,0.33474619775995507,0.40220235305489294,0.2672900424650172
75079,2024,Squinzano,LE,Puglia,13320.0,31.1621,2,28.0,35.0,0.0,63.0,35.0,0.5555555555555556,0.0,47.2972972972973,2.0216866000686733,427.4423097288052,0.5179978227811508,0.07885831361174436,0.29842806819644757,0.38625597003032885,0.2106001663625663
75083,2024,Surbo,LE,Puglia,14517.0,20.6574,2,38.0,58.0,1.0,97.0,59.0,0.6082474226804123,0.010309278350515464,66.81821312943445,4.695653857697484,702.7505881669523,0.6325585005024781,0.20554086338720953,0.4190496819448438,0.5044532093678975,0.3336461545217901
75084,2024,Taurisano,LE,Puglia,11187.0,23.6797,2,17.0,22.0,0.0,39.0,22.0,0.5641025641025641,0.0,34.86189326897291,1.6469803249196568,472.4299716634923,0.4569180735362923,0.090990361859705,0.27395421769799866,0.3471397600333161,0.20076867536268117
75085,2024,Taviano,LE,Puglia,11378.0,22.1319,2,31.0,61.0,1.0,93.0,62.0,0.6666666666666666,0.010752688172043012,81.7366848303744,4.2020793515242705,514.0995576520768,0.6566988753936643,0.29068393442528406,0.4736914049094742,0.5468943931031502,0.40048841671579816
75087,2024,Trepuzzi,LE,Puglia,13727.0,23.7435,2,25.0,33.0,0.0,58.0,33.0,0.5689655172413793,0.0,42.252495082683765,2.442773811780066,578.1371743845684,0.5120597489048602,0.09789307896630334,0.3049764139355817,0.3878097479232931,0.22214307994787036
75088,2024,Tricase,LE,Puglia,16977.0,43.3294,2,34.0,42.0,2.0,78.0,44.0,0.5641025641025641,0.02564102564102564,45.94451316487012,1.8001633994470267,391.81248759502785,0.5062629765572064,0.21907676466586196,0.3626698706115342,0.4201071129898031,0.30523262823326525
75090,2024,Ugento,LE,Puglia,11891.0,100.4105,2,40.0,56.0,0.0,96.0,56.0,0.5833333333333334,0.0,80.73332772685224,0.956075310848965,118.4238700135942,0.56373079783396,0.11828747041761654,0.34100913412578826,0.4300977996090569,0.2519204686425196
75092,2024,Veglie,LE,Puglia,13142.0,62.3081,2,30.0,49.0,1.0,80.0,50.0,0.625,0.0125,60.87353523055852,1.2839422161805607,210.91960756306162,0.5325433061537811,0.24027850667989947,0.3864109064168403,0.44486386631161656,0.32795794652206395
76007,2024,Avigliano,PZ,Basilicata,10465.0,85.4804,3,7.0,9.0,0.0,16.0,9.0,0.5625,0.0,15.289058767319636,0.18717741142998862,122.42572566342693,0.2530672563761017,0.08871560281321236,0.17089142959465703,0.2037617603072349,0.13802109888207917
76042,2024,Lauria,PZ,Basilicata,11706.0,176.627,3,27.0,52.0,1.0,80.0,53.0,0.6625,0.0125,68.34102169827439,0.4529318847061887,66.27525802963306,0.5091407802903702,0.29350786836782683,0.40132432432909854,0.4444509067136072,0.35819774194458986
76043,2024,Lavello,PZ,Basilicata,12859.0,134.6568,2,11.0,24.0,0.0,35.0,24.0,0.6857142857142857,0.0,27.218290691344585,0.2599200337450467,95.49462039793015,0.34860811069196335,0.26361207693068817,0.30611009381132576,0.3231093005635808,0.28911088705907073
76048,2024,Melfi,PZ,Basilicata,16961.0,206.1825,2,34.0,51.0,4.0,89.0,55.0,0.6179775280898876,0.0449438202247191,52.473321148517186,0.4316564208892607,82.26207364834552,0.465202122688765,0.3898788741845518,0.4275404984366584,0.442605148137501,0.4124758487358157
76063,2024,Potenza,PZ,Basilicata,63864.0,175.4318,1,194.0,286.0,4.0,484.0,290.0,0.5991735537190083,0.008264462809917356,75.78604534636102,2.758906880052533,364.0389028670971,0.6142520851686805,0.18241113503755935,0.3983316101031199,0.4846998001293441,0.3119634200768957
76066,2024,Rionero in Vulture,PZ,Basilicata,12382.0,53.5194,2,24.0,39.0,0.0,63.0,39.0,0.6190476190476191,0.0,50.880310127604595,1.1771432415161605,231.35535899131904,0.4992336791127532,0.16898210059659502,0.3341078898546741,0.4001582055579057,0.2680575741514425
76095,2024,Venosa,PZ,Basilicata,10674.0,170.3885,2,14.0,28.0,2.0,44.0,30.0,0.6818181818181818,0.045454545454545456,41.22166010867528,0.2582333901642423,62.64507287757097,0.4144929806285245,0.4829695626313981,0.4487312716299613,0.4350359552293866,0.462426588030536
77003,2024,Bernalda,MT,Basilicata,11906.0,126.2369,2,21.0,38.0,0.0,59.0,38.0,0.6440677966101694,0.0,49.554846295985215,0.46737522863758535,94.31473681625579,0.45830035195709373,0.20449698275587927,0.3313986673564865,0.38215934119672934,0.28063799351624363
77014,2024,Matera,MT,Basilicata,59628.0,392.0808,1,184.0,255.0,2.0,441.0,257.0,0.5827664399092971,0.0045351473922902496,73.95854296639163,1.1247681600323198,152.0808976109006,0.5572504229024494,0.14037488110936747,0.34881265200590844,0.43218776036452483,0.26543754364729205
77020,2024,Pisticci,MT,Basilicata,16600.0,233.9225,2,42.0,79.0,1.0,122.0,80.0,0.6557377049180327,0.00819672131147541,73.49397590361446,0.5215402537165087,70.96367386634462,0.525174150601311,0.2623611831831625,0.39376766689223675,0.44633026037586643,0.341205073408607
77021,2024,Policoro,MT,Basilicata,17682.0,67.6487,2,57.0,109.0,1.0,167.0,110.0,0.6586826347305389,0.005988023952095809,94.4463296007239,2.468635760923713,261.37974565660534,0.6424130785916848,0.255445936114945,0.44892950735331494,0.5263229358486629,0.3715360788579669
78003,2024,Acri,CS,Calabria,18337.0,200.6272,3,14.0,24.0,1.0,39.0,25.0,0.6410256410256411,0.02564102564102564,21.26847357801167,0.19439039173152994,91.39837469695037,0.30485051955610987,0.32826519889750805,0.31655785922680896,0.3118749233585293,0.32124079509508857
78010,2024,Amantea,CS,Calabria,13844.0,29.3551,2,19.0,24.0,2.0,45.0,26.0,0.5777777777777777,0.044444444444444446,32.50505634209766,1.5329533879973156,471.60459340966304,0.4416871199134632,0.3303990245899921,0.3860430722517276,0.4083006913164219,0.36378545318703337
78029,2024,Cassano all'Ionio,CS,Calabria,16307.0,159.0818,2,29.0,60.0,3.0,92.0,63.0,0.6847826086956522,0.03260869565217391,56.41748942172073,0.5783188271694185,102.50701211577943,0.4859304097794297,0.4246289698277883,0.455279689803609,0.46753997779393724,0.4430194018132807
78033,2024,Castrovillari,CS,Calabria,20605.0,130.6318,2,45.0,65.0,2.0,112.0,67.0,0.5982142857142857,0.017857142857142856,54.355738898325654,0.8573716353904639,157.73341560018312,0.495081425681147,0.22895491882199315,0.36201817225157007,0.41524347362340086,0.3087928708797393
78045,2024,Cosenza,CS,Calabria,63240.0,37.8606,1,159.0,216.0,2.0,377.0,218.0,0.5782493368700266,0.005305039787798408,59.61416824794434,9.957581232204456,1670.3380295082488,0.6750177152570799,0.1378390065500205,0.40642836090355017,0.513864102644962,0.29899261916213826
78081,2024,Montalto Uffugo,CS,Calabria,20034.0,76.6698,2,23.0,35.0,0.0,58.0,35.0,0.603448275862069,0.0,28.9507836677648,0.7564908216794618,261.3023641642472,0.3892713340538869,0.14683961844945492,0.2680554762516709,0.31654181937255726,0.21956913313078452
78091,2024,Paola,CS,Calabria,15069.0,42.9131,2,31.0,52.0,0.0,83.0,52.0,0.6265060240963856,0.0,55.07996549206981,1.9341413228128475,351.15151317429877,0.5397372056072306,0.17956893099541782,0.3596530683013242,0.43168672322368673,0.28761941337896163
78102,2024,Rende,CS,Calabria,36781.0,55.281,1,127.0,198.0,1.0,326.0,199.0,0.6104294478527608,0.003067484662576687,88.63271797939153,5.897143684086757,665.3461406269786,0.6960448980588576,0.1722441297713743,0.43414451391511594,0.5389046675726126,0.3293843602576193
78119,2024,San Giovanni in Fiore,CS,Calabria,15487.0,282.5285,2,6.0,9.0,0.0,15.0,9.0,0.6,0.0,9.685542713243365,0.053091988949787366,54.81570885769046,0.172858145425888,0.14194496450113975,0.15740155496351388,0.1635841911484635,0.15121891877856422
78138,2024,Scalea,CS,Calabria,11537.0,22.5441,2,33.0,45.0,1.0,79.0,46.0,0.5822784810126582,0.012658227848101266,68.4753402097599,3.5042427952324555,511.7525206151499,0.6146864298700943,0.18042801452545623,0.39755722219777523,0.4844089052667028,0.31070553912884763
78157,2024,Corigliano-Rossano,CS,Calabria,74332.0,346.6165,2,127.0,199.0,4.0,330.0,203.0,0.6151515151515151,0.012121212121212121,44.39541516439756,0.9520608511135507,214.4502641968862,0.4672110054427846,0.22440604085216886,0.34580852314747673,0.39436951606559983,0.2972475302293536
79023,2024,Catanzaro,CZ,Calabria,83313.0,112.7825,1,201.0,270.0,4.0,475.0,274.0,0.5768421052631579,0.008421052631578947,57.01391139438023,4.2116463103761665,738.7050295923569,0.5987203635113815,0.15149842416982812,0.3751093938406048,0.4645537817089154,0.2856650059722941
79160,2024,Lamezia Terme,CZ,Calabria,67269.0,162.3773,2,162.0,236.0,2.0,400.0,238.0,0.595,0.005,59.46275401745232,2.463398516910923,414.2758870852022,0.5674871904951999,0.16008040037700447,0.3637837954361022,0.44526515345974127,0.2823024374124631
80038,2024,Gioia Tauro,RC,Calabria,19301.0,38.1055,2,25.0,39.0,0.0,64.0,39.0,0.609375,0.0,33.158903683746956,1.6795475718728268,506.51480757370985,0.45008568327524023,0.15525230492312164,0.3026689940991809,0.3616356697696046,0.24370231842875723
80043,2024,Locri,RC,Calabria,11870.0,25.7745,2,31.0,47.0,4.0,82.0,51.0,0.6219512195121951,0.04878048780487805,69.08171861836563,3.181439019185629,460.5326970455295,0.6091937393611714,0.4140607104051305,0.5116272248831509,0.5506538306743591,0.47260061909194273
80050,2024,Melito di Porto Salvo,RC,Calabria,10387.0,35.4037,2,16.0,29.0,1.0,46.0,30.0,0.6521739130434783,0.021739130434782608,44.28612688938096,1.2992992257871352,293.3874143098038,0.4820427366249751,0.32480616745632107,0.4034244520406481,0.43487176587437887,0.37197713820691725
80057,2024,Palmi,RC,Calabria,17972.0,32.0527,2,39.0,58.0,1.0,98.0,59.0,0.6020408163265306,0.01020408163265306,54.52926774983307,3.0574647377600015,560.7015945614565,0.5682674572806767,0.19620409623558038,0.3822357767581286,0.45664844896714785,0.30782310454910927
80063,2024,Reggio di Calabria,RC,Calabria,168779.0,238.9578,1,393.0,520.0,4.0,917.0,524.0,0.5714285714285714,0.004362050163576881,54.331403788386,3.837497666952073,706.3129975250861,0.5840365579103838,0.12340950262937295,0.3537230302698784,0.44584844132608054,0.2615976192136762
80069,2024,Rosarno,RC,Calabria,14472.0,39.5573,2,22.0,30.0,2.0,54.0,32.0,0.5925925925925926,0.037037037037037035,37.3134328358209,1.3651083365143728,365.84903418585196,0.45727817258864034,0.31541962329369255,0.38634889794116645,0.41472060780015596,0.3579771880821769
80088,2024,Siderno,RC,Calabria,17570.0,31.8883,2,46.0,69.0,0.0,115.0,69.0,0.6,0.0,65.45247581104155,3.60633837488985,550.9857847549101,0.6094839127390628,0.14194496450113975,0.37571443862010123,0.4692222282676859,0.2822066489725167
80093,2024,Taurianova,RC,Calabria,14722.0,48.5446,2,20.0,28.0,0.0,48.0,28.0,0.5833333333333334,0.0,32.60426572476565,0.9887814504599893,303.26751070149925,0.41967702764710935,0.11828747041761654,0.26898224903236295,0.3292601604782615,0.20870433758646437
80096,2024,Villa San Giovanni,RC,Calabria,12700.0,12.1054,2,46.0,60.0,0.0,106.0,60.0,0.5660377358490566,0.0,83.46456692913385,8.756422753481917,1049.118575181324,0.7185721583402038,0.09373724070829983,0.4061546995242518,0.5311216830506327,0.281187715997871
81001,2024,Alcamo,TP,Sicilia,44597.0,130.8931,2,112.0,167.0,3.0,282.0,170.0,0.6028368794326241,0.010638297872340425,63.232952889207795,2.1544298362556926,340.7131468350891,0.5687053002704704,0.1995081729084224,0.3841067365894464,0.457946162061856,0.31026731111703676
81004,2024,Campobello di Mazara,TP,Sicilia,11232.0,65.8349,2,18.0,27.0,4.0,49.0,31.0,0.6326530612244898,0.08163265306122448,43.62535612535612,0.7442860853437918,170.60859817513202,0.4539416410130387,0.5852934391067163,0.5196175400598775,0.49334718044114195,0.545887899678613
81005,2024,Castellammare del Golfo,TP,Sicilia,14598.0,127.349,2,33.0,42.0,1.0,76.0,43.0,0.5657894736842105,0.013157894736842105,52.061926291272776,0.5967852122906344,114.62987538182475,0.4740893752036908,0.15951837077262937,0.3168038729881601,0.3797180738743724,0.2538896721019478
81006,2024,Castelvetrano,TP,Sicilia,29297.0,207.7014,2,59.0,95.0,1.0,155.0,96.0,0.6193548387096774,0.0064516129032258064,52.906440932518684,0.7462636265330903,141.05345462283836,0.48499859586713623,0.201952975143888,0.3434757855055121,0.4000849096501617,0.2868666613608625
81008,2024,Erice,TP,Sicilia,25770.0,47.3371,2,33.0,53.0,0.0,86.0,53.0,0.6162790697674418,0.0,33.372138145129995,1.8167568355475938,544.3932982797847,0.4557495546253644,0.16505228430365088,0.31040091946450765,0.3685403735288503,0.2522614654001649
81011,2024,Marsala,TP,Sicilia,79571.0,243.512,2,179.0,266.0,4.0,449.0,270.0,0.6013363028953229,0.008908685968819599,56.427592967287076,1.8438516377016327,326.76418410591674,0.5407201863804565,0.18871251831901456,0.36471635234973554,0.4351178859620239,0.29431481873744714
81012,2024,Mazara del Vallo,TP,Sicilia,50011.0,274.7563,2,92.0,132.0,2.0,226.0,134.0,0.5929203539823009,0.008849557522123894,45.190058187198815,0.8225471081099869,182.0194841756131,0.46366886551318215,0.17646999609151431,0.32006943080234823,0.37750920468668175,0.26262965691801465
81013,2024,Paceco,TP,Sicilia,10587.0,58.0023,2,23.0,32.0,0.0,55.0,32.0,0.5818181818181818,0.0,51.950505336733734,0.948238259517295,182.5272446092655,0.4922467136417388,0.11613678913729615,0.3041917513895175,0.3794137362904059,0.22896976648862893
81021,2024,Trapani,TP,Sicilia,54949.0,180.6116,1,170.0,212.0,1.0,383.0,213.0,0.556135770234987,0.0026109660574412533,69.70099546852536,2.1205725435132625,304.23848745041846,0.5834181555770436,0.09287393444254904,0.3381460450097963,0.4362548892366952,0.2400372007828974
81022,2024,Valderice,TP,Sicilia,11278.0,52.9642,2,12.0,13.0,3.0,28.0,16.0,0.5714285714285714,0.10714285714285714,24.827097003014718,0.5286589809720529,212.93628526438613,0.35208507347402446,0.6163224326992938,0.4842037530866591,0.43135628124160524,0.537051224931713
82006,2024,Bagheria,PA,Sicilia,53100.0,29.8356,1,108.0,149.0,2.0,259.0,151.0,0.583011583011583,0.007722007722007722,48.7758945386064,8.680904691040235,1779.7530466958935,0.6312264116888182,0.1567474360491783,0.39398692386899825,0.4888827189969262,0.29909112874107024
82009,2024,Belmonte Mezzagno,PA,Sicilia,10788.0,29.2934,2,5.0,7.0,0.0,12.0,7.0,0.5833333333333334,0.0,11.123470522803114,0.4096485897847297,368.274082216472,0.22066047281920798,0.11828747041761654,0.16947397161841227,0.18994857209873056,0.14899937113809397
82020,2024,Capaci,PA,Sicilia,11369.0,6.1204,2,18.0,28.0,1.0,47.0,29.0,0.6170212765957447,0.02127659574468085,41.34048728999912,7.679236651199268,1857.5583295209462,0.5945659247533963,0.27261801044575995,0.43359196759957813,0.49798155046110537,0.36920238473805084
82021,2024,Carini,PA,Sicilia,40766.0,76.5877,2,88.0,128.0,2.0,218.0,130.0,0.5963302752293578,0.009174311926605505,53.475935828877,2.846410063234697,532.2786818248884,0.56016218039218,0.18293851230018388,0.37155034634618195,0.44699507996458115,0.2961056127277827
82023,2024,Casteldaccia,PA,Sicilia,11758.0,33.9185,2,10.0,16.0,0.0,26.0,16.0,0.6153846153846154,0.0,22.1126041843851,0.7665433318100741,346.6544805931866,0.3473461816143556,0.16378265134746903,0.2555644164809123,0.2922771225342896,0.21885171042753498
82027,2024,Cefalù,PA,Sicilia,13874.0,66.2827,2,36.0,47.0,0.0,83.0,47.0,0.5662650602409639,0.0,59.824131468934695,1.2522121156802604,209.31555292708353,0.5284400369398696,0.0940599162356951,0.31124997658778236,0.39812600072861726,0.22437395244694744
82031,2024,Cinisi,PA,Sicilia,12156.0,33.1606,2,38.0,55.0,0.0,93.0,55.0,0.5913978494623656,0.0,76.50542941757158,2.8045330904748402,366.5796155678727,0.6169017334664761,0.12973464497416007,0.3733181892203181,0.4707516069187813,0.27588477152185487
82034,2024,Corleone,PA,Sicilia,10231.0,229.4546,2,14.0,27.0,1.0,42.0,28.0,0.6666666666666666,0.023809523809523808,41.05170560062555,0.18304274571091622,44.58834122305676,0.4081014277144751,0.3556190844428294,0.38186025607865226,0.3923567247329814,0.3713637874243231
82035,2024,Ficarazzi,PA,Sicilia,12874.0,3.5295,2,20.0,43.0,0.0,63.0,43.0,0.6825396825396826,0.0,48.935839676868106,17.84955376115597,3647.542144779714,0.693723976669282,0.25910588758144565,0.4764149321253638,0.5633385499429311,0.38949131430779654
82048,2024,Misilmeri,PA,Sicilia,29095.0,69.4887,2,53.0,85.0,1.0,139.0,86.0,0.6187050359712231,0.007194244604316547,47.774531706478776,2.0003252327356824,418.70117011830706,0.5189487003277037,0.204762232205647,0.3618554662666753,0.4246927598910866,0.299018172642264
82049,2024,Monreale,PA,Sicilia,38759.0,530.1799,2,50.0,77.0,8.0,135.0,85.0,0.6296296296296297,0.05925925925925926,34.83061998503573,0.25463055087527836,73.10537423240677,0.38734003002216477,0.4752568258936972,0.431298427957931,0.4137150687836245,0.4488817871322375
82053,2024,Palermo,PA,Sicilia,628693.0,160.6676,1,1987.0,2576.0,22.0,4585.0,2598.0,0.5666303162486369,0.004798255179934569,72.92907667176189,28.537178622198876,3913.0042398093956,0.7997716825327457,0.11879538296035745,0.45928353274655154,0.5954787926610292,0.3230882728320739
82054,2024,Partinico,PA,Sicilia,30708.0,108.0578,2,56.0,90.0,0.0,146.0,90.0,0.6164383561643836,0.0,47.544613781425035,1.3511287477627714,284.18124374177523,0.4954978581524576,0.165278383323245,0.3303881207378513,0.3964320157036938,0.2643442257720088
82067,2024,Santa Flavia,PA,Sicilia,11047.0,14.5993,2,10.0,20.0,0.0,30.0,20.0,0.6666666666666666,0.0,27.156694125101836,2.0548930428171213,756.6801148000247,0.4306238719015506,0.2365749408352329,0.33359940636839175,0.3724091925816552,0.2947896201551282
82070,2024,Termini Imerese,PA,Sicilia,24797.0,76.7619,2,70.0,105.0,4.0,179.0,109.0,0.6089385474860335,0.0223463687150838,72.1861515505908,2.331886000737345,323.03786123063657,0.5951710771360647,0.2664415911964523,0.43080633416625846,0.4965522313541809,0.365060436978336
82071,2024,Terrasini,PA,Sicilia,13111.0,19.8453,2,19.0,30.0,0.0,49.0,30.0,0.6122448979591837,0.0,37.373198077949816,2.469098476717409,660.6602066988153,0.4931608140091198,0.15932598056250385,0.32624339728581186,0.393010363975135,0.2594764305964886
82073,2024,Trabia,PA,Sicilia,10728.0,22.1261,2,14.0,23.0,0.0,37.0,23.0,0.6216216216216216,0.0,34.489187173750935,1.6722332449008184,484.8572500350265,0.45608979799606625,0.17263576763652133,0.3143627828162938,0.3710535888882027,0.2576719767443848
82079,2024,Villabate,PA,Sicilia,19487.0,3.7976,2,29.0,45.0,0.0,74.0,45.0,0.6081081081081081,0.0,37.97403397136553,19.48599115230672,5131.39877817569,0.6608675164704074,0.1534540156769079,0.40716076607365764,0.5086434662323576,0.3056780659149577
83005,2024,Barcellona Pozzo di Gotto,ME,Sicilia,39763.0,59.1442,2,88.0,146.0,1.0,235.0,147.0,0.625531914893617,0.00425531914893617,59.10016849835274,3.973339735764454,672.3059911200085,0.6001547473405218,0.19966882344138356,0.3999117853909527,0.48000897017078026,0.319814600611125
83009,2024,Capo d'Orlando,ME,Sicilia,13053.0,14.6025,2,42.0,65.0,1.0,108.0,66.0,0.6111111111111112,0.009259259259259259,82.73960009193289,7.395993836671803,893.8880328710837,0.7031935028270663,0.20434500038388465,0.45376925160547543,0.5535389520941117,0.3539995511168391
83041,2024,Lipari,ME,Sicilia,12766.0,90.1281,2,14.0,17.0,0.0,31.0,17.0,0.5483870967741935,0.0,24.283252389158704,0.34395488199573715,141.64283946959938,0.33662228760547686,0.06868304733926113,0.20265266747236899,0.2562405155256121,0.14906481941912583
83048,2024,Messina,ME,Sicilia,217033.0,213.1243,1,768.0,1042.0,13.0,1823.0,1055.0,0.5787164015359297,0.007131102578167855,83.99644293724917,8.553693783393072,1018.3400015859289,0.7176475389298064,0.14768320653743772,0.43266537273362204,0.5466582392120958,0.3186725062551483
83049,2024,Milazzo,ME,Sicilia,29830.0,24.8562,2,97.0,135.0,7.0,239.0,142.0,0.5941422594142259,0.029288702928870293,80.12068387529332,9.61530724728639,1200.102992412356,0.7198020857266707,0.27967744650075477,0.49973976611371274,0.587764693958896,0.4117148382685295
83066,2024,Patti,ME,Sicilia,12679.0,50.118,2,28.0,39.0,1.0,68.0,40.0,0.5882352941176471,0.014705882352941176,53.63198990456661,1.3567979568219002,252.98296021389518,0.5150737908926872,0.19910296606542546,0.35708837847905633,0.4202825434445087,0.293894213513604
83084,2024,Sant'Agata di Militello,ME,Sicilia,12059.0,34.2327,2,21.0,34.0,0.0,55.0,34.0,0.6181818181818182,0.0,45.609088647483205,1.6066509506991853,352.26552389966315,0.49842813648506046,0.16775313986498336,0.33309063817502194,0.39922563749903733,0.2669556388510065
83097,2024,Taormina,ME,Sicilia,10480.0,13.135,2,50.0,63.0,2.0,115.0,65.0,0.5652173913043478,0.017391304347826087,109.7328244274809,8.755234107346784,797.8682908260373,0.7629187013484127,0.179801561659279,0.4713601315038458,0.5879835594416725,0.35473670356601905
84001,2024,Agrigento,AG,Sicilia,55252.0,243.5678,2,160.0,226.0,3.0,389.0,229.0,0.5886889460154242,0.007712082262210797,70.40469123289654,1.5970912411246478,226.84443510184843,0.5679626241279014,0.16475633717099863,0.36635948064945,0.44700073804083057,0.28571822325806945
84011,2024,Canicattì,AG,Sicilia,34281.0,91.8597,2,38.0,57.0,0.0,95.0,57.0,0.6,0.0,27.712143753099387,1.034185829041462,373.188677951267,0.39600373779706877,0.14194496450113975,0.2689743511491043,0.31978610580829003,0.21816259648991845
84017,2024,Favara,AG,Sicilia,31315.0,83.6216,2,22.0,36.0,0.0,58.0,36.0,0.6206896551724138,0.0,18.521475331310874,0.6936006964707683,374.48458293072605,0.3157629041529503,0.1713128881910308,0.24353789617199054,0.2724278993643744,0.21464789297960662
84021,2024,Licata,AG,Sicilia,34173.0,179.889,2,60.0,94.0,1.0,155.0,95.0,0.6129032258064516,0.0064516129032258064,45.35744593685073,0.8616424572931085,189.96714640695095,0.4662353599677817,0.19279523549865316,0.3295152977332174,0.38420332262704315,0.2748272728393917
84023,2024,Menfi,AG,Sicilia,11773.0,113.5493,2,22.0,38.0,1.0,61.0,39.0,0.639344262295082,0.01639344262295082,51.81347150259067,0.5372115900318187,103.68183687614102,0.46978431692852296,0.28005645870631424,0.3749203878174186,0.41286595946186033,0.33697481617297687
84027,2024,Palma di Montechiaro,AG,Sicilia,21341.0,77.0699,2,28.0,51.0,0.0,79.0,51.0,0.6455696202531646,0.0,37.017946675413526,1.0250434994725566,276.90447243346625,0.44157258404339744,0.2066287457927984,0.3241006649180979,0.37108943256821775,0.27711189726797814
84028,2024,Porto Empedocle,AG,Sicilia,15529.0,25.3826,2,36.0,56.0,1.0,93.0,57.0,0.6129032258064516,0.010752688172043012,59.88795157447356,3.66392725725497,611.7970578270154,0.5963139681925924,0.2143694373816606,0.4053417027871265,0.4817306089493128,0.32895279662494015
84030,2024,Raffadali,AG,Sicilia,11783.0,22.2993,2,5.0,5.0,0.0,10.0,5.0,0.5,0.0,8.486803021301876,0.44844457000892407,528.4022368415152,0.18301244502219494,0.0,0.09150622251109747,0.12810871151553646,0.05490373350665848
84031,2024,Ravanusa,AG,Sicilia,10229.0,49.5006,2,5.0,6.0,1.0,12.0,7.0,0.5833333333333334,0.08333333333333333,11.731352038322417,0.24242130398419415,206.6439598711935,0.21693032995118716,0.5232349486167495,0.37008263928396834,0.3088217155508558,0.4313435630170807
84033,2024,Ribera,AG,Sicilia,17723.0,118.4633,2,29.0,52.0,0.0,81.0,52.0,0.6419753086419753,0.0,45.70332336511877,0.6837560662247295,149.60751557655408,0.4581123929324876,0.20152680145223545,0.32981959719236154,0.381136715488412,0.2785024788963111
84041,2024,Sciacca,AG,Sicilia,38576.0,191.7163,2,69.0,102.0,1.0,172.0,103.0,0.5988372093023255,0.005813953488372093,44.58730817088345,0.8971589791791309,201.2139812838032,0.46524874813720096,0.1696228871258158,0.3174358176315084,0.3765609898337854,0.2583106454292313
85004,2024,Caltanissetta,CL,Sicilia,58182.0,421.2466,2,163.0,246.0,2.0,411.0,248.0,0.6034063260340633,0.004866180048661801,70.64040424873673,0.9756755306749063,138.1186222037163,0.5430674631891378,0.17133906603195956,0.3572032646105487,0.4315489440419843,0.28285758517911297
85007,2024,Gela,CL,Sicilia,70451.0,279.1337,1,293.0,503.0,6.0,802.0,509.0,0.6346633416458853,0.007481296758104738,113.8379866857816,2.8731751128581036,252.39159585531954,0.6829707538393046,0.22885590277653733,0.455913328307921,0.5467362985204745,0.3650903580953675
85009,2024,Mazzarino,CL,Sicilia,10681.0,295.5891,2,1.0,2.0,0.0,3.0,2.0,0.6666666666666666,0.0,2.808725774740193,0.01014922404107594,36.134620660910706,0.0,0.2365749408352329,0.11828747041761645,0.07097248225056986,0.16560245858466302
85013,2024,Niscemi,CL,Sicilia,24770.0,96.8172,2,28.0,40.0,1.0,69.0,41.0,0.5942028985507246,0.014492753623188406,27.85627775534921,0.712683283548791,255.8429700507761,0.38082403788100283,0.2065109465875332,0.293667492234268,0.3285301104929619,0.25880487397557406
85015,2024,Riesi,CL,Sicilia,10260.0,66.9951,2,1.0,2.0,0.0,3.0,2.0,0.6666666666666666,0.0,2.9239766081871346,0.044779394313912514,153.1455285535808,0.008018294777667023,0.2365749408352329,0.12229661780644996,0.07658528859493678,0.16800794701796312
85016,2024,San Cataldo,CL,Sicilia,20477.0,72.7745,2,14.0,20.0,0.0,34.0,20.0,0.5882352941176471,0.0,16.60399472578991,0.4671966141986547,281.3760314395839,0.2854802248678207,0.12524555691277042,0.20536289089029558,0.2374098244813056,0.1733159572992855
86004,2024,Barrafranca,EN,Sicilia,11568.0,53.7119,2,6.0,8.0,0.0,14.0,8.0,0.5714285714285714,0.0,12.10235131396957,0.26064987460879246,215.37126781960794,0.22299026009433098,0.10138926035795695,0.16218976022614395,0.18650996017341875,0.13786956027886915
86009,2024,Enna,EN,Sicilia,25102.0,358.7427,2,70.0,121.0,2.0,193.0,123.0,0.6373056994818653,0.010362694300518135,76.88630388016891,0.5379900413304577,69.97215553096969,0.5334690247908473,0.24705509837918943,0.3902620615850184,0.44754484686734997,0.3329792763026868
86011,2024,Leonforte,EN,Sicilia,12115.0,84.3928,2,8.0,10.0,0.0,18.0,10.0,0.5555555555555556,0.0,14.857614527445314,0.21328833739371134,143.55490041804515,0.2506933416110443,0.07885831361174436,0.1647758276113943,0.19914283321125428,0.13040882201153434
86012,2024,Nicosia,EN,Sicilia,12511.0,218.506,2,11.0,15.0,0.0,26.0,15.0,0.5769230769230769,0.0,20.781712093357847,0.11898986755512435,57.25700896085233,0.29516533450064597,0.10918843423164593,0.20217688436614595,0.23937226441994594,0.16498150431234593
86014,2024,Piazza Armerina,EN,Sicilia,20554.0,304.5375,2,35.0,59.0,1.0,95.0,60.0,0.631578947368421,0.010526315789473684,46.21971392429697,0.31194844641464514,67.49250913270122,0.43670778634139684,0.23974549015252394,0.3382266382469604,0.377619097484735,0.2988341790091858
87002,2024,Aci Castello,CT,Sicilia,17713.0,8.7542,2,55.0,81.0,3.0,139.0,84.0,0.60431654676259,0.02158273381294964,78.47343758821205,15.878092801169723,2023.371638756254,0.7595694860745161,0.2561005885207192,0.5078350372976177,0.608528816808377,0.4071412577868583
87003,2024,Aci Catena,CT,Sicilia,27507.0,8.5078,1,34.0,45.0,0.0,79.0,45.0,0.569620253164557,0.0,28.71996219144218,9.285596746514964,3233.150755777052,0.5523825995786781,0.09882244364003409,0.3256025216093561,0.41631455279708485,0.2348904904216273
87004,2024,Acireale,CT,Sicilia,50611.0,40.4502,1,200.0,285.0,4.0,489.0,289.0,0.591002044989775,0.0081799591002045,96.61931200727113,12.08893899164899,1251.192824757356,0.7696111736737751,0.17038806001137333,0.4699996168425742,0.5898442395750546,0.3501549941100938
87005,2024,Aci Sant'Antonio,CT,Sicilia,18076.0,14.3334,1,52.0,73.0,1.0,126.0,74.0,0.5873015873015873,0.007936507936507936,69.70568709891569,8.790656787642849,1261.1104134399375,0.6897714690007757,0.16391363810069948,0.4268425535507376,0.5320141197307529,0.3216709873707223
87006,2024,Adrano,CT,Sicilia,33667.0,83.2209,2,28.0,47.0,2.0,77.0,49.0,0.6363636363636364,0.025974025974025976,22.8710606825675,0.9252483450671646,404.54981861527574,0.3606366113421057,0.32329003023081093,0.3419633207864583,0.34943263700871724,0.3344940045641993
87007,2024,Belpasso,CT,Sicilia,28242.0,166.3266,2,140.0,214.0,5.0,359.0,219.0,0.6100278551532033,0.013927576601671309,127.11564336803342,2.158404007536978,169.79845677119593,0.681919756666993,0.2261544263544119,0.4540370915107025,0.5451901575732186,0.3628840254481862
87008,2024,Biancavilla,CT,Sicilia,22942.0,70.2752,2,44.0,96.0,0.0,140.0,96.0,0.6857142857142857,0.0,61.02345044024061,1.9921679340649334,326.45940530941215,0.5580597899048714,0.26361207693068817,0.4108359334177798,0.4697254760126164,0.3519463908229431
87009,2024,Bronte,CT,Sicilia,18218.0,250.857,2,20.0,45.0,0.0,65.0,45.0,0.6923076923076923,0.0,35.67899879240312,0.2591117648700256,72.62304819080192,0.39150503368856937,0.272971085579115,0.3322380596338422,0.355944849255733,0.3085312700119513
87011,2024,Caltagirone,CT,Sicilia,35475.0,383.3734,2,88.0,133.0,0.0,221.0,133.0,0.6018099547511312,0.0,62.29739252995067,0.5764614863733373,92.53380646648932,0.5017916073292636,0.14451410413011964,0.32315285572969166,0.3946083563695204,0.2516973550898628
87015,2024,Catania,CT,Sicilia,298054.0,182.818,1,1459.0,2043.0,10.0,3512.0,2053.0,0.5845671981776766,0.0028473804100227792,117.83099706764546,19.210362218162324,1630.3318054020938,0.8422244223227746,0.13442371333460248,0.48832406782868854,0.6298842096263229,0.3467639260310541
87017,2024,Giarre,CT,Sicilia,26557.0,27.3544,2,106.0,167.0,1.0,274.0,168.0,0.6131386861313869,0.0036496350364963502,103.17430432654291,10.016670078671075,970.8492966396632,0.7642271656838525,0.17902508050730592,0.4716261230955792,0.5886665401308886,0.35458570606026985
87018,2024,Grammichele,CT,Sicilia,12310.0,32.0662,2,6.0,9.0,0.0,15.0,9.0,0.6,0.0,12.185215272136475,0.46778227541772954,383.8933206928167,0.2381713215883881,0.14194496450113975,0.19005814304476393,0.2093034144622136,0.17081287162731423
87019,2024,Gravina di Catania,CT,Sicilia,25318.0,5.1355,1,46.0,55.0,0.0,101.0,55.0,0.5445544554455446,0.0,39.89256655344024,19.66702365884529,4929.997079154902,0.6695572957587282,0.06324280596585442,0.3664000508622913,0.4876629488208661,0.24513715290371657
87023,2024,Mascali,CT,Sicilia,14397.0,37.846,2,62.0,94.0,0.0,156.0,94.0,0.6025641025641025,0.0,108.35590748072515,4.121967975479576,380.410082967817,0.7009494651770614,0.14558457897552793,0.42326702207629463,0.5343399993166013,0.31219404483598795
87024,2024,Mascalucia,CT,Sicilia,32130.0,16.306,1,75.0,102.0,2.0,179.0,104.0,0.5810055865921788,0.0111731843575419,55.71117335823218,10.977554274500184,1970.4403287133568,0.6723925947363548,0.1711966258497013,0.42179461029302806,0.5220338040703587,0.32155541651569736
87029,2024,Misterbianco,CT,Sicilia,48713.0,37.6705,1,141.0,238.0,0.0,379.0,238.0,0.6279683377308707,0.0,77.80263995237411,10.060923003411158,1293.1338846046642,0.7188774613225228,0.18164461156478307,0.45026103644365295,0.5577076063952009,0.342814466492105
87030,2024,Motta Sant'Anastasia,CT,Sicilia,12142.0,35.6999,2,33.0,56.0,1.0,90.0,57.0,0.6333333333333333,0.011111111111111112,74.12287926206555,2.521015465029314,340.11299751539923,0.604584490736726,0.24516265046948144,0.4248735706031037,0.49675793865655266,0.3529892025496548
87032,2024,Palagonia,CT,Sicilia,15516.0,57.7851,2,27.0,43.0,1.0,71.0,44.0,0.6197183098591549,0.014084507042253521,45.75921629285899,1.2286904409614243,268.5121250979924,0.48438557611256494,0.24069250606567275,0.36253904108911883,0.41127765509849723,0.31380042707974043
87033,2024,Paternò,CT,Sicilia,44744.0,144.6803,2,112.0,203.0,3.0,318.0,206.0,0.6477987421383647,0.009433962264150943,71.070981584123,2.1979495480725437,309.2611779212512,0.5888399653865868,0.25729690817075973,0.42306843677867323,0.48937704822183864,0.3567598253355078
87034,2024,Pedara,CT,Sicilia,15422.0,19.2393,2,28.0,36.0,0.0,64.0,36.0,0.5625,0.0,41.49915704837245,3.326524353796656,801.588415378938,0.5304318105903347,0.08871560281321236,0.30957370670177353,0.39791694825719803,0.22123046514634906
87037,2024,Ramacca,CT,Sicilia,10089.0,306.4331,2,9.0,20.0,2.0,31.0,22.0,0.7096774193548387,0.06451612903225806,30.72653384874616,0.10116400610769527,32.923988955501216,0.3552779971972335,0.6139259445192249,0.4846019708582292,0.4328723813938309,0.5363315603226274
87038,2024,Randazzo,CT,Sicilia,10038.0,205.6135,2,10.0,16.0,1.0,27.0,17.0,0.6296296296296297,0.037037037037037035,26.897788404064556,0.13131433490505245,48.819751621367274,0.33672329150267855,0.36799183236818883,0.35235756193543366,0.3461038537623316,0.3586112701085357
87039,2024,Riposto,CT,Sicilia,13947.0,13.2561,2,35.0,48.0,0.0,83.0,48.0,0.5783132530120482,0.0,59.51100595110059,6.261268397190728,1052.1194016339648,0.6364694723324857,0.11116171918763956,0.3738155957600626,0.4788771463890319,0.2687540451310934
87041,2024,San Giovanni la Punta,CT,Sicilia,24231.0,10.8497,2,71.0,100.0,0.0,171.0,100.0,0.5847953216374269,0.0,70.570756468986,15.760804446205885,2233.33364056149,0.7417640536009297,0.12036268919687287,0.4310633713989013,0.5553436442797126,0.30678309851808994
87042,2024,San Gregorio di Catania,CT,Sicilia,11470.0,5.6193,2,33.0,43.0,0.0,76.0,43.0,0.5657894736842105,0.0,66.25980819529207,13.524816258252807,2041.1795063442066,0.7182707608776087,0.09338484506653931,0.405827802972074,0.5308049861342878,0.2808506198098601
87049,2024,Scordia,CT,Sicilia,15959.0,24.3093,2,18.0,32.0,1.0,51.0,33.0,0.6470588235294118,0.0196078431372549,31.956889529419136,2.0979625081758835,656.4977189799788,0.457712159533046,0.3069814616775508,0.3823468106052984,0.4124929501763974,0.35220067103419933
87050,2024,Trecastagni,CT,Sicilia,11370.0,19.1561,2,18.0,25.0,0.0,43.0,25.0,0.5813953488372093,0.0,37.81882145998241,2.2447157824400583,593.5446150312433,0.48883323163902914,0.11553659901255568,0.3021849153257924,0.37684424185108706,0.22752558880049772
87051,2024,Tremestieri Etneo,CT,Sicilia,19275.0,6.4903,1,50.0,65.0,1.0,116.0,66.0,0.5689655172413793,0.008620689655172414,60.18158236057069,17.87282560128191,2969.816495385421,0.7271097706104322,0.14131946298511772,0.43421461679777495,0.5513726783228379,0.3170565552727121
88001,2024,Acate,RG,Sicilia,10405.0,102.4682,2,9.0,19.0,0.0,28.0,19.0,0.6785714285714286,0.0,26.910139356078812,0.2732555075623462,101.54369843522186,0.34778864158038003,0.25347315089489253,0.3006308962376363,0.31949399437473375,0.28176779810053876
88003,2024,Comiso,RG,Sicilia,30214.0,65.4008,2,64.0,98.0,1.0,163.0,99.0,0.6073619631901841,0.006134969325153374,53.948500695042036,2.4923242529143375,461.9821164267104,0.5525953637808961,0.18333776565081644,0.3679665647158563,0.4418180843418722,0.2941150450898403
88005,2024,Ispica,RG,Sicilia,16530.0,113.6602,2,36.0,63.0,0.0,99.0,63.0,0.6363636363636364,0.0,59.89110707803993,0.8710172954121144,145.43349387032575,0.5113744379241498,0.19356131522882697,0.35246787657648837,0.41603050111555295,0.2889052520374238
88006,2024,Modica,RG,Sicilia,53483.0,292.377,2,116.0,187.0,4.0,307.0,191.0,0.6221498371335505,0.013029315960912053,57.40141727277826,1.0500141940029482,182.924785465341,0.5130331565195335,0.23887697757752957,0.37595506704853154,0.4307863028369323,0.3211238312601308
88008,2024,Pozzallo,RG,Sicilia,18949.0,15.4176,2,38.0,51.0,1.0,90.0,52.0,0.5777777777777777,0.011111111111111112,47.49591007441026,5.837484433374844,1229.0499169779991,0.5946179770081227,0.16630433685773707,0.38046115693292987,0.46612388496300694,0.29479842890285274
88009,2024,Ragusa,RG,Sicilia,73878.0,444.706,1,185.0,268.0,5.0,458.0,273.0,0.5960698689956332,0.010917030567685589,61.99409837840764,1.0298939074354743,166.12773382864185,0.5245164152643371,0.19129785477535657,0.35790713501984683,0.4245508471176429,0.29126342292205076
88010,2024,Santa Croce Camerina,RG,Sicilia,11405.0,41.0887,2,35.0,51.0,1.0,87.0,52.0,0.5977011494252874,0.011494252873563218,76.28233231039017,2.1173704692531037,277.5702322049614,0.5979027194527285,0.19650126462772852,0.39720199204022855,0.4774822830052285,0.31692170107522855
88011,2024,Scicli,RG,Sicilia,26844.0,138.7257,2,53.0,78.0,0.0,131.0,78.0,0.5954198473282443,0.0,48.80047682908658,0.9443095259205757,193.50415964741936,0.4820119936384068,0.1354436684171181,0.30872783102776247,0.37804149607202014,0.2394141659835047
88012,2024,Vittoria,RG,Sicilia,65873.0,182.4933,2,191.0,300.0,6.0,497.0,306.0,0.6156941649899397,0.012072434607645875,75.44821095137613,2.723387653135759,360.96119693161336,0.6126467712649166,0.22493248205495192,0.41878962665993424,0.4963324845019272,0.3412467688179413
89001,2024,Augusta,SR,Sicilia,34717.0,111.4896,2,96.0,146.0,4.0,246.0,150.0,0.6097560975609756,0.016260162601626018,70.85865714203416,2.206483833469669,311.3922733600264,0.5886045286894449,0.2373940981606682,0.4129993134250566,0.48324139953081185,0.3427572273193012
89002,2024,Avola,SR,Sicilia,30710.0,74.5923,2,103.0,145.0,2.0,250.0,147.0,0.588,0.008,81.406707912732,3.351552372027676,411.7046933798797,0.639440551657753,0.16522367587333953,0.4023321137655463,0.49717548892242897,0.30748873860866355
89006,2024,Carlentini,SR,Sicilia,17016.0,158.9118,2,21.0,30.0,3.0,54.0,33.0,0.6111111111111112,0.05555555555555555,31.734837799717912,0.339811140519458,107.07826605702031,0.37864688861331675,0.4312504136607431,0.40494865113702994,0.3944279461275446,0.4154693561465152
89009,2024,Floridia,SR,Sicilia,21141.0,26.4775,2,37.0,54.0,0.0,91.0,54.0,0.5934065934065934,0.0,43.04432146066885,3.4368803701255786,798.4515154376357,0.5386243346611954,0.132585955852713,0.3356051452569542,0.41681282101865064,0.2543974694952577
89010,2024,Francofonte,SR,Sicilia,11541.0,74.2007,2,8.0,10.0,1.0,19.0,11.0,0.5789473684210527,0.05263157894736842,16.463044796811367,0.25606227434512074,155.5376162219494,0.2697130866877243,0.3715619086478828,0.3206374976678036,0.30026773327577183,0.3410072620598352
89011,2024,Lentini,SR,Sicilia,21235.0,216.779,2,30.0,47.0,2.0,79.0,49.0,0.620253164556962,0.02531645569620253,37.202731339769244,0.36442644352082076,97.95690541980542,0.40564337538349005,0.2971784666553131,0.3514109210194016,0.3731039027650369,0.32971793927376614
89012,2024,Melilli,SR,Sicilia,13198.0,136.4816,2,29.0,53.0,0.0,82.0,53.0,0.6463414634146342,0.0,62.13062585240188,0.6008135895241556,96.70167993341228,0.5027851411355119,0.20772433829435094,0.3552547397149314,0.41426690028316354,0.29624257914669916
89013,2024,Noto,SR,Sicilia,24612.0,555.2175,2,66.0,98.0,1.0,165.0,99.0,0.6,0.006060606060606061,67.04046806435885,0.2971808345378163,44.32857393724081,0.49549339780562035,0.17251389541996714,0.33400364661279375,0.39859954708992434,0.2694077461356631
89014,2024,Pachino,SR,Sicilia,22117.0,50.9825,2,46.0,59.0,2.0,107.0,61.0,0.5700934579439252,0.018691588785046728,48.379074919744994,2.098759378218016,433.8155249350267,0.5239688811427071,0.19318463885234166,0.35857675999752436,0.4247336084555975,0.29241991153945124
89016,2024,Rosolini,SR,Sicilia,20543.0,76.4685,2,27.0,38.0,2.0,67.0,40.0,0.5970149253731343,0.029850746268656716,32.6145158934917,0.8761777725468657,268.6465668870188,0.4143061730687032,0.2865168432610454,0.3504115081648743,0.37596937412640585,0.3248536422033427
89017,2024,Siracusa,SR,Sicilia,115776.0,207.8378,1,444.0,586.0,7.0,1037.0,593.0,0.5718418514946962,0.006750241080038573,89.56951354339415,4.989467748407653,557.0497763159541,0.6846246941824868,0.13601157757238783,0.4103181358774373,0.520040759199457,0.3005955125554175
89021,2024,Priolo Gargallo,SR,Sicilia,11132.0,56.9533,2,33.0,52.0,0.0,85.0,52.0,0.611764705882353,0.0,76.35644987423643,1.492450832524191,195.45838432540344,0.5772524721660083,0.15864437208950924,0.36794842212775875,0.45167004214305856,0.28422680211245893
90003,2024,Alghero,SS,Sardegna,41989.0,225.9134,2,193.0,262.0,3.0,458.0,265.0,0.5786026200873362,0.006550218340611353,109.07618662030532,2.027325514998225,185.8632555660709,0.6531176139033905,0.14460288977006805,0.3988602518367293,0.5005631966633938,0.2971573070100648
90006,2024,Arzachena,SS,Sardegna,13435.0,230.9678,2,65.0,89.0,1.0,155.0,90.0,0.5806451612903226,0.0064516129032258064,115.37030145143282,0.6710892167652807,58.16828146607449,0.6069625936276617,0.1470065372724791,0.3769845654500704,0.4689757767211069,0.2849933541790339
90035,2024,La Maddalena,SS,Sardegna,10488.0,51.7393,2,9.0,11.0,0.0,20.0,11.0,0.55,0.0,19.069412662090006,0.3865533549932063,202.7085793584374,0.30169323183883623,0.07097248225056997,0.1863328570447031,0.23247700696235635,0.14018870712704984
90047,2024,Olbia,SS,Sardegna,61681.0,384.4091,2,291.0,381.0,6.0,678.0,387.0,0.5707964601769911,0.008849557522123894,109.92039688072502,1.7637459675122154,160.45665932466218,0.6458971181254571,0.1450662428832975,0.3954816805043773,0.4956478555528092,0.29531550545594537
90058,2024,Porto Torres,SS,Sardegna,20846.0,104.7024,2,40.0,54.0,0.0,94.0,54.0,0.574468085106383,0.0,45.092583709104865,0.8977826678280536,199.09763291003836,0.4670849516190219,0.10570369696893396,0.28639432429397793,0.35867057522399554,0.21411807336396035
90064,2024,Sassari,SS,Sardegna,120510.0,547.0768,1,520.0,689.0,7.0,1216.0,696.0,0.5723684210526315,0.005756578947368421,100.90448925400382,2.2227226597801257,220.27985833067677,0.6462989777639101,0.13176317865888681,0.3890310782113985,0.4919382380324031,0.2861239183903938
90069,2024,Sorso,SS,Sardegna,14474.0,67.0106,2,22.0,27.0,1.0,50.0,28.0,0.56,0.02,34.5447008428907,0.7461506090081271,215.99567829567263,0.41677235289560155,0.18535129552829327,0.3010618242119474,0.347346035685409,0.25477761273848576
90070,2024,Tempio Pausania,SS,Sardegna,13036.0,210.8172,2,26.0,41.0,1.0,68.0,42.0,0.6176470588235294,0.014705882352941176,52.16324025774778,0.32255432668681683,61.83556180425506,0.4568772558771476,0.24085148503634896,0.3488643704567483,0.392069524624908,0.3056592162885885
91051,2024,Nuoro,NU,Sardegna,33054.0,192.0589,2,79.0,118.0,1.0,198.0,119.0,0.601010101010101,0.005050505050505051,59.90197858050463,1.0309337395975922,172.10345368009501,0.5190312925265895,0.16886567078525055,0.34394848165592007,0.4139816060041878,0.27391535730765226
91085,2024,Siniscola,NU,Sardegna,11146.0,196.6394,2,27.0,41.0,1.0,69.0,42.0,0.6086956521739131,0.014492753623188406,61.905616364615106,0.35089610729080745,56.68243495454116,0.4864133101060522,0.22708268057320571,0.356747995339629,0.4086141212461982,0.3048818694330596
91095,2024,Tortolì,NU,Sardegna,10978.0,40.3651,2,40.0,54.0,0.0,94.0,54.0,0.574468085106383,0.0,85.62579704864274,2.328744385620251,271.967615588714,0.6227003443804665,0.10570369696893396,0.36420202067470026,0.4676013501570067,0.26080269119239374
92003,2024,Assemini,CA,Sardegna,25630.0,118.173,2,39.0,45.0,1.0,85.0,46.0,0.5411764705882353,0.011764705882352941,33.16426063207179,0.7192844389158268,216.88541375779576,0.40884158270236126,0.11761986045161654,0.2632307215769889,0.3214750660271378,0.20498637712683995
92009,2024,Cagliari,CA,Sardegna,146692.0,84.8236,1,520.0,632.0,10.0,1162.0,642.0,0.5524956970740104,0.008605851979345954,79.21359037984348,13.699017726198841,1729.3772016278488,0.7482314734900832,0.11786695771779829,0.4330492156039408,0.5591221187583977,0.30697631244948376
92011,2024,Capoterra,CA,Sardegna,23092.0,68.5348,2,28.0,40.0,1.0,69.0,41.0,0.5942028985507246,0.014492753623188406,29.8804780876494,1.0067877924791493,336.9383145496886,0.40666861410274413,0.2065109465875332,0.3065897803451387,0.3466213138481808,0.26655824684209645
92051,2024,Quartu Sant'Elena,CA,Sardegna,68237.0,96.5263,1,169.0,207.0,1.0,377.0,208.0,0.5517241379310345,0.002652519893899204,55.248618784530386,3.9056713040901805,706.9265060403227,0.5880312775556362,0.08682151951149265,0.33742639853356443,0.43766835014239314,0.23718444692473573
92068,2024,Selargius,CA,Sardegna,28377.0,26.706,2,62.0,97.0,1.0,160.0,98.0,0.6125,0.00625,56.38369101737322,5.991163034524077,1062.570208941811,0.6242512850819637,0.19120932519479902,0.4077303051383814,0.4943386971158143,0.3211219131609484
92074,2024,Sestu,CA,Sardegna,20751.0,48.263,2,39.0,49.0,1.0,89.0,50.0,0.5617977528089888,0.011235955056179775,42.889499301238494,1.8440627395727576,429.9566956053292,0.49668674285292624,0.1442461201617609,0.32046643150734355,0.3909545560455766,0.24997830696911047
92080,2024,Sinnai,CA,Sardegna,17360.0,223.9254,2,17.0,19.0,2.0,38.0,21.0,0.5526315789473685,0.05263157894736842,21.889400921658986,0.1696993730947896,77.52581886646178,0.30741284750163433,0.3342079706212671,0.32081040906145075,0.31545138443752413,0.32616943368537726
92105,2024,Quartucciu,CA,Sardegna,12828.0,27.9312,2,26.0,33.0,0.0,59.0,33.0,0.559322033898305,0.0,45.99314000623636,2.1123331614825,459.27135246605945,0.5162626672297933,0.0842046399583032,0.30023365359404824,0.38664525904834623,0.21382204813975023
92109,2024,Monserrato,CA,Sardegna,18719.0,6.43,2,32.0,41.0,0.0,73.0,41.0,0.5616438356164384,0.0,38.99780971205727,11.35303265940902,2911.1975116640747,0.6180696040706268,0.08750032058289442,0.3527849623267606,0.4588988190243071,0.24667110562921413
93005,2024,Azzano Decimo,PN,Friuli-Venezia Giulia,15769.0,51.3374,2,32.0,45.0,0.0,77.0,45.0,0.5844155844155844,0.0,48.82998287779821,1.4998811782443209,307.1639779186324,0.5054844208705036,0.11982367133213095,0.3126540461013173,0.3897861960089918,0.23552189619364272
93017,2024,Cordenons,PN,Friuli-Venezia Giulia,17718.0,56.3377,2,42.0,50.0,0.0,92.0,50.0,0.5434782608695652,0.0,51.92459645558189,1.6330095122804091,314.4963319411336,0.5201796752416834,0.061715201957017254,0.29094743859935035,0.3826403332562835,0.1992545439424171
93021,2024,Fiume Veneto,PN,Friuli-Venezia Giulia,11801.0,35.7653,2,24.0,44.0,0.0,68.0,44.0,0.6470588235294118,0.0,57.622235403779335,1.9012842056406627,329.9566898641979,0.5459524456004172,0.20874259485461738,0.3773475202275173,0.44478949037667725,0.3099055500783573
93022,2024,Fontanafredda,PN,Friuli-Venezia Giulia,12893.0,46.4017,2,30.0,45.0,1.0,76.0,46.0,0.6052631578947368,0.013157894736842105,58.946715271852945,1.6378710262770546,277.8561992340798,0.5407600090721715,0.21554927781255298,0.3781546434423622,0.44319678969428594,0.31311249719043854
93025,2024,Maniago,PN,Friuli-Venezia Giulia,11498.0,69.4596,2,20.0,27.0,1.0,48.0,28.0,0.5833333333333334,0.020833333333333332,41.746390676639415,0.6910491854257728,165.53507362553196,0.44401215660156024,0.22260338622929565,0.33330777141542794,0.37758952548988084,0.289026017340975
93032,2024,Porcia,PN,Friuli-Venezia Giulia,14958.0,29.5339,2,52.0,70.0,1.0,123.0,71.0,0.5772357723577236,0.008130081300813009,82.23024468511832,4.164705643345444,506.4688375053752,0.6570025793696088,0.15059723149016577,0.4037999054298873,0.5050809750057759,0.3025188358539987
93033,2024,Pordenone,PN,Friuli-Venezia Giulia,52314.0,38.213,1,191.0,247.0,1.0,439.0,248.0,0.5649202733485194,0.002277904328018223,83.9163512635241,11.48823698741266,1369.0105461492162,0.7424052234316149,0.10366219629065374,0.4230337098611343,0.5507823152893264,0.2952851044329421
93037,2024,Sacile,PN,Friuli-Venezia Giulia,19951.0,32.7407,2,38.0,62.0,0.0,100.0,62.0,0.62,0.0,50.12280086211218,3.0543024431365247,609.363880430168,0.5546511746974432,0.17033395740136772,0.36249256604940544,0.4393560095086205,0.28562912259019035
93041,2024,San Vito al Tagliamento,PN,Friuli-Venezia Giulia,15282.0,60.8716,2,16.0,24.0,1.0,41.0,25.0,0.6097560975609756,0.024390243902439025,26.828949090433188,0.6735489127934866,251.0530362270747,0.3727360094075202,0.2777062052730048,0.32522110734026255,0.3442270681671656,0.30621514651335946
93044,2024,Spilimbergo,PN,Friuli-Venezia Giulia,11773.0,71.8756,2,23.0,29.0,2.0,54.0,31.0,0.5740740740740741,0.037037037037037035,45.86766329737535,0.751298076120408,163.7968935215845,0.46234568415169497,0.28913351875644444,0.3757396014540697,0.4103820345331198,0.3410971683750196
94023,2024,Isernia,IS,Molise,20529.0,69.1501,2,46.0,64.0,0.0,110.0,64.0,0.5818181818181818,0.0,53.58273661649375,1.5907424573500257,296.87592642671524,0.5237280413536214,0.11613678913729615,0.3199324152454588,0.4014506656887238,0.23841416480219368
94052,2024,Venafro,IS,Molise,10719.0,46.3861,2,29.0,36.0,0.0,65.0,36.0,0.5538461538461539,0.0,60.63998507323445,1.401281849519576,231.08215607692821,0.536583309227703,0.07643190396215224,0.30650760659492765,0.39853788764803777,0.21447732554181748
95038,2024,Oristano,OR,Sardegna,30067.0,84.706,2,102.0,146.0,2.0,250.0,148.0,0.592,0.008,83.14763694415805,2.9513847897433476,354.9571458928529,0.6338933464694757,0.17090147445338513,0.4023974104614304,0.49499578486464846,0.3097990360582123
96004,2024,Biella,BI,Piemonte,43181.0,46.6885,2,180.0,219.0,3.0,402.0,222.0,0.5522388059701493,0.007462686567164179,93.09650077580417,8.61025734388554,924.8744337470683,0.734857932987485,0.11176497154270075,0.42331145226509287,0.5479300445540497,0.29869285997613604
96020,2024,Cossato,BI,Piemonte,13868.0,27.7337,2,29.0,32.0,0.0,61.0,32.0,0.5245901639344263,0.0,43.98615517738679,2.199490150971562,500.0414657979282,0.5116815394978226,0.03490449946749344,0.273293019482658,0.36864842748872384,0.17793761147659218
97013,2024,Calolziocorte,LC,Lombardia,13644.0,9.1002,2,29.0,36.0,1.0,66.0,37.0,0.5606060606060606,0.015151515151515152,48.37291116974494,7.252587855211974,1499.3077075229116,0.6150486458789486,0.16210601832643146,0.38857733210269,0.4791658576131934,0.2979888065921866
97016,2024,Casatenovo,LC,Lombardia,13211.0,12.6588,2,23.0,33.0,0.0,56.0,33.0,0.5892857142857143,0.0,42.38891832563773,4.423800044238001,1043.6218282933612,0.5548479335235862,0.12673657544744626,0.3407922544855162,0.4264145261007442,0.25516998287028825
97042,2024,Lecco,LC,Lombardia,47233.0,45.2832,1,234.0,280.0,2.0,516.0,282.0,0.5465116279069767,0.003875968992248062,109.2456545212034,11.39495442018232,1043.057911101689,0.7844696529755368,0.08559208967517767,0.4350308713253572,0.574806383985429,0.2952553586652854
97048,2024,Merate,LC,Lombardia,14954.0,11.0564,2,37.0,41.0,2.0,80.0,43.0,0.5375,0.025,53.4973920021399,7.235628233421367,1352.519807532289,0.631033730861297,0.17815281179661255,0.4045932713289548,0.4951694551418916,0.31401708751601787
97083,2024,Valmadrera,LC,Lombardia,11269.0,12.4959,2,14.0,18.0,0.0,32.0,18.0,0.5625,0.0,28.39648593486556,2.5608399555054056,901.8157955809505,0.4519355678868497,0.08871560281321236,0.27032558535003104,0.3429695783647585,0.19768159233530355
98010,2024,Casalpusterlengo,LO,Lombardia,15757.0,25.6088,2,33.0,44.0,0.0,77.0,44.0,0.5714285714285714,0.0,48.86717014660151,3.0067789197463375,615.2963043953641,0.5494809719440961,0.10138926035795695,0.3254351161510265,0.4150534584682543,0.23581677383379868
98019,2024,Codogno,LO,Lombardia,15663.0,20.8697,2,25.0,33.0,0.0,58.0,33.0,0.5689655172413793,0.0,37.029943178190635,2.7791487179978627,750.5139029310435,0.4996504677183277,0.09789307896630334,0.2987717733423155,0.3791232510927204,0.21842029559191062
98031,2024,Lodi,LO,Lombardia,45357.0,41.4211,2,168.0,230.0,0.0,398.0,230.0,0.5778894472361809,0.0,87.7483078686862,9.608629418339927,1095.0216194161912,0.7344645942852364,0.11056014822953092,0.4225123712573836,0.5472932604685247,0.29773148204624256
98050,2024,Sant'Angelo Lodigiano,LO,Lombardia,13499.0,20.0412,2,10.0,15.0,0.0,25.0,15.0,0.6,0.0,18.519890362249054,1.247430293595194,673.5624613296609,0.34206341896695314,0.14194496450113975,0.24200419173404644,0.2820278826272091,0.20198050084088376
99001,2024,Bellaria-Igea Marina,RN,Emilia-Romagna,19480.0,18.2355,2,67.0,81.0,1.0,149.0,82.0,0.5503355704697986,0.006711409395973154,76.48870636550308,8.170875490115435,1068.2460036741522,0.6986953986844664,0.10528935303984582,0.4019923758621561,0.5206735849910802,0.283311166733232
99002,2024,Cattolica,RN,Emilia-Romagna,16601.0,6.2313,2,87.0,104.0,1.0,192.0,105.0,0.546875,0.005208333333333333,115.65568339256671,30.81219007269751,2664.1310801919344,0.8813897984005337,0.09281802186072849,0.4871039101306311,0.6448182654385921,0.32938955482267007
99003,2024,Coriano,RN,Emilia-Romagna,10453.0,46.7666,2,41.0,49.0,0.0,90.0,49.0,0.5444444444444444,0.0,86.09968430115757,1.9244503555956602,223.5142174115715,0.6115510056304903,0.0630866508893954,0.3373188282599428,0.44701169920816175,0.22762595731172386
99005,2024,Misano Adriatico,RN,Emilia-Romagna,14213.0,22.3449,2,77.0,94.0,2.0,173.0,96.0,0.5549132947976878,0.011560693641618497,121.7195525223387,7.742258859963571,636.0735559344638,0.7695587618563597,0.13609836228026534,0.45282856206831257,0.5795206419835314,0.32613648215309365
99013,2024,Riccione,RN,Emilia-Romagna,34340.0,17.5207,2,228.0,269.0,1.0,498.0,270.0,0.5421686746987951,0.002008032128514056,145.0203843913803,28.423521891248633,1959.9673529025665,0.9109089129852468,0.0700050452793755,0.4904569791323111,0.6586377526734853,0.3222762055911369
99014,2024,Rimini,RN,Emilia-Romagna,150333.0,135.8217,1,854.0,1026.0,4.0,1884.0,1030.0,0.5467091295116773,0.0021231422505307855,125.32178563588833,13.871126631458743,1106.840806734123,0.8237068264660626,0.07703115035022662,0.45036898840814465,0.5997041236313119,0.30103385318497744
99018,2024,Santarcangelo di Romagna,RN,Emilia-Romagna,22216.0,45.0584,2,88.0,106.0,1.0,195.0,107.0,0.5487179487179488,0.005128205128205128,87.77457688152683,4.327716918488007,493.0490208263054,0.6704567064307531,0.09503069908262175,0.3827437027566874,0.49782890422631365,0.26765850128706115
99020,2024,Verucchio,RN,Emilia-Romagna,10077.0,27.302,2,26.0,30.0,1.0,57.0,31.0,0.543859649122807,0.017543859649122806,56.564453706460256,2.08775913852465,369.09383927917366,0.5487631057465253,0.15024387112075713,0.3495034884336412,0.42920733535879485,0.26979964150848756
100002,2024,Carmignano,PO,Toscana,14540.0,38.4289,2,35.0,37.0,0.0,72.0,37.0,0.5138888888888888,0.0,49.518569463548836,1.8735899284132516,378.3610772101205,0.5206898519460114,0.019714578402936014,0.2702022151744737,0.37039726988308874,0.17000716046585862
100003,2024,Montemurlo,PO,Toscana,18992.0,30.6959,2,64.0,74.0,0.0,138.0,74.0,0.5362318840579711,0.0,72.66217354675652,4.4957144113708996,618.7145514547545,0.6427753314794934,0.051429334964181145,0.34710233322183726,0.46537153252489966,0.2288331339187748
100005,2024,Prato,PO,Toscana,197057.0,97.6019,1,833.0,962.0,8.0,1803.0,970.0,0.5379922351636162,0.004437049362174155,91.49636907087796,18.47300103788963,2018.9873352875302,0.7977279196824808,0.0763260766176909,0.43702699815008583,0.5813073667630438,0.2927466295371279
101008,2024,Cirò Marina,KR,Calabria,14182.0,41.7534,2,29.0,30.0,1.0,60.0,31.0,0.5166666666666667,0.016666666666666666,42.30714990833451,1.4370087226429464,339.6609617420378,0.480132994121906,0.10728159096983747,0.29370729254587175,0.36827757317628546,0.219137011915458
101010,2024,Crotone,KR,Calabria,58372.0,181.8574,2,199.0,286.0,5.0,490.0,291.0,0.5938775510204082,0.01020408163265306,83.94435688343727,2.6944188138618497,320.97676531172226,0.6291831391112432,0.18461675219467102,0.4068999456529571,0.49581322303627157,0.31798666826964267
101013,2024,Isola di Capo Rizzuto,KR,Calabria,18392.0,126.6561,2,19.0,44.0,1.0,64.0,45.0,0.703125,0.015625,34.797738147020446,0.5053053109956804,145.21211374738368,0.4041308254258717,0.3667636008853734,0.3854472131556226,0.39292065806372223,0.3779737682475229
102047,2024,Vibo Valentia,VV,Calabria,30906.0,46.5301,2,69.0,101.0,1.0,171.0,102.0,0.5964912280701754,0.005847953216374269,55.3290623179965,3.6750404576822318,664.2152069305675,0.5837868324768061,0.1664638972087185,0.37512536484276227,0.45858995189637974,0.29166077778914473
103028,2024,Domodossola,VB,Piemonte,17663.0,36.8912,2,37.0,45.0,0.0,82.0,45.0,0.5487804878048781,0.0,46.42472966087301,2.2227523094938633,478.78626881207447,0.5210026737647692,0.06924144609811703,0.2951220599314431,0.3854743054647735,0.20476981439811265
103050,2024,Omegna,VB,Piemonte,14185.0,30.3724,2,26.0,31.0,0.0,57.0,31.0,0.543859649122807,0.0,40.18329221008107,1.8767038495476156,467.03586150584084,0.487322785904186,0.06225656337769293,0.27478967464093945,0.3598029191462381,0.18977643013564083
103072,2024,Verbania,VB,Piemonte,29953.0,37.4932,2,125.0,150.0,0.0,275.0,150.0,0.5454545454545454,0.0,91.8105031215571,7.3346633522878815,798.891532331196,0.7193591624567997,0.06452043840960894,0.3919398004332043,0.5229075452426425,0.26097205562376613
108001,2024,Agrate Brianza,MB,Lombardia,15809.0,11.2176,2,66.0,88.0,2.0,156.0,90.0,0.5769230769230769,0.01282051282051282,98.67796824593586,13.906718014548568,1409.30323776922,0.7851245009063339,0.1736369831778414,0.47938074204208764,0.601678245587786,0.3570832384963891
108004,2024,Arcore,MB,Lombardia,17896.0,9.2455,1,56.0,64.0,0.0,120.0,64.0,0.5333333333333333,0.0,67.05409029950827,12.979287220810123,1935.6443675301498,0.7166335011534795,0.04731498816704659,0.38197424466026303,0.5158379472575495,0.24811054206297642
108007,2024,Bernareggio,MB,Lombardia,11568.0,5.9345,2,17.0,19.0,0.0,36.0,19.0,0.5277777777777778,0.0,31.12033195020747,6.0662229336928135,1949.279636026624,0.5301901876324516,0.03942915680587218,0.2848096722191619,0.3829618783844778,0.186657466053846
108008,2024,Besana in Brianza,MB,Lombardia,15482.0,15.7574,2,20.0,23.0,1.0,44.0,24.0,0.5454545454545454,0.022727272727272728,28.42010076217543,2.7923388376254965,982.5224973663168,0.4579251318647912,0.1782138224757815,0.31806947717028633,0.37401173904808827,0.2621272152924844
108009,2024,Biassono,MB,Lombardia,12389.0,4.8949,1,29.0,39.0,1.0,69.0,40.0,0.5797101449275363,0.014492753623188406,55.69456776172411,14.09630431673783,2531.0016547835503,0.6938673050132999,0.18593921260186083,0.43990325880758036,0.541488877289868,0.33831764032529255
108010,2024,Bovisio-Masciago,MB,Lombardia,16855.0,4.9447,1,33.0,42.0,0.0,75.0,42.0,0.56,0.0,44.497181845149804,15.16775537444132,3408.7002244827795,0.6642016801568329,0.08516697870068395,0.3746843294287584,0.49049126971998813,0.2588773891375286
108012,2024,Brugherio,MB,Lombardia,35367.0,10.4119,1,93.0,127.0,0.0,220.0,127.0,0.5772727272727273,0.0,62.20488025560551,21.129668936505347,3396.7863694426574,0.7472453389361111,0.10968474529633529,0.4284650421162232,0.5559771608441784,0.300952923388268
108015,2024,Carate Brianza,MB,Lombardia,17944.0,9.9166,1,61.0,73.0,1.0,135.0,74.0,0.5481481481481482,0.007407407407407408,75.23406152474365,13.613536897727043,1809.491156243067,0.739353618963964,0.10568088757097971,0.42251725326747186,0.5492517995460686,0.295782706988875
108019,2024,Cesano Maderno,MB,Lombardia,39763.0,11.4892,1,122.0,152.0,3.0,277.0,155.0,0.5595667870036101,0.010830324909747292,69.66275180444131,24.109598579535565,3460.9024127006232,0.7772655994251804,0.1390496302052035,0.4581576148151919,0.5858008086591873,0.33051442097119654
108021,2024,Concorezzo,MB,Lombardia,16067.0,8.5081,2,38.0,46.0,1.0,85.0,47.0,0.5529411764705883,0.011764705882352941,52.90346673305533,9.99047966055876,1888.435725955266,0.65607604052414,0.13431926803998603,0.39519765428206305,0.4995490087788938,0.29084629978523224
108023,2024,Desio,MB,Lombardia,41662.0,14.7673,1,145.0,179.0,0.0,324.0,179.0,0.5524691358024691,0.0,77.7687100955307,21.940368246057165,2821.2334008247954,0.7866517968497746,0.07447729618886965,0.43056454651932213,0.572999446651503,0.2881296463871411
108024,2024,Giussano,MB,Lombardia,26415.0,10.2807,1,113.0,144.0,1.0,258.0,145.0,0.562015503875969,0.003875968992248062,97.671777399205,25.09556742245178,2569.3775715661386,0.8355407127895069,0.10759906091566451,0.4715698868525857,0.6171582172273541,0.32598155647781724
108027,2024,Limbiate,MB,Lombardia,35484.0,12.2859,1,69.0,89.0,1.0,159.0,90.0,0.5660377358490566,0.006289308176100629,44.808927967534665,12.941664835299001,2888.1888994701244,0.6515428709801432,0.12545610745997168,0.38849948922005745,0.4937168419240917,0.28328213651602313
108028,2024,Lissone,MB,Lombardia,46821.0,9.2957,1,183.0,230.0,1.0,414.0,231.0,0.5579710144927537,0.0024154589371980675,88.42186198500673,44.53672127973149,5036.844992846155,0.8711968335783037,0.09449235241714518,0.4828445929977244,0.6381854892299561,0.32750369676549274
108030,2024,Meda,MB,Lombardia,23608.0,8.3083,1,77.0,98.0,1.0,176.0,99.0,0.5625,0.005681818181818182,74.55099966113183,21.183635641466967,2841.4958535440464,0.7766999381434938,0.11737937736427323,0.44703965775388355,0.5789037699097276,0.3151755455980394
108033,2024,Monza,MB,Lombardia,123032.0,33.0874,1,573.0,692.0,3.0,1268.0,695.0,0.5481072555205048,0.002365930599369085,103.06261785551726,38.32274521419029,3718.3943132431073,0.8823897470991802,0.08024126992783692,0.48131550851350857,0.6417452039477771,0.3208858130792399
108034,2024,Muggiò,MB,Lombardia,23487.0,5.4761,1,43.0,51.0,0.0,94.0,51.0,0.5425531914893617,0.0,40.0221399071827,17.165500995233835,4289.001296543161,0.6580765442827483,0.060402112553676446,0.3592393284182124,0.47877421476402676,0.239704442072398
108035,2024,Nova Milanese,MB,Lombardia,23142.0,5.8455,1,66.0,82.0,0.0,148.0,82.0,0.5540540540540541,0.0,63.952985913058505,25.31862116157728,3958.9427764947395,0.7678374681828604,0.07672700783845395,0.4222822380106572,0.5605043300795385,0.28406014594177587
108039,2024,Seregno,MB,Lombardia,44982.0,13.0462,1,174.0,208.0,2.0,384.0,210.0,0.546875,0.005208333333333333,85.36748032546352,29.433858134935843,3447.900538087719,0.8280263832914805,0.09281802186072849,0.4604222025761045,0.6074638748622548,0.31338053028995405
108040,2024,Seveso,MB,Lombardia,23902.0,7.4021,1,28.0,39.0,0.0,67.0,39.0,0.582089552238806,0.0,28.031127102334533,9.05148538928142,3229.083638426933,0.5463998470817159,0.11652198578451775,0.3314609164331168,0.4174364886925564,0.24548534417367718
108044,2024,Usmate Velate,MB,Lombardia,10695.0,9.7507,2,24.0,36.0,0.0,60.0,36.0,0.6,0.0,56.100981767180926,6.1534043709682384,1096.8443291250885,0.6255759129712899,0.14194496450113975,0.3837604387362148,0.4804866284302448,0.2870342490421848
108045,2024,Varedo,MB,Lombardia,13914.0,4.848,1,58.0,74.0,0.0,132.0,74.0,0.5606060606060606,0.0,94.86847779215178,27.22772277227723,2870.0495049504952,0.83812390665024,0.08602725121281192,0.46207557893152595,0.6124949100190116,0.31165624784404033
108049,2024,Villasanta,MB,Lombardia,14270.0,4.8648,1,41.0,48.0,0.0,89.0,48.0,0.5393258426966292,0.0,62.36860546601261,18.294688373622762,2933.3168886696267,0.7349191987073648,0.05582105345550441,0.39537012608143457,0.5311897551318067,0.2595504970310625
108050,2024,Vimercate,MB,Lombardia,26140.0,20.7175,2,106.0,136.0,0.0,242.0,136.0,0.5619834710743802,0.0,92.57842387146137,11.680946060094122,1261.735247978762,0.7597408448796577,0.08798241601310319,0.4238616304463804,0.5582133162196912,0.2895099446730695
108053,2024,Cornate d'Adda,MB,Lombardia,10976.0,13.8153,2,14.0,22.0,0.0,36.0,22.0,0.6111111111111112,0.0,32.798833819241985,2.6058066057197453,794.4814806772201,0.4759625907181888,0.15771662722348873,0.31683960897083874,0.3804888016697787,0.25319041627189875
108054,2024,Lentate sul Seveso,MB,Lombardia,15990.0,13.9779,1,53.0,80.0,0.0,133.0,80.0,0.6015037593984962,0.0,83.17698561601,9.515020138933602,1143.9486618161527,0.7249775470550761,0.14407947524551779,0.43452851115029695,0.5507081255122086,0.3183488967883853
109006,2024,Fermo,FM,Marche,35727.0,124.6982,2,141.0,197.0,3.0,341.0,200.0,0.5865102639296188,0.008797653958944282,95.44602121644695,2.7346024240927296,286.5077442978327,0.6509910525389043,0.16711090521387162,0.40905097887638797,0.5058270083413945,0.3122749494113814
109018,2024,Montegranaro,FM,Marche,12437.0,31.4182,2,18.0,20.0,1.0,39.0,21.0,0.5384615384615384,0.02564102564102564,31.358044544504303,1.2413187260887002,395.85335888115804,0.4246045504923657,0.18268061992197993,0.3036425852071728,0.35202737132124995,0.25525779909309565
109033,2024,Porto San Giorgio,FM,Marche,15547.0,8.8509,2,51.0,62.0,0.0,113.0,62.0,0.5486725663716814,0.0,72.68283270084261,12.767063236507022,1756.5445321944662,0.728228251043108,0.06908825705807684,0.3986582540505924,0.5304862528475985,0.26683025525358617
109034,2024,Porto Sant'Elpidio,FM,Marche,25760.0,18.1489,2,119.0,165.0,2.0,286.0,167.0,0.583916083916084,0.006993006993006993,111.0248447204969,15.7585308200497,1419.3697689667142,0.8151440052584821,0.15437014784917139,0.4847570765538267,0.6169118480356889,0.35260230507196455
109037,2024,Sant'Elpidio a Mare,FM,Marche,16398.0,50.5171,2,48.0,61.0,4.0,113.0,65.0,0.5752212389380531,0.035398230088495575,68.91084278570558,2.236866328431363,324.60295622670344,0.5849800675925945,0.28276068528681947,0.43387037643970694,0.49431425290086195,0.37342649997855193
110001,2024,Andria,BT,Puglia,96750.0,402.8825,1,216.0,353.0,3.0,572.0,356.0,0.6223776223776224,0.005244755244755245,59.12144702842377,1.4197687911487842,240.14445899238612,0.5332104838132836,0.20017349798367445,0.36669199089847904,0.4332993880644008,0.3000845937325572
110002,2024,Barletta,BT,Puglia,92191.0,149.4477,1,302.0,528.0,2.0,832.0,530.0,0.6370192307692307,0.002403846153846154,90.24742111485938,5.567164968079134,616.8780115050282,0.694410060767217,0.20663870545027418,0.4505243831087456,0.5480786541721341,0.352970112045357
110003,2024,Bisceglie,BT,Puglia,53404.0,69.2714,1,177.0,276.0,1.0,454.0,277.0,0.6101321585903083,0.0022026431718061676,85.01235862482211,6.553931348290925,770.9386557800188,0.6977508568221465,0.16745828491314765,0.4326045708676471,0.5386630852494468,0.32654605648584734
110004,2024,Canosa di Puglia,BT,Puglia,27507.0,150.9318,2,44.0,68.0,5.0,117.0,73.0,0.6239316239316239,0.042735042735042736,42.53462754935107,0.7751845535533267,182.24787619308853,0.4515211340622579,0.38762519928790073,0.4195731666750793,0.4323523536299507,0.40679397972020787
110005,2024,Margherita di Savoia,BT,Puglia,11085.0,35.8948,2,25.0,45.0,1.0,71.0,46.0,0.647887323943662,0.014084507042253521,64.05051871898962,1.9780023847465373,308.81910471711785,0.5654242663275998,0.28067700310824745,0.4230506347179236,0.48000008736179406,0.3661011820740532
110007,2024,San Ferdinando di Puglia,BT,Puglia,13898.0,41.2303,2,24.0,32.0,0.0,56.0,32.0,0.5714285714285714,0.0,40.29356741977263,1.3582244126285765,337.08219440557065,0.4692774746262712,0.10138926035795695,0.2853333674921141,0.3589110103457769,0.21175572463845121
110009,2024,Trani,BT,Puglia,54803.0,103.5067,1,165.0,256.0,2.0,423.0,258.0,0.6099290780141844,0.004728132387706856,77.18555553528091,4.0866919725969435,529.4633101045633,0.6453446355451469,0.17990271555283896,0.41262367554899293,0.5057120595474545,0.31953529155053134
110010,2024,Trinitapoli,BT,Puglia,13684.0,148.7656,2,46.0,89.0,4.0,139.0,93.0,0.6690647482014388,0.02877697841726619,101.57848582285881,0.9343557919303924,91.9836306242841,0.5999045100114869,0.38351030137921116,0.49170740569534904,0.5349862474218042,0.44842856396889386
111009,2024,Carbonia,SU,Sardegna,25623.0,145.541,2,64.0,114.0,4.0,182.0,118.0,0.6483516483516484,0.02197802197802198,71.02993404363266,1.2505067300623192,176.0534832109165,0.5560691052315289,0.320563388731807,0.43831624698166793,0.48541739028161224,0.3912151036817235
111034,2024,Guspini,SU,Sardegna,10709.0,174.6685,2,17.0,25.0,2.0,44.0,27.0,0.6136363636363636,0.045454545454545456,41.08693622186945,0.2519057528976318,61.310425176834976,0.41350054936334885,0.3861889050169847,0.3998447271901668,0.4053070560594396,0.39438239832089395
111035,2024,Iglesias,SU,Sardegna,24653.0,208.2296,2,51.0,71.0,4.0,126.0,75.0,0.5952380952380952,0.031746031746031744,51.10939845049284,0.6051012920353303,118.39335041703966,0.47160517492003945,0.29329675701548213,0.3824509659677608,0.4181126495486722,0.3467892823868493
111071,2024,Sant'Antioco,SU,Sardegna,10490.0,88.0162,2,12.0,21.0,2.0,35.0,23.0,0.6571428571428571,0.05714285714285714,33.365109628217354,0.39765406822834887,119.18260502043942,0.3905393520422198,0.5041921781980668,0.4473657651201433,0.42463519988897386,0.4700963303513127
111096,2024,Villacidro,SU,Sardegna,12997.0,183.4761,2,13.0,22.0,0.0,35.0,22.0,0.6285714285714286,0.0,26.929291374932678,0.19076054047366386,70.83756412960598,0.34167112358845675,0.18250066864432254,0.26208589611638966,0.29391998710521644,0.2302518051275628
